solid OpenSCAD_Model
  facet normal 0 0 -1
    outer loop
      vertex 42 -47 0
      vertex 45 -44 0
      vertex 44.9855 -44.2941 0
    endloop
  endfacet
  facet normal 0 0 -1
    outer loop
      vertex 45 -44 0
      vertex 2.35698 -42.5904 0
      vertex 45 44 0
    endloop
  endfacet
  facet normal 0 0 -1
    outer loop
      vertex 42 -47 0
      vertex 44.9855 -44.2941 0
      vertex 44.9424 -44.5853 0
    endloop
  endfacet
  facet normal 0 0 -1
    outer loop
      vertex 1.91342 -42.3806 0
      vertex 45 44 0
      vertex 2.35698 -42.5904 0
    endloop
  endfacet
  facet normal 0 0 -1
    outer loop
      vertex 42 -47 0
      vertex 44.9424 -44.5853 0
      vertex 44.8708 -44.8708 0
    endloop
  endfacet
  facet normal 0 0 -1
    outer loop
      vertex 1.45142 -42.2153 0
      vertex 45 44 0
      vertex 1.91342 -42.3806 0
    endloop
  endfacet
  facet normal 0 0 -1
    outer loop
      vertex 42 -47 0
      vertex 44.8708 -44.8708 0
      vertex 44.7716 -45.1481 0
    endloop
  endfacet
  facet normal 0 0 -1
    outer loop
      vertex 0.975451 -42.0961 0
      vertex 45 44 0
      vertex 1.45142 -42.2153 0
    endloop
  endfacet
  facet normal 0 0 -1
    outer loop
      vertex 42 -47 0
      vertex 44.7716 -45.1481 0
      vertex 44.6458 -45.4142 0
    endloop
  endfacet
  facet normal 0 0 -1
    outer loop
      vertex 0.490086 -42.0241 0
      vertex 45 44 0
      vertex 0.975451 -42.0961 0
    endloop
  endfacet
  facet normal 0 0 -1
    outer loop
      vertex 42 -47 0
      vertex 44.6458 -45.4142 0
      vertex 44.4944 -45.6667 0
    endloop
  endfacet
  facet normal 0 0 -1
    outer loop
      vertex 45 44 0
      vertex 42 47 0
      vertex 44.9855 44.2941 0
    endloop
  endfacet
  facet normal 0 0 -1
    outer loop
      vertex 42 -47 0
      vertex 44.4944 -45.6667 0
      vertex 44.319 -45.9032 0
    endloop
  endfacet
  facet normal 0 0 -1
    outer loop
      vertex 44.9424 44.5853 0
      vertex 42 47 0
      vertex 44.8708 44.8708 0
    endloop
  endfacet
  facet normal 0 0 -1
    outer loop
      vertex 42 -47 0
      vertex 44.319 -45.9032 0
      vertex 44.1213 -46.1213 0
    endloop
  endfacet
  facet normal 0 0 -1
    outer loop
      vertex 44.7716 45.1481 0
      vertex 42 47 0
      vertex 44.6458 45.4142 0
    endloop
  endfacet
  facet normal 0 0 -1
    outer loop
      vertex 42 -47 0
      vertex 44.1213 -46.1213 0
      vertex 43.9032 -46.319 0
    endloop
  endfacet
  facet normal 0 0 -1
    outer loop
      vertex 44.6458 45.4142 0
      vertex 42 47 0
      vertex 44.4944 45.6667 0
    endloop
  endfacet
  facet normal 0 0 -1
    outer loop
      vertex 42 -47 0
      vertex 43.9032 -46.319 0
      vertex 43.6667 -46.4944 0
    endloop
  endfacet
  facet normal 0 0 -1
    outer loop
      vertex 3.86505 -43.828 0
      vertex 45 -44 0
      vertex 42 -47 0
    endloop
  endfacet
  facet normal 0 0 -1
    outer loop
      vertex 42 -47 0
      vertex 43.6667 -46.4944 0
      vertex 43.4142 -46.6458 0
    endloop
  endfacet
  facet normal 0 0 -1
    outer loop
      vertex 44.319 45.9032 0
      vertex 42 47 0
      vertex 44.1213 46.1213 0
    endloop
  endfacet
  facet normal 0 0 -1
    outer loop
      vertex 42 -47 0
      vertex 43.4142 -46.6458 0
      vertex 43.1481 -46.7716 0
    endloop
  endfacet
  facet normal 0 0 -1
    outer loop
      vertex 43.9032 46.319 0
      vertex 42 47 0
      vertex 43.6667 46.4944 0
    endloop
  endfacet
  facet normal 0 0 -1
    outer loop
      vertex 42 -47 0
      vertex 43.1481 -46.7716 0
      vertex 42.8708 -46.8708 0
    endloop
  endfacet
  facet normal 0 0 -1
    outer loop
      vertex 43.6667 46.4944 0
      vertex 42 47 0
      vertex 43.4142 46.6458 0
    endloop
  endfacet
  facet normal 0 0 -1
    outer loop
      vertex 42 -47 0
      vertex 42.8708 -46.8708 0
      vertex 42.5853 -46.9424 0
    endloop
  endfacet
  facet normal 0 0 -1
    outer loop
      vertex 43.4142 46.6458 0
      vertex 42 47 0
      vertex 43.1481 46.7716 0
    endloop
  endfacet
  facet normal 0 0 -1
    outer loop
      vertex 42 -47 0
      vertex 42.5853 -46.9424 0
      vertex 42.2941 -46.9855 0
    endloop
  endfacet
  facet normal 0 0 -1
    outer loop
      vertex 43.1481 46.7716 0
      vertex 42 47 0
      vertex 42.8708 46.8708 0
    endloop
  endfacet
  facet normal 0 0 -1
    outer loop
      vertex 42.8708 46.8708 0
      vertex 42 47 0
      vertex 42.5853 46.9424 0
    endloop
  endfacet
  facet normal 0 0 -1
    outer loop
      vertex 42.5853 46.9424 0
      vertex 42 47 0
      vertex 42.2941 46.9855 0
    endloop
  endfacet
  facet normal 0 0 -1
    outer loop
      vertex 4.97592 -46.5099 0
      vertex 42 -47 0
      vertex 5 -47 0
    endloop
  endfacet
  facet normal 0 0 -1
    outer loop
      vertex 4.90393 -46.0245 0
      vertex 42 -47 0
      vertex 4.97592 -46.5099 0
    endloop
  endfacet
  facet normal 0 0 -1
    outer loop
      vertex 4.7847 -45.5486 0
      vertex 42 -47 0
      vertex 4.90393 -46.0245 0
    endloop
  endfacet
  facet normal 0 0 -1
    outer loop
      vertex 4.6194 -45.0866 0
      vertex 42 -47 0
      vertex 4.7847 -45.5486 0
    endloop
  endfacet
  facet normal 0 0 -1
    outer loop
      vertex 4.40961 -44.643 0
      vertex 42 -47 0
      vertex 4.6194 -45.0866 0
    endloop
  endfacet
  facet normal 0 0 -1
    outer loop
      vertex 4.15735 -44.2221 0
      vertex 42 -47 0
      vertex 4.40961 -44.643 0
    endloop
  endfacet
  facet normal 0 0 -1
    outer loop
      vertex 3.86505 -43.828 0
      vertex 42 -47 0
      vertex 4.15735 -44.2221 0
    endloop
  endfacet
  facet normal 0 0 -1
    outer loop
      vertex 45 -44 0
      vertex 3.86505 -43.828 0
      vertex 3.53553 -43.4645 0
    endloop
  endfacet
  facet normal 0 0 -1
    outer loop
      vertex 45 -44 0
      vertex 3.53553 -43.4645 0
      vertex 3.17197 -43.1349 0
    endloop
  endfacet
  facet normal 0 0 -1
    outer loop
      vertex 45 -44 0
      vertex 3.17197 -43.1349 0
      vertex 2.77785 -42.8427 0
    endloop
  endfacet
  facet normal 0 0 -1
    outer loop
      vertex 45 -44 0
      vertex 2.77785 -42.8427 0
      vertex 2.35698 -42.5904 0
    endloop
  endfacet
  facet normal 0 0 -1
    outer loop
      vertex 44.1213 46.1213 0
      vertex 42 47 0
      vertex 43.9032 46.319 0
    endloop
  endfacet
  facet normal 0 0 -1
    outer loop
      vertex 44.4944 45.6667 0
      vertex 42 47 0
      vertex 44.319 45.9032 0
    endloop
  endfacet
  facet normal 0 0 -1
    outer loop
      vertex 44.8708 44.8708 0
      vertex 42 47 0
      vertex 44.7716 45.1481 0
    endloop
  endfacet
  facet normal 0 0 -1
    outer loop
      vertex 44.9855 44.2941 0
      vertex 42 47 0
      vertex 44.9424 44.5853 0
    endloop
  endfacet
  facet normal -0 0 -1
    outer loop
      vertex 45 44 0
      vertex 0.490086 -42.0241 0
      vertex 42 47 0
    endloop
  endfacet
  facet normal 0 0 -1
    outer loop
      vertex -31 47 0
      vertex 0.490086 -42.0241 0
      vertex 0 -42 0
    endloop
  endfacet
  facet normal 0 0 -1
    outer loop
      vertex -31 47 0
      vertex 0 -42 0
      vertex -0.490086 -42.0241 0
    endloop
  endfacet
  facet normal 0 0 -1
    outer loop
      vertex -45 33 0
      vertex -0.490086 -42.0241 0
      vertex -0.975451 -42.0961 0
    endloop
  endfacet
  facet normal 0 0 -1
    outer loop
      vertex -45 33 0
      vertex -0.975451 -42.0961 0
      vertex -1.45142 -42.2153 0
    endloop
  endfacet
  facet normal 0 0 -1
    outer loop
      vertex -45 33 0
      vertex -1.45142 -42.2153 0
      vertex -1.91342 -42.3806 0
    endloop
  endfacet
  facet normal 0 0 -1
    outer loop
      vertex -45 33 0
      vertex -1.91342 -42.3806 0
      vertex -2.35698 -42.5904 0
    endloop
  endfacet
  facet normal 0 0 -1
    outer loop
      vertex -45 33 0
      vertex -2.35698 -42.5904 0
      vertex -2.77785 -42.8427 0
    endloop
  endfacet
  facet normal 0 0 -1
    outer loop
      vertex -45 -44 0
      vertex -2.77785 -42.8427 0
      vertex -3.17197 -43.1349 0
    endloop
  endfacet
  facet normal 0 0 -1
    outer loop
      vertex -45 -44 0
      vertex -3.17197 -43.1349 0
      vertex -3.53553 -43.4645 0
    endloop
  endfacet
  facet normal 0 0 -1
    outer loop
      vertex -45 -44 0
      vertex -3.53553 -43.4645 0
      vertex -3.86505 -43.828 0
    endloop
  endfacet
  facet normal 0 0 -1
    outer loop
      vertex -42 -47 0
      vertex -3.86505 -43.828 0
      vertex -4.15735 -44.2221 0
    endloop
  endfacet
  facet normal 0 0 -1
    outer loop
      vertex -42 -47 0
      vertex -4.15735 -44.2221 0
      vertex -4.40961 -44.643 0
    endloop
  endfacet
  facet normal 0 0 -1
    outer loop
      vertex 0.490086 -42.0241 0
      vertex -31 47 0
      vertex 42 47 0
    endloop
  endfacet
  facet normal 0 0 -1
    outer loop
      vertex -42 -47 0
      vertex -4.40961 -44.643 0
      vertex -4.6194 -45.0866 0
    endloop
  endfacet
  facet normal 0 0 -1
    outer loop
      vertex -42 -47 0
      vertex -4.6194 -45.0866 0
      vertex -4.7847 -45.5486 0
    endloop
  endfacet
  facet normal 0 0 -1
    outer loop
      vertex -42 -47 0
      vertex -4.7847 -45.5486 0
      vertex -4.90393 -46.0245 0
    endloop
  endfacet
  facet normal 0 0 -1
    outer loop
      vertex -42 -47 0
      vertex -4.90393 -46.0245 0
      vertex -4.97592 -46.5099 0
    endloop
  endfacet
  facet normal 0 0 -1
    outer loop
      vertex -42 -47 0
      vertex -4.97592 -46.5099 0
      vertex -5 -47 0
    endloop
  endfacet
  facet normal 0 0 -1
    outer loop
      vertex -3.86505 -43.828 0
      vertex -42 -47 0
      vertex -45 -44 0
    endloop
  endfacet
  facet normal 0 0 -1
    outer loop
      vertex -45 -44 0
      vertex -42 -47 0
      vertex -42.2941 -46.9855 0
    endloop
  endfacet
  facet normal 0 0 -1
    outer loop
      vertex -45 -44 0
      vertex -42.2941 -46.9855 0
      vertex -42.5853 -46.9424 0
    endloop
  endfacet
  facet normal 0 0 -1
    outer loop
      vertex -45 -44 0
      vertex -42.5853 -46.9424 0
      vertex -42.8708 -46.8708 0
    endloop
  endfacet
  facet normal 0 0 -1
    outer loop
      vertex -45 -44 0
      vertex -42.8708 -46.8708 0
      vertex -43.1481 -46.7716 0
    endloop
  endfacet
  facet normal 0 0 -1
    outer loop
      vertex -45 -44 0
      vertex -43.1481 -46.7716 0
      vertex -43.4142 -46.6458 0
    endloop
  endfacet
  facet normal 0 0 -1
    outer loop
      vertex -45 -44 0
      vertex -43.4142 -46.6458 0
      vertex -43.6667 -46.4944 0
    endloop
  endfacet
  facet normal 0 0 -1
    outer loop
      vertex -45 -44 0
      vertex -43.6667 -46.4944 0
      vertex -43.9032 -46.319 0
    endloop
  endfacet
  facet normal 0 0 -1
    outer loop
      vertex -45 -44 0
      vertex -43.9032 -46.319 0
      vertex -44.1213 -46.1213 0
    endloop
  endfacet
  facet normal 0 0 -1
    outer loop
      vertex -45 -44 0
      vertex -44.1213 -46.1213 0
      vertex -44.319 -45.9032 0
    endloop
  endfacet
  facet normal 0 0 -1
    outer loop
      vertex -45 -44 0
      vertex -44.319 -45.9032 0
      vertex -44.4944 -45.6667 0
    endloop
  endfacet
  facet normal 0 0 -1
    outer loop
      vertex -45 -44 0
      vertex -44.4944 -45.6667 0
      vertex -44.6458 -45.4142 0
    endloop
  endfacet
  facet normal 0 0 -1
    outer loop
      vertex -45 -44 0
      vertex -44.6458 -45.4142 0
      vertex -44.7716 -45.1481 0
    endloop
  endfacet
  facet normal 0 0 -1
    outer loop
      vertex -45 -44 0
      vertex -44.7716 -45.1481 0
      vertex -44.8708 -44.8708 0
    endloop
  endfacet
  facet normal 0 0 -1
    outer loop
      vertex -45 -44 0
      vertex -44.8708 -44.8708 0
      vertex -44.9424 -44.5853 0
    endloop
  endfacet
  facet normal 0 0 -1
    outer loop
      vertex -45 -44 0
      vertex -44.9424 -44.5853 0
      vertex -44.9855 -44.2941 0
    endloop
  endfacet
  facet normal -0 0 -1
    outer loop
      vertex -2.77785 -42.8427 0
      vertex -45 -44 0
      vertex -45 33 0
    endloop
  endfacet
  facet normal 0 0 -1
    outer loop
      vertex -0.490086 -42.0241 0
      vertex -45 33 0
      vertex -31 47 0
    endloop
  endfacet
  facet normal -0 0 1
    outer loop
      vertex 43.3913 44.1369 5.5
      vertex 45 44 5.5
      vertex 44.9855 44.2941 5.5
    endloop
  endfacet
  facet normal 0 0 1
    outer loop
      vertex 45 44 5.5
      vertex 43.4 43.9609 5.5
      vertex 45 -44 5.5
    endloop
  endfacet
  facet normal 0 0 1
    outer loop
      vertex 43.3913 44.1369 5.5
      vertex 44.9855 44.2941 5.5
      vertex 44.9424 44.5853 5.5
    endloop
  endfacet
  facet normal -0 0 1
    outer loop
      vertex 43.4 -43.9609 5.5
      vertex 45 -44 5.5
      vertex 43.4 43.9609 5.5
    endloop
  endfacet
  facet normal 0 0 1
    outer loop
      vertex 43.3712 44.2728 5.5
      vertex 44.9424 44.5853 5.5
      vertex 44.8708 44.8708 5.5
    endloop
  endfacet
  facet normal 0 0 1
    outer loop
      vertex 43.3913 -44.1369 5.5
      vertex 45 -44 5.5
      vertex 43.4 -43.9609 5.5
    endloop
  endfacet
  facet normal 0 0 1
    outer loop
      vertex 43.3379 44.4059 5.5
      vertex 44.8708 44.8708 5.5
      vertex 44.7716 45.1481 5.5
    endloop
  endfacet
  facet normal 0 0 1
    outer loop
      vertex 45 -44 5.5
      vertex 43.3913 -44.1369 5.5
      vertex 44.9855 -44.2941 5.5
    endloop
  endfacet
  facet normal 0 0 1
    outer loop
      vertex 43.2917 44.535 5.5
      vertex 44.7716 45.1481 5.5
      vertex 44.6458 45.4142 5.5
    endloop
  endfacet
  facet normal 0 0 1
    outer loop
      vertex 44.9855 -44.2941 5.5
      vertex 43.3913 -44.1369 5.5
      vertex 44.9424 -44.5853 5.5
    endloop
  endfacet
  facet normal 0 0 1
    outer loop
      vertex 43.233 44.659 5.5
      vertex 44.6458 45.4142 5.5
      vertex 44.4944 45.6667 5.5
    endloop
  endfacet
  facet normal -0 0 1
    outer loop
      vertex 43.3712 -44.2728 5.5
      vertex 44.9424 -44.5853 5.5
      vertex 43.3913 -44.1369 5.5
    endloop
  endfacet
  facet normal 0 0 1
    outer loop
      vertex 43.1625 44.7767 5.5
      vertex 44.4944 45.6667 5.5
      vertex 44.319 45.9032 5.5
    endloop
  endfacet
  facet normal 0 0 1
    outer loop
      vertex 44.9424 -44.5853 5.5
      vertex 43.3712 -44.2728 5.5
      vertex 44.8708 -44.8708 5.5
    endloop
  endfacet
  facet normal 0 0 1
    outer loop
      vertex 43.0807 44.8869 5.5
      vertex 44.319 45.9032 5.5
      vertex 44.1213 46.1213 5.5
    endloop
  endfacet
  facet normal -0 0 1
    outer loop
      vertex 43.3379 -44.4059 5.5
      vertex 44.8708 -44.8708 5.5
      vertex 43.3712 -44.2728 5.5
    endloop
  endfacet
  facet normal 0 0 1
    outer loop
      vertex 42.9886 44.9886 5.5
      vertex 44.1213 46.1213 5.5
      vertex 43.9032 46.319 5.5
    endloop
  endfacet
  facet normal 0 0 1
    outer loop
      vertex 44.8708 -44.8708 5.5
      vertex 43.3379 -44.4059 5.5
      vertex 44.7716 -45.1481 5.5
    endloop
  endfacet
  facet normal 0 0 1
    outer loop
      vertex 42.8869 45.0807 5.5
      vertex 43.9032 46.319 5.5
      vertex 43.6667 46.4944 5.5
    endloop
  endfacet
  facet normal -0 0 1
    outer loop
      vertex 43.2917 -44.535 5.5
      vertex 44.7716 -45.1481 5.5
      vertex 43.3379 -44.4059 5.5
    endloop
  endfacet
  facet normal 0 0 1
    outer loop
      vertex 42.7767 45.1625 5.5
      vertex 43.6667 46.4944 5.5
      vertex 43.4142 46.6458 5.5
    endloop
  endfacet
  facet normal 0 0 1
    outer loop
      vertex 44.7716 -45.1481 5.5
      vertex 43.2917 -44.535 5.5
      vertex 44.6458 -45.4142 5.5
    endloop
  endfacet
  facet normal -0 0 1
    outer loop
      vertex 43.233 -44.659 5.5
      vertex 44.6458 -45.4142 5.5
      vertex 43.2917 -44.535 5.5
    endloop
  endfacet
  facet normal 0 0 1
    outer loop
      vertex 45 44 5.5
      vertex 43.3913 44.1369 5.5
      vertex 43.4 43.9609 5.5
    endloop
  endfacet
  facet normal 0 0 1
    outer loop
      vertex 44.9424 44.5853 5.5
      vertex 43.3712 44.2728 5.5
      vertex 43.3913 44.1369 5.5
    endloop
  endfacet
  facet normal 0 0 1
    outer loop
      vertex 44.8708 44.8708 5.5
      vertex 43.3379 44.4059 5.5
      vertex 43.3712 44.2728 5.5
    endloop
  endfacet
  facet normal 0 0 1
    outer loop
      vertex 44.7716 45.1481 5.5
      vertex 43.2917 44.535 5.5
      vertex 43.3379 44.4059 5.5
    endloop
  endfacet
  facet normal 0 0 1
    outer loop
      vertex 44.6458 45.4142 5.5
      vertex 43.233 44.659 5.5
      vertex 43.2917 44.535 5.5
    endloop
  endfacet
  facet normal 0 0 1
    outer loop
      vertex 44.4944 45.6667 5.5
      vertex 43.1625 44.7767 5.5
      vertex 43.233 44.659 5.5
    endloop
  endfacet
  facet normal 0 0 1
    outer loop
      vertex 42.659 45.233 5.5
      vertex 43.4142 46.6458 5.5
      vertex 43.1481 46.7716 5.5
    endloop
  endfacet
  facet normal 0 0 1
    outer loop
      vertex 44.319 45.9032 5.5
      vertex 43.0807 44.8869 5.5
      vertex 43.1625 44.7767 5.5
    endloop
  endfacet
  facet normal 0 0 1
    outer loop
      vertex 44.1213 46.1213 5.5
      vertex 42.9886 44.9886 5.5
      vertex 43.0807 44.8869 5.5
    endloop
  endfacet
  facet normal 0 0 1
    outer loop
      vertex 43.9032 46.319 5.5
      vertex 42.8869 45.0807 5.5
      vertex 42.9886 44.9886 5.5
    endloop
  endfacet
  facet normal 0 0 1
    outer loop
      vertex 42.535 45.2917 5.5
      vertex 43.1481 46.7716 5.5
      vertex 42.8708 46.8708 5.5
    endloop
  endfacet
  facet normal 0 0 1
    outer loop
      vertex 43.6667 46.4944 5.5
      vertex 42.7767 45.1625 5.5
      vertex 42.8869 45.0807 5.5
    endloop
  endfacet
  facet normal 0 0 1
    outer loop
      vertex 43.4142 46.6458 5.5
      vertex 42.659 45.233 5.5
      vertex 42.7767 45.1625 5.5
    endloop
  endfacet
  facet normal 0 0 1
    outer loop
      vertex 42.4059 45.3379 5.5
      vertex 42.8708 46.8708 5.5
      vertex 42.5853 46.9424 5.5
    endloop
  endfacet
  facet normal 0 0 1
    outer loop
      vertex 43.1481 46.7716 5.5
      vertex 42.535 45.2917 5.5
      vertex 42.659 45.233 5.5
    endloop
  endfacet
  facet normal 0 0 1
    outer loop
      vertex 42.8708 46.8708 5.5
      vertex 42.4059 45.3379 5.5
      vertex 42.535 45.2917 5.5
    endloop
  endfacet
  facet normal 0 0 1
    outer loop
      vertex 42.2728 45.3712 5.5
      vertex 42.5853 46.9424 5.5
      vertex 42.2941 46.9855 5.5
    endloop
  endfacet
  facet normal 0 0 1
    outer loop
      vertex 42.5853 46.9424 5.5
      vertex 42.2728 45.3712 5.5
      vertex 42.4059 45.3379 5.5
    endloop
  endfacet
  facet normal 0 0 1
    outer loop
      vertex 42.2941 46.9855 5.5
      vertex 42.1369 45.3913 5.5
      vertex 42.2728 45.3712 5.5
    endloop
  endfacet
  facet normal 0 0 1
    outer loop
      vertex 42 47 5.5
      vertex 42.1369 45.3913 5.5
      vertex 42.2941 46.9855 5.5
    endloop
  endfacet
  facet normal 0 0 1
    outer loop
      vertex 42 47 5.5
      vertex 41.9609 45.4 5.5
      vertex 42.1369 45.3913 5.5
    endloop
  endfacet
  facet normal 0 0 1
    outer loop
      vertex 42 47 5.5
      vertex -30.3372 45.4 5.5
      vertex 41.9609 45.4 5.5
    endloop
  endfacet
  facet normal -0 0 1
    outer loop
      vertex -31 47 5.5
      vertex -30.3372 45.4 5.5
      vertex 42 47 5.5
    endloop
  endfacet
  facet normal 0 0 1
    outer loop
      vertex -31 47 5.5
      vertex -43.4 32.3372 5.5
      vertex -30.3372 45.4 5.5
    endloop
  endfacet
  facet normal 0 0 1
    outer loop
      vertex -45 -44 5.5
      vertex -43.4 -43.9609 5.5
      vertex -43.4 32.3372 5.5
    endloop
  endfacet
  facet normal 0 -0 1
    outer loop
      vertex -44.9855 -44.2941 5.5
      vertex -43.4 -43.9609 5.5
      vertex -45 -44 5.5
    endloop
  endfacet
  facet normal 0 0 1
    outer loop
      vertex -43.4 -43.9609 5.5
      vertex -43.6667 -46.4944 5.5
      vertex -43.4142 -46.6458 5.5
    endloop
  endfacet
  facet normal 0 0 1
    outer loop
      vertex -43.4 -43.9609 5.5
      vertex -43.9032 -46.319 5.5
      vertex -43.6667 -46.4944 5.5
    endloop
  endfacet
  facet normal 0 0 1
    outer loop
      vertex -43.4 -43.9609 5.5
      vertex -44.1213 -46.1213 5.5
      vertex -43.9032 -46.319 5.5
    endloop
  endfacet
  facet normal 0 0 1
    outer loop
      vertex -43.4 -43.9609 5.5
      vertex -44.319 -45.9032 5.5
      vertex -44.1213 -46.1213 5.5
    endloop
  endfacet
  facet normal 0 0 1
    outer loop
      vertex -43.4 -43.9609 5.5
      vertex -44.4944 -45.6667 5.5
      vertex -44.319 -45.9032 5.5
    endloop
  endfacet
  facet normal 0 0 1
    outer loop
      vertex -43.4 -43.9609 5.5
      vertex -44.6458 -45.4142 5.5
      vertex -44.4944 -45.6667 5.5
    endloop
  endfacet
  facet normal 0 0 1
    outer loop
      vertex -43.4 -43.9609 5.5
      vertex -44.7716 -45.1481 5.5
      vertex -44.6458 -45.4142 5.5
    endloop
  endfacet
  facet normal 0 0 1
    outer loop
      vertex -43.4 -43.9609 5.5
      vertex -44.8708 -44.8708 5.5
      vertex -44.7716 -45.1481 5.5
    endloop
  endfacet
  facet normal 0 0 1
    outer loop
      vertex -43.4 -43.9609 5.5
      vertex -44.9424 -44.5853 5.5
      vertex -44.8708 -44.8708 5.5
    endloop
  endfacet
  facet normal -0 0 1
    outer loop
      vertex -45 33 5.5
      vertex -43.4 32.3372 5.5
      vertex -31 47 5.5
    endloop
  endfacet
  facet normal 0 0 1
    outer loop
      vertex -45 -44 5.5
      vertex -43.4 32.3372 5.5
      vertex -45 33 5.5
    endloop
  endfacet
  facet normal 0 0 1
    outer loop
      vertex -43.4 -43.9609 5.5
      vertex -44.9855 -44.2941 5.5
      vertex -44.9424 -44.5853 5.5
    endloop
  endfacet
  facet normal 0 0 1
    outer loop
      vertex 44.6458 -45.4142 5.5
      vertex 43.233 -44.659 5.5
      vertex 44.4944 -45.6667 5.5
    endloop
  endfacet
  facet normal -0 0 1
    outer loop
      vertex 43.1625 -44.7767 5.5
      vertex 44.4944 -45.6667 5.5
      vertex 43.233 -44.659 5.5
    endloop
  endfacet
  facet normal 0 0 1
    outer loop
      vertex 44.4944 -45.6667 5.5
      vertex 43.1625 -44.7767 5.5
      vertex 44.319 -45.9032 5.5
    endloop
  endfacet
  facet normal -0 0 1
    outer loop
      vertex 43.0807 -44.8869 5.5
      vertex 44.319 -45.9032 5.5
      vertex 43.1625 -44.7767 5.5
    endloop
  endfacet
  facet normal 0 0 1
    outer loop
      vertex 44.319 -45.9032 5.5
      vertex 43.0807 -44.8869 5.5
      vertex 44.1213 -46.1213 5.5
    endloop
  endfacet
  facet normal -0 0 1
    outer loop
      vertex 42.9886 -44.9886 5.5
      vertex 44.1213 -46.1213 5.5
      vertex 43.0807 -44.8869 5.5
    endloop
  endfacet
  facet normal 0 0 1
    outer loop
      vertex 44.1213 -46.1213 5.5
      vertex 42.9886 -44.9886 5.5
      vertex 43.9032 -46.319 5.5
    endloop
  endfacet
  facet normal -0 0 1
    outer loop
      vertex 42.8869 -45.0807 5.5
      vertex 43.9032 -46.319 5.5
      vertex 42.9886 -44.9886 5.5
    endloop
  endfacet
  facet normal 0 0 1
    outer loop
      vertex 43.9032 -46.319 5.5
      vertex 42.8869 -45.0807 5.5
      vertex 43.6667 -46.4944 5.5
    endloop
  endfacet
  facet normal -0 0 1
    outer loop
      vertex 42.7767 -45.1625 5.5
      vertex 43.6667 -46.4944 5.5
      vertex 42.8869 -45.0807 5.5
    endloop
  endfacet
  facet normal 0 0 1
    outer loop
      vertex 43.6667 -46.4944 5.5
      vertex 42.7767 -45.1625 5.5
      vertex 43.4142 -46.6458 5.5
    endloop
  endfacet
  facet normal -0 0 1
    outer loop
      vertex 42.659 -45.233 5.5
      vertex 43.4142 -46.6458 5.5
      vertex 42.7767 -45.1625 5.5
    endloop
  endfacet
  facet normal 0 0 1
    outer loop
      vertex 43.4142 -46.6458 5.5
      vertex 42.659 -45.233 5.5
      vertex 43.1481 -46.7716 5.5
    endloop
  endfacet
  facet normal -0 0 1
    outer loop
      vertex 42.535 -45.2917 5.5
      vertex 43.1481 -46.7716 5.5
      vertex 42.659 -45.233 5.5
    endloop
  endfacet
  facet normal 0 0 1
    outer loop
      vertex 43.1481 -46.7716 5.5
      vertex 42.535 -45.2917 5.5
      vertex 42.8708 -46.8708 5.5
    endloop
  endfacet
  facet normal -0 0 1
    outer loop
      vertex 42.4059 -45.3379 5.5
      vertex 42.8708 -46.8708 5.5
      vertex 42.535 -45.2917 5.5
    endloop
  endfacet
  facet normal 0 0 1
    outer loop
      vertex 42.8708 -46.8708 5.5
      vertex 42.4059 -45.3379 5.5
      vertex 42.5853 -46.9424 5.5
    endloop
  endfacet
  facet normal -0 0 1
    outer loop
      vertex 42.2728 -45.3712 5.5
      vertex 42.5853 -46.9424 5.5
      vertex 42.4059 -45.3379 5.5
    endloop
  endfacet
  facet normal 0 0 1
    outer loop
      vertex 42.5853 -46.9424 5.5
      vertex 42.2728 -45.3712 5.5
      vertex 42.2941 -46.9855 5.5
    endloop
  endfacet
  facet normal -0 0 1
    outer loop
      vertex 42.1369 -45.3913 5.5
      vertex 42.2941 -46.9855 5.5
      vertex 42.2728 -45.3712 5.5
    endloop
  endfacet
  facet normal 0 0 1
    outer loop
      vertex 42.1369 -45.3913 5.5
      vertex 42 -47 5.5
      vertex 42.2941 -46.9855 5.5
    endloop
  endfacet
  facet normal -0 0 1
    outer loop
      vertex 41.9609 -45.4 5.5
      vertex 42 -47 5.5
      vertex 42.1369 -45.3913 5.5
    endloop
  endfacet
  facet normal 0 0 1
    outer loop
      vertex 41.9609 -45.4 5.5
      vertex 5 -47 5.5
      vertex 42 -47 5.5
    endloop
  endfacet
  facet normal 0 0 1
    outer loop
      vertex 41.9609 -45.4 5.5
      vertex 4.97592 -46.5099 5.5
      vertex 5 -47 5.5
    endloop
  endfacet
  facet normal 0 0 1
    outer loop
      vertex 41.9609 -45.4 5.5
      vertex 4.90393 -46.0245 5.5
      vertex 4.97592 -46.5099 5.5
    endloop
  endfacet
  facet normal 0 0 1
    outer loop
      vertex 41.9609 -45.4 5.5
      vertex 4.7847 -45.5486 5.5
      vertex 4.90393 -46.0245 5.5
    endloop
  endfacet
  facet normal 0 -0 1
    outer loop
      vertex 4.7847 -45.5486 5.5
      vertex 41.9609 -45.4 5.5
      vertex 4.73154 -45.4 5.5
    endloop
  endfacet
  facet normal -0 0 1
    outer loop
      vertex -41.9609 -45.4 5.5
      vertex -4.7847 -45.5486 5.5
      vertex -4.73154 -45.4 5.5
    endloop
  endfacet
  facet normal 0 0 1
    outer loop
      vertex -41.9609 -45.4 5.5
      vertex -4.90393 -46.0245 5.5
      vertex -4.7847 -45.5486 5.5
    endloop
  endfacet
  facet normal 0 0 1
    outer loop
      vertex -41.9609 -45.4 5.5
      vertex -4.97592 -46.5099 5.5
      vertex -4.90393 -46.0245 5.5
    endloop
  endfacet
  facet normal 0 0 1
    outer loop
      vertex -41.9609 -45.4 5.5
      vertex -5 -47 5.5
      vertex -4.97592 -46.5099 5.5
    endloop
  endfacet
  facet normal 0 0 1
    outer loop
      vertex -41.9609 -45.4 5.5
      vertex -42 -47 5.5
      vertex -5 -47 5.5
    endloop
  endfacet
  facet normal 0 0 1
    outer loop
      vertex -42.1369 -45.3913 5.5
      vertex -42 -47 5.5
      vertex -41.9609 -45.4 5.5
    endloop
  endfacet
  facet normal 0 0 1
    outer loop
      vertex -42.2941 -46.9855 5.5
      vertex -42.1369 -45.3913 5.5
      vertex -42.2728 -45.3712 5.5
    endloop
  endfacet
  facet normal 0 0 1
    outer loop
      vertex -42.1369 -45.3913 5.5
      vertex -42.2941 -46.9855 5.5
      vertex -42 -47 5.5
    endloop
  endfacet
  facet normal 0 0 1
    outer loop
      vertex -42.5853 -46.9424 5.5
      vertex -42.2728 -45.3712 5.5
      vertex -42.4059 -45.3379 5.5
    endloop
  endfacet
  facet normal 0 0 1
    outer loop
      vertex -42.8708 -46.8708 5.5
      vertex -42.4059 -45.3379 5.5
      vertex -42.535 -45.2917 5.5
    endloop
  endfacet
  facet normal 0 0 1
    outer loop
      vertex -42.2728 -45.3712 5.5
      vertex -42.5853 -46.9424 5.5
      vertex -42.2941 -46.9855 5.5
    endloop
  endfacet
  facet normal 0 0 1
    outer loop
      vertex -43.1481 -46.7716 5.5
      vertex -42.535 -45.2917 5.5
      vertex -42.659 -45.233 5.5
    endloop
  endfacet
  facet normal 0 0 1
    outer loop
      vertex -43.4142 -46.6458 5.5
      vertex -42.659 -45.233 5.5
      vertex -42.7767 -45.1625 5.5
    endloop
  endfacet
  facet normal 0 0 1
    outer loop
      vertex -42.4059 -45.3379 5.5
      vertex -42.8708 -46.8708 5.5
      vertex -42.5853 -46.9424 5.5
    endloop
  endfacet
  facet normal 0 0 1
    outer loop
      vertex -43.4142 -46.6458 5.5
      vertex -42.7767 -45.1625 5.5
      vertex -42.8869 -45.0807 5.5
    endloop
  endfacet
  facet normal 0 0 1
    outer loop
      vertex -43.4142 -46.6458 5.5
      vertex -42.8869 -45.0807 5.5
      vertex -42.9886 -44.9886 5.5
    endloop
  endfacet
  facet normal 0 0 1
    outer loop
      vertex -43.4142 -46.6458 5.5
      vertex -42.9886 -44.9886 5.5
      vertex -43.0807 -44.8869 5.5
    endloop
  endfacet
  facet normal 0 0 1
    outer loop
      vertex -42.535 -45.2917 5.5
      vertex -43.1481 -46.7716 5.5
      vertex -42.8708 -46.8708 5.5
    endloop
  endfacet
  facet normal 0 0 1
    outer loop
      vertex -43.4142 -46.6458 5.5
      vertex -43.0807 -44.8869 5.5
      vertex -43.1625 -44.7767 5.5
    endloop
  endfacet
  facet normal 0 0 1
    outer loop
      vertex -43.4142 -46.6458 5.5
      vertex -43.1625 -44.7767 5.5
      vertex -43.233 -44.659 5.5
    endloop
  endfacet
  facet normal 0 0 1
    outer loop
      vertex -43.4142 -46.6458 5.5
      vertex -43.233 -44.659 5.5
      vertex -43.2917 -44.535 5.5
    endloop
  endfacet
  facet normal 0 0 1
    outer loop
      vertex -43.4142 -46.6458 5.5
      vertex -43.2917 -44.535 5.5
      vertex -43.3379 -44.4059 5.5
    endloop
  endfacet
  facet normal 0 0 1
    outer loop
      vertex -43.4142 -46.6458 5.5
      vertex -43.3379 -44.4059 5.5
      vertex -43.3712 -44.2728 5.5
    endloop
  endfacet
  facet normal 0 0 1
    outer loop
      vertex -43.4142 -46.6458 5.5
      vertex -43.3712 -44.2728 5.5
      vertex -43.3913 -44.1369 5.5
    endloop
  endfacet
  facet normal 0 0 1
    outer loop
      vertex -42.659 -45.233 5.5
      vertex -43.4142 -46.6458 5.5
      vertex -43.1481 -46.7716 5.5
    endloop
  endfacet
  facet normal 0 0 1
    outer loop
      vertex -43.4142 -46.6458 5.5
      vertex -43.3913 -44.1369 5.5
      vertex -43.4 -43.9609 5.5
    endloop
  endfacet
  facet normal 0.146413 -0.989224 0
    outer loop
      vertex 42.2941 -46.9855 0
      vertex 42.5853 -46.9424 5.5
      vertex 42.2941 -46.9855 5.5
    endloop
  endfacet
  facet normal 0.146413 -0.989224 0
    outer loop
      vertex 42.5853 -46.9424 5.5
      vertex 42.2941 -46.9855 0
      vertex 42.5853 -46.9424 0
    endloop
  endfacet
  facet normal 0.243255 -0.969962 0
    outer loop
      vertex 42.5853 -46.9424 0
      vertex 42.8708 -46.8708 5.5
      vertex 42.5853 -46.9424 5.5
    endloop
  endfacet
  facet normal 0.243255 -0.969962 0
    outer loop
      vertex 42.8708 -46.8708 5.5
      vertex 42.5853 -46.9424 0
      vertex 42.8708 -46.8708 0
    endloop
  endfacet
  facet normal 0.336831 -0.941565 0
    outer loop
      vertex 42.8708 -46.8708 0
      vertex 43.1481 -46.7716 5.5
      vertex 42.8708 -46.8708 5.5
    endloop
  endfacet
  facet normal 0.336831 -0.941565 0
    outer loop
      vertex 43.1481 -46.7716 5.5
      vertex 42.8708 -46.8708 0
      vertex 43.1481 -46.7716 0
    endloop
  endfacet
  facet normal 0.4274 -0.904063 0
    outer loop
      vertex 43.1481 -46.7716 0
      vertex 43.4142 -46.6458 5.5
      vertex 43.1481 -46.7716 5.5
    endloop
  endfacet
  facet normal 0.4274 -0.904063 0
    outer loop
      vertex 43.4142 -46.6458 5.5
      vertex 43.1481 -46.7716 0
      vertex 43.4142 -46.6458 0
    endloop
  endfacet
  facet normal 0.514246 -0.857643 0
    outer loop
      vertex 43.4142 -46.6458 0
      vertex 43.6667 -46.4944 5.5
      vertex 43.4142 -46.6458 5.5
    endloop
  endfacet
  facet normal 0.514246 -0.857643 0
    outer loop
      vertex 43.6667 -46.4944 5.5
      vertex 43.4142 -46.6458 0
      vertex 43.6667 -46.4944 0
    endloop
  endfacet
  facet normal 0.595699 -0.803208 0
    outer loop
      vertex 43.6667 -46.4944 0
      vertex 43.9032 -46.319 5.5
      vertex 43.6667 -46.4944 5.5
    endloop
  endfacet
  facet normal 0.595699 -0.803208 0
    outer loop
      vertex 43.9032 -46.319 5.5
      vertex 43.6667 -46.4944 0
      vertex 43.9032 -46.319 0
    endloop
  endfacet
  facet normal 0.671607 -0.740908 0
    outer loop
      vertex 43.9032 -46.319 0
      vertex 44.1213 -46.1213 5.5
      vertex 43.9032 -46.319 5.5
    endloop
  endfacet
  facet normal 0.671607 -0.740908 0
    outer loop
      vertex 44.1213 -46.1213 5.5
      vertex 43.9032 -46.319 0
      vertex 44.1213 -46.1213 0
    endloop
  endfacet
  facet normal 0.740908 -0.671607 0
    outer loop
      vertex 44.1213 -46.1213 5.5
      vertex 44.319 -45.9032 0
      vertex 44.319 -45.9032 5.5
    endloop
  endfacet
  facet normal 0.740908 -0.671607 0
    outer loop
      vertex 44.319 -45.9032 0
      vertex 44.1213 -46.1213 5.5
      vertex 44.1213 -46.1213 0
    endloop
  endfacet
  facet normal 0.803208 -0.595699 0
    outer loop
      vertex 44.319 -45.9032 5.5
      vertex 44.4944 -45.6667 0
      vertex 44.4944 -45.6667 5.5
    endloop
  endfacet
  facet normal 0.803208 -0.595699 0
    outer loop
      vertex 44.4944 -45.6667 0
      vertex 44.319 -45.9032 5.5
      vertex 44.319 -45.9032 0
    endloop
  endfacet
  facet normal 0.857643 -0.514246 0
    outer loop
      vertex 44.4944 -45.6667 5.5
      vertex 44.6458 -45.4142 0
      vertex 44.6458 -45.4142 5.5
    endloop
  endfacet
  facet normal 0.857643 -0.514246 0
    outer loop
      vertex 44.6458 -45.4142 0
      vertex 44.4944 -45.6667 5.5
      vertex 44.4944 -45.6667 0
    endloop
  endfacet
  facet normal 0.904063 -0.4274 0
    outer loop
      vertex 44.6458 -45.4142 5.5
      vertex 44.7716 -45.1481 0
      vertex 44.7716 -45.1481 5.5
    endloop
  endfacet
  facet normal 0.904063 -0.4274 0
    outer loop
      vertex 44.7716 -45.1481 0
      vertex 44.6458 -45.4142 5.5
      vertex 44.6458 -45.4142 0
    endloop
  endfacet
  facet normal 0.941565 -0.336831 0
    outer loop
      vertex 44.7716 -45.1481 5.5
      vertex 44.8708 -44.8708 0
      vertex 44.8708 -44.8708 5.5
    endloop
  endfacet
  facet normal 0.941565 -0.336831 0
    outer loop
      vertex 44.8708 -44.8708 0
      vertex 44.7716 -45.1481 5.5
      vertex 44.7716 -45.1481 0
    endloop
  endfacet
  facet normal 0.969962 -0.243255 0
    outer loop
      vertex 44.8708 -44.8708 5.5
      vertex 44.9424 -44.5853 0
      vertex 44.9424 -44.5853 5.5
    endloop
  endfacet
  facet normal 0.969962 -0.243255 0
    outer loop
      vertex 44.9424 -44.5853 0
      vertex 44.8708 -44.8708 5.5
      vertex 44.8708 -44.8708 0
    endloop
  endfacet
  facet normal 0.989224 -0.146413 0
    outer loop
      vertex 44.9424 -44.5853 5.5
      vertex 44.9855 -44.2941 0
      vertex 44.9855 -44.2941 5.5
    endloop
  endfacet
  facet normal 0.989224 -0.146413 0
    outer loop
      vertex 44.9855 -44.2941 0
      vertex 44.9424 -44.5853 5.5
      vertex 44.9424 -44.5853 0
    endloop
  endfacet
  facet normal 0.998787 -0.0492431 0
    outer loop
      vertex 44.9855 -44.2941 5.5
      vertex 45 -44 0
      vertex 45 -44 5.5
    endloop
  endfacet
  facet normal 0.998787 -0.0492431 0
    outer loop
      vertex 45 -44 0
      vertex 44.9855 -44.2941 5.5
      vertex 44.9855 -44.2941 0
    endloop
  endfacet
  facet normal 1 -0 0
    outer loop
      vertex 45 -44 5.5
      vertex 45 44 0
      vertex 45 44 5.5
    endloop
  endfacet
  facet normal 1 0 0
    outer loop
      vertex 45 44 0
      vertex 45 -44 5.5
      vertex 45 -44 0
    endloop
  endfacet
  facet normal 0.998787 0.0492431 0
    outer loop
      vertex 45 44 5.5
      vertex 44.9855 44.2941 0
      vertex 44.9855 44.2941 5.5
    endloop
  endfacet
  facet normal 0.998787 0.0492431 0
    outer loop
      vertex 44.9855 44.2941 0
      vertex 45 44 5.5
      vertex 45 44 0
    endloop
  endfacet
  facet normal 0.989224 0.146413 0
    outer loop
      vertex 44.9855 44.2941 5.5
      vertex 44.9424 44.5853 0
      vertex 44.9424 44.5853 5.5
    endloop
  endfacet
  facet normal 0.989224 0.146413 0
    outer loop
      vertex 44.9424 44.5853 0
      vertex 44.9855 44.2941 5.5
      vertex 44.9855 44.2941 0
    endloop
  endfacet
  facet normal 0.969962 0.243255 0
    outer loop
      vertex 44.9424 44.5853 5.5
      vertex 44.8708 44.8708 0
      vertex 44.8708 44.8708 5.5
    endloop
  endfacet
  facet normal 0.969962 0.243255 0
    outer loop
      vertex 44.8708 44.8708 0
      vertex 44.9424 44.5853 5.5
      vertex 44.9424 44.5853 0
    endloop
  endfacet
  facet normal 0.941565 0.336831 0
    outer loop
      vertex 44.8708 44.8708 5.5
      vertex 44.7716 45.1481 0
      vertex 44.7716 45.1481 5.5
    endloop
  endfacet
  facet normal 0.941565 0.336831 0
    outer loop
      vertex 44.7716 45.1481 0
      vertex 44.8708 44.8708 5.5
      vertex 44.8708 44.8708 0
    endloop
  endfacet
  facet normal 0.904063 0.4274 0
    outer loop
      vertex 44.7716 45.1481 5.5
      vertex 44.6458 45.4142 0
      vertex 44.6458 45.4142 5.5
    endloop
  endfacet
  facet normal 0.904063 0.4274 0
    outer loop
      vertex 44.6458 45.4142 0
      vertex 44.7716 45.1481 5.5
      vertex 44.7716 45.1481 0
    endloop
  endfacet
  facet normal 0.857643 0.514246 0
    outer loop
      vertex 44.6458 45.4142 5.5
      vertex 44.4944 45.6667 0
      vertex 44.4944 45.6667 5.5
    endloop
  endfacet
  facet normal 0.857643 0.514246 0
    outer loop
      vertex 44.4944 45.6667 0
      vertex 44.6458 45.4142 5.5
      vertex 44.6458 45.4142 0
    endloop
  endfacet
  facet normal 0.803208 0.595699 0
    outer loop
      vertex 44.4944 45.6667 5.5
      vertex 44.319 45.9032 0
      vertex 44.319 45.9032 5.5
    endloop
  endfacet
  facet normal 0.803208 0.595699 0
    outer loop
      vertex 44.319 45.9032 0
      vertex 44.4944 45.6667 5.5
      vertex 44.4944 45.6667 0
    endloop
  endfacet
  facet normal 0.740908 0.671607 0
    outer loop
      vertex 44.319 45.9032 5.5
      vertex 44.1213 46.1213 0
      vertex 44.1213 46.1213 5.5
    endloop
  endfacet
  facet normal 0.740908 0.671607 0
    outer loop
      vertex 44.1213 46.1213 0
      vertex 44.319 45.9032 5.5
      vertex 44.319 45.9032 0
    endloop
  endfacet
  facet normal 0.671607 0.740908 -0
    outer loop
      vertex 44.1213 46.1213 0
      vertex 43.9032 46.319 5.5
      vertex 44.1213 46.1213 5.5
    endloop
  endfacet
  facet normal 0.671607 0.740908 0
    outer loop
      vertex 43.9032 46.319 5.5
      vertex 44.1213 46.1213 0
      vertex 43.9032 46.319 0
    endloop
  endfacet
  facet normal 0.595699 0.803208 -0
    outer loop
      vertex 43.9032 46.319 0
      vertex 43.6667 46.4944 5.5
      vertex 43.9032 46.319 5.5
    endloop
  endfacet
  facet normal 0.595699 0.803208 0
    outer loop
      vertex 43.6667 46.4944 5.5
      vertex 43.9032 46.319 0
      vertex 43.6667 46.4944 0
    endloop
  endfacet
  facet normal 0.514246 0.857643 -0
    outer loop
      vertex 43.6667 46.4944 0
      vertex 43.4142 46.6458 5.5
      vertex 43.6667 46.4944 5.5
    endloop
  endfacet
  facet normal 0.514246 0.857643 0
    outer loop
      vertex 43.4142 46.6458 5.5
      vertex 43.6667 46.4944 0
      vertex 43.4142 46.6458 0
    endloop
  endfacet
  facet normal 0.4274 0.904063 -0
    outer loop
      vertex 43.4142 46.6458 0
      vertex 43.1481 46.7716 5.5
      vertex 43.4142 46.6458 5.5
    endloop
  endfacet
  facet normal 0.4274 0.904063 0
    outer loop
      vertex 43.1481 46.7716 5.5
      vertex 43.4142 46.6458 0
      vertex 43.1481 46.7716 0
    endloop
  endfacet
  facet normal 0.336831 0.941565 -0
    outer loop
      vertex 43.1481 46.7716 0
      vertex 42.8708 46.8708 5.5
      vertex 43.1481 46.7716 5.5
    endloop
  endfacet
  facet normal 0.336831 0.941565 0
    outer loop
      vertex 42.8708 46.8708 5.5
      vertex 43.1481 46.7716 0
      vertex 42.8708 46.8708 0
    endloop
  endfacet
  facet normal 0.243255 0.969962 -0
    outer loop
      vertex 42.8708 46.8708 0
      vertex 42.5853 46.9424 5.5
      vertex 42.8708 46.8708 5.5
    endloop
  endfacet
  facet normal 0.243255 0.969962 0
    outer loop
      vertex 42.5853 46.9424 5.5
      vertex 42.8708 46.8708 0
      vertex 42.5853 46.9424 0
    endloop
  endfacet
  facet normal 0.146413 0.989224 -0
    outer loop
      vertex 42.5853 46.9424 0
      vertex 42.2941 46.9855 5.5
      vertex 42.5853 46.9424 5.5
    endloop
  endfacet
  facet normal 0.146413 0.989224 0
    outer loop
      vertex 42.2941 46.9855 5.5
      vertex 42.5853 46.9424 0
      vertex 42.2941 46.9855 0
    endloop
  endfacet
  facet normal 0.0492431 0.998787 -0
    outer loop
      vertex 42.2941 46.9855 0
      vertex 42 47 5.5
      vertex 42.2941 46.9855 5.5
    endloop
  endfacet
  facet normal 0.0492431 0.998787 0
    outer loop
      vertex 42 47 5.5
      vertex 42.2941 46.9855 0
      vertex 42 47 0
    endloop
  endfacet
  facet normal 0 1 -0
    outer loop
      vertex 42 47 0
      vertex -31 47 5.5
      vertex 42 47 5.5
    endloop
  endfacet
  facet normal 0 1 0
    outer loop
      vertex -31 47 5.5
      vertex 42 47 0
      vertex -31 47 0
    endloop
  endfacet
  facet normal -0.707107 0.707107 0
    outer loop
      vertex -45 33 0
      vertex -31 47 5.5
      vertex -31 47 0
    endloop
  endfacet
  facet normal -0.707107 0.707107 0
    outer loop
      vertex -31 47 5.5
      vertex -45 33 0
      vertex -45 33 5.5
    endloop
  endfacet
  facet normal -1 0 0
    outer loop
      vertex -45 -44 0
      vertex -45 33 5.5
      vertex -45 33 0
    endloop
  endfacet
  facet normal -1 -0 0
    outer loop
      vertex -45 33 5.5
      vertex -45 -44 0
      vertex -45 -44 5.5
    endloop
  endfacet
  facet normal -0.998787 -0.0492431 0
    outer loop
      vertex -44.9855 -44.2941 0
      vertex -45 -44 5.5
      vertex -45 -44 0
    endloop
  endfacet
  facet normal -0.998787 -0.0492431 0
    outer loop
      vertex -45 -44 5.5
      vertex -44.9855 -44.2941 0
      vertex -44.9855 -44.2941 5.5
    endloop
  endfacet
  facet normal -0.989224 -0.146413 0
    outer loop
      vertex -44.9424 -44.5853 0
      vertex -44.9855 -44.2941 5.5
      vertex -44.9855 -44.2941 0
    endloop
  endfacet
  facet normal -0.989224 -0.146413 0
    outer loop
      vertex -44.9855 -44.2941 5.5
      vertex -44.9424 -44.5853 0
      vertex -44.9424 -44.5853 5.5
    endloop
  endfacet
  facet normal -0.969962 -0.243255 0
    outer loop
      vertex -44.8708 -44.8708 0
      vertex -44.9424 -44.5853 5.5
      vertex -44.9424 -44.5853 0
    endloop
  endfacet
  facet normal -0.969962 -0.243255 0
    outer loop
      vertex -44.9424 -44.5853 5.5
      vertex -44.8708 -44.8708 0
      vertex -44.8708 -44.8708 5.5
    endloop
  endfacet
  facet normal -0.941565 -0.336831 0
    outer loop
      vertex -44.7716 -45.1481 0
      vertex -44.8708 -44.8708 5.5
      vertex -44.8708 -44.8708 0
    endloop
  endfacet
  facet normal -0.941565 -0.336831 0
    outer loop
      vertex -44.8708 -44.8708 5.5
      vertex -44.7716 -45.1481 0
      vertex -44.7716 -45.1481 5.5
    endloop
  endfacet
  facet normal -0.904063 -0.4274 0
    outer loop
      vertex -44.6458 -45.4142 0
      vertex -44.7716 -45.1481 5.5
      vertex -44.7716 -45.1481 0
    endloop
  endfacet
  facet normal -0.904063 -0.4274 0
    outer loop
      vertex -44.7716 -45.1481 5.5
      vertex -44.6458 -45.4142 0
      vertex -44.6458 -45.4142 5.5
    endloop
  endfacet
  facet normal -0.857643 -0.514246 0
    outer loop
      vertex -44.4944 -45.6667 0
      vertex -44.6458 -45.4142 5.5
      vertex -44.6458 -45.4142 0
    endloop
  endfacet
  facet normal -0.857643 -0.514246 0
    outer loop
      vertex -44.6458 -45.4142 5.5
      vertex -44.4944 -45.6667 0
      vertex -44.4944 -45.6667 5.5
    endloop
  endfacet
  facet normal -0.803208 -0.595699 0
    outer loop
      vertex -44.319 -45.9032 0
      vertex -44.4944 -45.6667 5.5
      vertex -44.4944 -45.6667 0
    endloop
  endfacet
  facet normal -0.803208 -0.595699 0
    outer loop
      vertex -44.4944 -45.6667 5.5
      vertex -44.319 -45.9032 0
      vertex -44.319 -45.9032 5.5
    endloop
  endfacet
  facet normal -0.740908 -0.671607 0
    outer loop
      vertex -44.1213 -46.1213 0
      vertex -44.319 -45.9032 5.5
      vertex -44.319 -45.9032 0
    endloop
  endfacet
  facet normal -0.740908 -0.671607 0
    outer loop
      vertex -44.319 -45.9032 5.5
      vertex -44.1213 -46.1213 0
      vertex -44.1213 -46.1213 5.5
    endloop
  endfacet
  facet normal -0.671607 -0.740908 0
    outer loop
      vertex -44.1213 -46.1213 0
      vertex -43.9032 -46.319 5.5
      vertex -44.1213 -46.1213 5.5
    endloop
  endfacet
  facet normal -0.671607 -0.740908 -0
    outer loop
      vertex -43.9032 -46.319 5.5
      vertex -44.1213 -46.1213 0
      vertex -43.9032 -46.319 0
    endloop
  endfacet
  facet normal -0.595699 -0.803208 0
    outer loop
      vertex -43.9032 -46.319 0
      vertex -43.6667 -46.4944 5.5
      vertex -43.9032 -46.319 5.5
    endloop
  endfacet
  facet normal -0.595699 -0.803208 -0
    outer loop
      vertex -43.6667 -46.4944 5.5
      vertex -43.9032 -46.319 0
      vertex -43.6667 -46.4944 0
    endloop
  endfacet
  facet normal -0.514246 -0.857643 0
    outer loop
      vertex -43.6667 -46.4944 0
      vertex -43.4142 -46.6458 5.5
      vertex -43.6667 -46.4944 5.5
    endloop
  endfacet
  facet normal -0.514246 -0.857643 -0
    outer loop
      vertex -43.4142 -46.6458 5.5
      vertex -43.6667 -46.4944 0
      vertex -43.4142 -46.6458 0
    endloop
  endfacet
  facet normal -0.4274 -0.904063 0
    outer loop
      vertex -43.4142 -46.6458 0
      vertex -43.1481 -46.7716 5.5
      vertex -43.4142 -46.6458 5.5
    endloop
  endfacet
  facet normal -0.4274 -0.904063 -0
    outer loop
      vertex -43.1481 -46.7716 5.5
      vertex -43.4142 -46.6458 0
      vertex -43.1481 -46.7716 0
    endloop
  endfacet
  facet normal -0.336831 -0.941565 0
    outer loop
      vertex -43.1481 -46.7716 0
      vertex -42.8708 -46.8708 5.5
      vertex -43.1481 -46.7716 5.5
    endloop
  endfacet
  facet normal -0.336831 -0.941565 -0
    outer loop
      vertex -42.8708 -46.8708 5.5
      vertex -43.1481 -46.7716 0
      vertex -42.8708 -46.8708 0
    endloop
  endfacet
  facet normal -0.243255 -0.969962 0
    outer loop
      vertex -42.8708 -46.8708 0
      vertex -42.5853 -46.9424 5.5
      vertex -42.8708 -46.8708 5.5
    endloop
  endfacet
  facet normal -0.243255 -0.969962 -0
    outer loop
      vertex -42.5853 -46.9424 5.5
      vertex -42.8708 -46.8708 0
      vertex -42.5853 -46.9424 0
    endloop
  endfacet
  facet normal -0.146413 -0.989224 0
    outer loop
      vertex -42.5853 -46.9424 0
      vertex -42.2941 -46.9855 5.5
      vertex -42.5853 -46.9424 5.5
    endloop
  endfacet
  facet normal -0.146413 -0.989224 -0
    outer loop
      vertex -42.2941 -46.9855 5.5
      vertex -42.5853 -46.9424 0
      vertex -42.2941 -46.9855 0
    endloop
  endfacet
  facet normal -0.0492431 -0.998787 0
    outer loop
      vertex -42.2941 -46.9855 0
      vertex -42 -47 5.5
      vertex -42.2941 -46.9855 5.5
    endloop
  endfacet
  facet normal -0.0492431 -0.998787 -0
    outer loop
      vertex -42 -47 5.5
      vertex -42.2941 -46.9855 0
      vertex -42 -47 0
    endloop
  endfacet
  facet normal 0 -1 0
    outer loop
      vertex 5 -47 0
      vertex 42 -47 5.5
      vertex 5 -47 5.5
    endloop
  endfacet
  facet normal 0 -1 -0
    outer loop
      vertex 42 -47 5.5
      vertex 5 -47 0
      vertex 42 -47 0
    endloop
  endfacet
  facet normal 0 -1 0
    outer loop
      vertex -42 -47 0
      vertex -5 -47 5.5
      vertex -42 -47 5.5
    endloop
  endfacet
  facet normal 0 -1 -0
    outer loop
      vertex -5 -47 5.5
      vertex -42 -47 0
      vertex -5 -47 0
    endloop
  endfacet
  facet normal 0.0492431 -0.998787 0
    outer loop
      vertex 42 -47 0
      vertex 42.2941 -46.9855 5.5
      vertex 42 -47 5.5
    endloop
  endfacet
  facet normal 0.0492431 -0.998787 0
    outer loop
      vertex 42.2941 -46.9855 5.5
      vertex 42 -47 0
      vertex 42.2941 -46.9855 0
    endloop
  endfacet
  facet normal 0.0493715 0.99878 -0
    outer loop
      vertex -41.9609 -45.4 3.3
      vertex -42.1369 -45.3913 5.5
      vertex -41.9609 -45.4 5.5
    endloop
  endfacet
  facet normal 0.0493715 0.99878 0
    outer loop
      vertex -42.1369 -45.3913 5.5
      vertex -41.9609 -45.4 3.3
      vertex -42.1369 -45.3913 3.3
    endloop
  endfacet
  facet normal 0.146311 0.989239 -0
    outer loop
      vertex -42.1369 -45.3913 3.3
      vertex -42.2728 -45.3712 5.5
      vertex -42.1369 -45.3913 5.5
    endloop
  endfacet
  facet normal 0.146311 0.989239 0
    outer loop
      vertex -42.2728 -45.3712 5.5
      vertex -42.1369 -45.3913 3.3
      vertex -42.2728 -45.3712 3.3
    endloop
  endfacet
  facet normal 0.242707 0.9701 -0
    outer loop
      vertex -42.2728 -45.3712 3.3
      vertex -42.4059 -45.3379 5.5
      vertex -42.2728 -45.3712 5.5
    endloop
  endfacet
  facet normal 0.242707 0.9701 0
    outer loop
      vertex -42.4059 -45.3379 5.5
      vertex -42.2728 -45.3712 3.3
      vertex -42.4059 -45.3379 3.3
    endloop
  endfacet
  facet normal 0.336937 0.941527 -0
    outer loop
      vertex -42.4059 -45.3379 3.3
      vertex -42.535 -45.2917 5.5
      vertex -42.4059 -45.3379 5.5
    endloop
  endfacet
  facet normal 0.336937 0.941527 0
    outer loop
      vertex -42.535 -45.2917 5.5
      vertex -42.4059 -45.3379 3.3
      vertex -42.535 -45.2917 3.3
    endloop
  endfacet
  facet normal 0.427867 0.903842 -0
    outer loop
      vertex -42.535 -45.2917 3.3
      vertex -42.659 -45.233 5.5
      vertex -42.535 -45.2917 5.5
    endloop
  endfacet
  facet normal 0.427867 0.903842 0
    outer loop
      vertex -42.659 -45.233 5.5
      vertex -42.535 -45.2917 3.3
      vertex -42.659 -45.233 3.3
    endloop
  endfacet
  facet normal 0.513852 0.857879 -0
    outer loop
      vertex -42.659 -45.233 3.3
      vertex -42.7767 -45.1625 5.5
      vertex -42.659 -45.233 5.5
    endloop
  endfacet
  facet normal 0.513852 0.857879 0
    outer loop
      vertex -42.7767 -45.1625 5.5
      vertex -42.659 -45.233 3.3
      vertex -42.7767 -45.1625 3.3
    endloop
  endfacet
  facet normal 0.596029 0.802963 -0
    outer loop
      vertex -42.7767 -45.1625 3.3
      vertex -42.8869 -45.0807 5.5
      vertex -42.7767 -45.1625 5.5
    endloop
  endfacet
  facet normal 0.596029 0.802963 0
    outer loop
      vertex -42.8869 -45.0807 5.5
      vertex -42.7767 -45.1625 3.3
      vertex -42.8869 -45.0807 3.3
    endloop
  endfacet
  facet normal 0.671257 0.741225 -0
    outer loop
      vertex -42.8869 -45.0807 3.3
      vertex -42.9886 -44.9886 5.5
      vertex -42.8869 -45.0807 5.5
    endloop
  endfacet
  facet normal 0.671257 0.741225 0
    outer loop
      vertex -42.9886 -44.9886 5.5
      vertex -42.8869 -45.0807 3.3
      vertex -42.9886 -44.9886 3.3
    endloop
  endfacet
  facet normal 0.741225 0.671257 0
    outer loop
      vertex -42.9886 -44.9886 5.5
      vertex -43.0807 -44.8869 3.3
      vertex -43.0807 -44.8869 5.5
    endloop
  endfacet
  facet normal 0.741225 0.671257 0
    outer loop
      vertex -43.0807 -44.8869 3.3
      vertex -42.9886 -44.9886 5.5
      vertex -42.9886 -44.9886 3.3
    endloop
  endfacet
  facet normal 0.802963 0.596029 0
    outer loop
      vertex -43.0807 -44.8869 5.5
      vertex -43.1625 -44.7767 3.3
      vertex -43.1625 -44.7767 5.5
    endloop
  endfacet
  facet normal 0.802963 0.596029 0
    outer loop
      vertex -43.1625 -44.7767 3.3
      vertex -43.0807 -44.8869 5.5
      vertex -43.0807 -44.8869 3.3
    endloop
  endfacet
  facet normal 0.857879 0.513852 0
    outer loop
      vertex -43.1625 -44.7767 5.5
      vertex -43.233 -44.659 3.3
      vertex -43.233 -44.659 5.5
    endloop
  endfacet
  facet normal 0.857879 0.513852 0
    outer loop
      vertex -43.233 -44.659 3.3
      vertex -43.1625 -44.7767 5.5
      vertex -43.1625 -44.7767 3.3
    endloop
  endfacet
  facet normal 0.903842 0.427867 0
    outer loop
      vertex -43.233 -44.659 5.5
      vertex -43.2917 -44.535 3.3
      vertex -43.2917 -44.535 5.5
    endloop
  endfacet
  facet normal 0.903842 0.427867 0
    outer loop
      vertex -43.2917 -44.535 3.3
      vertex -43.233 -44.659 5.5
      vertex -43.233 -44.659 3.3
    endloop
  endfacet
  facet normal 0.941527 0.336937 0
    outer loop
      vertex -43.2917 -44.535 5.5
      vertex -43.3379 -44.4059 3.3
      vertex -43.3379 -44.4059 5.5
    endloop
  endfacet
  facet normal 0.941527 0.336937 0
    outer loop
      vertex -43.3379 -44.4059 3.3
      vertex -43.2917 -44.535 5.5
      vertex -43.2917 -44.535 3.3
    endloop
  endfacet
  facet normal 0.9701 0.242707 0
    outer loop
      vertex -43.3379 -44.4059 5.5
      vertex -43.3712 -44.2728 3.3
      vertex -43.3712 -44.2728 5.5
    endloop
  endfacet
  facet normal 0.9701 0.242707 0
    outer loop
      vertex -43.3712 -44.2728 3.3
      vertex -43.3379 -44.4059 5.5
      vertex -43.3379 -44.4059 3.3
    endloop
  endfacet
  facet normal 0.989239 0.146311 0
    outer loop
      vertex -43.3712 -44.2728 5.5
      vertex -43.3913 -44.1369 3.3
      vertex -43.3913 -44.1369 5.5
    endloop
  endfacet
  facet normal 0.989239 0.146311 0
    outer loop
      vertex -43.3913 -44.1369 3.3
      vertex -43.3712 -44.2728 5.5
      vertex -43.3712 -44.2728 3.3
    endloop
  endfacet
  facet normal 0.99878 0.0493715 0
    outer loop
      vertex -43.3913 -44.1369 5.5
      vertex -43.4 -43.9609 3.3
      vertex -43.4 -43.9609 5.5
    endloop
  endfacet
  facet normal 0.99878 0.0493715 0
    outer loop
      vertex -43.4 -43.9609 3.3
      vertex -43.3913 -44.1369 5.5
      vertex -43.3913 -44.1369 3.3
    endloop
  endfacet
  facet normal 1 -0 0
    outer loop
      vertex -43.4 -43.9609 5.5
      vertex -43.4 32.3372 3.3
      vertex -43.4 32.3372 5.5
    endloop
  endfacet
  facet normal 1 0 0
    outer loop
      vertex -43.4 32.3372 3.3
      vertex -43.4 -43.9609 5.5
      vertex -43.4 -43.9609 3.3
    endloop
  endfacet
  facet normal 0.707107 -0.707107 0
    outer loop
      vertex -43.4 32.3372 5.5
      vertex -30.3372 45.4 3.3
      vertex -30.3372 45.4 5.5
    endloop
  endfacet
  facet normal 0.707107 -0.707107 0
    outer loop
      vertex -30.3372 45.4 3.3
      vertex -43.4 32.3372 5.5
      vertex -43.4 32.3372 3.3
    endloop
  endfacet
  facet normal 0 -1 0
    outer loop
      vertex -30.3372 45.4 3.3
      vertex 41.9609 45.4 5.5
      vertex -30.3372 45.4 5.5
    endloop
  endfacet
  facet normal 0 -1 -0
    outer loop
      vertex 41.9609 45.4 5.5
      vertex -30.3372 45.4 3.3
      vertex 41.9609 45.4 3.3
    endloop
  endfacet
  facet normal -0.0493715 -0.99878 0
    outer loop
      vertex 41.9609 45.4 3.3
      vertex 42.1369 45.3913 5.5
      vertex 41.9609 45.4 5.5
    endloop
  endfacet
  facet normal -0.0493715 -0.99878 -0
    outer loop
      vertex 42.1369 45.3913 5.5
      vertex 41.9609 45.4 3.3
      vertex 42.1369 45.3913 3.3
    endloop
  endfacet
  facet normal -0.146311 -0.989239 0
    outer loop
      vertex 42.1369 45.3913 3.3
      vertex 42.2728 45.3712 5.5
      vertex 42.1369 45.3913 5.5
    endloop
  endfacet
  facet normal -0.146311 -0.989239 -0
    outer loop
      vertex 42.2728 45.3712 5.5
      vertex 42.1369 45.3913 3.3
      vertex 42.2728 45.3712 3.3
    endloop
  endfacet
  facet normal -0.242707 -0.9701 0
    outer loop
      vertex 42.2728 45.3712 3.3
      vertex 42.4059 45.3379 5.5
      vertex 42.2728 45.3712 5.5
    endloop
  endfacet
  facet normal -0.242707 -0.9701 -0
    outer loop
      vertex 42.4059 45.3379 5.5
      vertex 42.2728 45.3712 3.3
      vertex 42.4059 45.3379 3.3
    endloop
  endfacet
  facet normal -0.336937 -0.941527 0
    outer loop
      vertex 42.4059 45.3379 3.3
      vertex 42.535 45.2917 5.5
      vertex 42.4059 45.3379 5.5
    endloop
  endfacet
  facet normal -0.336937 -0.941527 -0
    outer loop
      vertex 42.535 45.2917 5.5
      vertex 42.4059 45.3379 3.3
      vertex 42.535 45.2917 3.3
    endloop
  endfacet
  facet normal -0.427867 -0.903842 0
    outer loop
      vertex 42.535 45.2917 3.3
      vertex 42.659 45.233 5.5
      vertex 42.535 45.2917 5.5
    endloop
  endfacet
  facet normal -0.427867 -0.903842 -0
    outer loop
      vertex 42.659 45.233 5.5
      vertex 42.535 45.2917 3.3
      vertex 42.659 45.233 3.3
    endloop
  endfacet
  facet normal -0.513852 -0.857879 0
    outer loop
      vertex 42.659 45.233 3.3
      vertex 42.7767 45.1625 5.5
      vertex 42.659 45.233 5.5
    endloop
  endfacet
  facet normal -0.513852 -0.857879 -0
    outer loop
      vertex 42.7767 45.1625 5.5
      vertex 42.659 45.233 3.3
      vertex 42.7767 45.1625 3.3
    endloop
  endfacet
  facet normal -0.596029 -0.802963 0
    outer loop
      vertex 42.7767 45.1625 3.3
      vertex 42.8869 45.0807 5.5
      vertex 42.7767 45.1625 5.5
    endloop
  endfacet
  facet normal -0.596029 -0.802963 -0
    outer loop
      vertex 42.8869 45.0807 5.5
      vertex 42.7767 45.1625 3.3
      vertex 42.8869 45.0807 3.3
    endloop
  endfacet
  facet normal -0.671257 -0.741225 0
    outer loop
      vertex 42.8869 45.0807 3.3
      vertex 42.9886 44.9886 5.5
      vertex 42.8869 45.0807 5.5
    endloop
  endfacet
  facet normal -0.671257 -0.741225 -0
    outer loop
      vertex 42.9886 44.9886 5.5
      vertex 42.8869 45.0807 3.3
      vertex 42.9886 44.9886 3.3
    endloop
  endfacet
  facet normal -0.741225 -0.671257 0
    outer loop
      vertex 43.0807 44.8869 3.3
      vertex 42.9886 44.9886 5.5
      vertex 42.9886 44.9886 3.3
    endloop
  endfacet
  facet normal -0.741225 -0.671257 0
    outer loop
      vertex 42.9886 44.9886 5.5
      vertex 43.0807 44.8869 3.3
      vertex 43.0807 44.8869 5.5
    endloop
  endfacet
  facet normal -0.802963 -0.596029 0
    outer loop
      vertex 43.1625 44.7767 3.3
      vertex 43.0807 44.8869 5.5
      vertex 43.0807 44.8869 3.3
    endloop
  endfacet
  facet normal -0.802963 -0.596029 0
    outer loop
      vertex 43.0807 44.8869 5.5
      vertex 43.1625 44.7767 3.3
      vertex 43.1625 44.7767 5.5
    endloop
  endfacet
  facet normal -0.857879 -0.513852 0
    outer loop
      vertex 43.233 44.659 3.3
      vertex 43.1625 44.7767 5.5
      vertex 43.1625 44.7767 3.3
    endloop
  endfacet
  facet normal -0.857879 -0.513852 0
    outer loop
      vertex 43.1625 44.7767 5.5
      vertex 43.233 44.659 3.3
      vertex 43.233 44.659 5.5
    endloop
  endfacet
  facet normal -0.903842 -0.427867 0
    outer loop
      vertex 43.2917 44.535 3.3
      vertex 43.233 44.659 5.5
      vertex 43.233 44.659 3.3
    endloop
  endfacet
  facet normal -0.903842 -0.427867 0
    outer loop
      vertex 43.233 44.659 5.5
      vertex 43.2917 44.535 3.3
      vertex 43.2917 44.535 5.5
    endloop
  endfacet
  facet normal -0.941527 -0.336937 0
    outer loop
      vertex 43.3379 44.4059 3.3
      vertex 43.2917 44.535 5.5
      vertex 43.2917 44.535 3.3
    endloop
  endfacet
  facet normal -0.941527 -0.336937 0
    outer loop
      vertex 43.2917 44.535 5.5
      vertex 43.3379 44.4059 3.3
      vertex 43.3379 44.4059 5.5
    endloop
  endfacet
  facet normal -0.9701 -0.242707 0
    outer loop
      vertex 43.3712 44.2728 3.3
      vertex 43.3379 44.4059 5.5
      vertex 43.3379 44.4059 3.3
    endloop
  endfacet
  facet normal -0.9701 -0.242707 0
    outer loop
      vertex 43.3379 44.4059 5.5
      vertex 43.3712 44.2728 3.3
      vertex 43.3712 44.2728 5.5
    endloop
  endfacet
  facet normal -0.989239 -0.146311 0
    outer loop
      vertex 43.3913 44.1369 3.3
      vertex 43.3712 44.2728 5.5
      vertex 43.3712 44.2728 3.3
    endloop
  endfacet
  facet normal -0.989239 -0.146311 0
    outer loop
      vertex 43.3712 44.2728 5.5
      vertex 43.3913 44.1369 3.3
      vertex 43.3913 44.1369 5.5
    endloop
  endfacet
  facet normal -0.99878 -0.0493715 0
    outer loop
      vertex 43.4 43.9609 3.3
      vertex 43.3913 44.1369 5.5
      vertex 43.3913 44.1369 3.3
    endloop
  endfacet
  facet normal -0.99878 -0.0493715 0
    outer loop
      vertex 43.3913 44.1369 5.5
      vertex 43.4 43.9609 3.3
      vertex 43.4 43.9609 5.5
    endloop
  endfacet
  facet normal -1 0 0
    outer loop
      vertex 43.4 -43.9609 3.3
      vertex 43.4 43.9609 5.5
      vertex 43.4 43.9609 3.3
    endloop
  endfacet
  facet normal -1 -0 0
    outer loop
      vertex 43.4 43.9609 5.5
      vertex 43.4 -43.9609 3.3
      vertex 43.4 -43.9609 5.5
    endloop
  endfacet
  facet normal -0.99878 0.0493715 0
    outer loop
      vertex 43.3913 -44.1369 3.3
      vertex 43.4 -43.9609 5.5
      vertex 43.4 -43.9609 3.3
    endloop
  endfacet
  facet normal -0.99878 0.0493715 0
    outer loop
      vertex 43.4 -43.9609 5.5
      vertex 43.3913 -44.1369 3.3
      vertex 43.3913 -44.1369 5.5
    endloop
  endfacet
  facet normal -0.989239 0.146311 0
    outer loop
      vertex 43.3712 -44.2728 3.3
      vertex 43.3913 -44.1369 5.5
      vertex 43.3913 -44.1369 3.3
    endloop
  endfacet
  facet normal -0.989239 0.146311 0
    outer loop
      vertex 43.3913 -44.1369 5.5
      vertex 43.3712 -44.2728 3.3
      vertex 43.3712 -44.2728 5.5
    endloop
  endfacet
  facet normal -0.9701 0.242707 0
    outer loop
      vertex 43.3379 -44.4059 3.3
      vertex 43.3712 -44.2728 5.5
      vertex 43.3712 -44.2728 3.3
    endloop
  endfacet
  facet normal -0.9701 0.242707 0
    outer loop
      vertex 43.3712 -44.2728 5.5
      vertex 43.3379 -44.4059 3.3
      vertex 43.3379 -44.4059 5.5
    endloop
  endfacet
  facet normal -0.941527 0.336937 0
    outer loop
      vertex 43.2917 -44.535 3.3
      vertex 43.3379 -44.4059 5.5
      vertex 43.3379 -44.4059 3.3
    endloop
  endfacet
  facet normal -0.941527 0.336937 0
    outer loop
      vertex 43.3379 -44.4059 5.5
      vertex 43.2917 -44.535 3.3
      vertex 43.2917 -44.535 5.5
    endloop
  endfacet
  facet normal -0.903842 0.427867 0
    outer loop
      vertex 43.233 -44.659 3.3
      vertex 43.2917 -44.535 5.5
      vertex 43.2917 -44.535 3.3
    endloop
  endfacet
  facet normal -0.903842 0.427867 0
    outer loop
      vertex 43.2917 -44.535 5.5
      vertex 43.233 -44.659 3.3
      vertex 43.233 -44.659 5.5
    endloop
  endfacet
  facet normal -0.857879 0.513852 0
    outer loop
      vertex 43.1625 -44.7767 3.3
      vertex 43.233 -44.659 5.5
      vertex 43.233 -44.659 3.3
    endloop
  endfacet
  facet normal -0.857879 0.513852 0
    outer loop
      vertex 43.233 -44.659 5.5
      vertex 43.1625 -44.7767 3.3
      vertex 43.1625 -44.7767 5.5
    endloop
  endfacet
  facet normal -0.802963 0.596029 0
    outer loop
      vertex 43.0807 -44.8869 3.3
      vertex 43.1625 -44.7767 5.5
      vertex 43.1625 -44.7767 3.3
    endloop
  endfacet
  facet normal -0.802963 0.596029 0
    outer loop
      vertex 43.1625 -44.7767 5.5
      vertex 43.0807 -44.8869 3.3
      vertex 43.0807 -44.8869 5.5
    endloop
  endfacet
  facet normal -0.741225 0.671257 0
    outer loop
      vertex 42.9886 -44.9886 3.3
      vertex 43.0807 -44.8869 5.5
      vertex 43.0807 -44.8869 3.3
    endloop
  endfacet
  facet normal -0.741225 0.671257 0
    outer loop
      vertex 43.0807 -44.8869 5.5
      vertex 42.9886 -44.9886 3.3
      vertex 42.9886 -44.9886 5.5
    endloop
  endfacet
  facet normal -0.671257 0.741225 0
    outer loop
      vertex 42.9886 -44.9886 3.3
      vertex 42.8869 -45.0807 5.5
      vertex 42.9886 -44.9886 5.5
    endloop
  endfacet
  facet normal -0.671257 0.741225 0
    outer loop
      vertex 42.8869 -45.0807 5.5
      vertex 42.9886 -44.9886 3.3
      vertex 42.8869 -45.0807 3.3
    endloop
  endfacet
  facet normal -0.596029 0.802963 0
    outer loop
      vertex 42.8869 -45.0807 3.3
      vertex 42.7767 -45.1625 5.5
      vertex 42.8869 -45.0807 5.5
    endloop
  endfacet
  facet normal -0.596029 0.802963 0
    outer loop
      vertex 42.7767 -45.1625 5.5
      vertex 42.8869 -45.0807 3.3
      vertex 42.7767 -45.1625 3.3
    endloop
  endfacet
  facet normal -0.513852 0.857879 0
    outer loop
      vertex 42.7767 -45.1625 3.3
      vertex 42.659 -45.233 5.5
      vertex 42.7767 -45.1625 5.5
    endloop
  endfacet
  facet normal -0.513852 0.857879 0
    outer loop
      vertex 42.659 -45.233 5.5
      vertex 42.7767 -45.1625 3.3
      vertex 42.659 -45.233 3.3
    endloop
  endfacet
  facet normal -0.427867 0.903842 0
    outer loop
      vertex 42.659 -45.233 3.3
      vertex 42.535 -45.2917 5.5
      vertex 42.659 -45.233 5.5
    endloop
  endfacet
  facet normal -0.427867 0.903842 0
    outer loop
      vertex 42.535 -45.2917 5.5
      vertex 42.659 -45.233 3.3
      vertex 42.535 -45.2917 3.3
    endloop
  endfacet
  facet normal -0.336937 0.941527 0
    outer loop
      vertex 42.535 -45.2917 3.3
      vertex 42.4059 -45.3379 5.5
      vertex 42.535 -45.2917 5.5
    endloop
  endfacet
  facet normal -0.336937 0.941527 0
    outer loop
      vertex 42.4059 -45.3379 5.5
      vertex 42.535 -45.2917 3.3
      vertex 42.4059 -45.3379 3.3
    endloop
  endfacet
  facet normal -0.242707 0.9701 0
    outer loop
      vertex 42.4059 -45.3379 3.3
      vertex 42.2728 -45.3712 5.5
      vertex 42.4059 -45.3379 5.5
    endloop
  endfacet
  facet normal -0.242707 0.9701 0
    outer loop
      vertex 42.2728 -45.3712 5.5
      vertex 42.4059 -45.3379 3.3
      vertex 42.2728 -45.3712 3.3
    endloop
  endfacet
  facet normal -0.146311 0.989239 0
    outer loop
      vertex 42.2728 -45.3712 3.3
      vertex 42.1369 -45.3913 5.5
      vertex 42.2728 -45.3712 5.5
    endloop
  endfacet
  facet normal -0.146311 0.989239 0
    outer loop
      vertex 42.1369 -45.3913 5.5
      vertex 42.2728 -45.3712 3.3
      vertex 42.1369 -45.3913 3.3
    endloop
  endfacet
  facet normal -0.0493715 0.99878 0
    outer loop
      vertex 42.1369 -45.3913 3.3
      vertex 41.9609 -45.4 5.5
      vertex 42.1369 -45.3913 5.5
    endloop
  endfacet
  facet normal -0.0493715 0.99878 0
    outer loop
      vertex 41.9609 -45.4 5.5
      vertex 42.1369 -45.3913 3.3
      vertex 41.9609 -45.4 3.3
    endloop
  endfacet
  facet normal 0 1 -0
    outer loop
      vertex -4.73154 -45.4 3.3
      vertex -41.9609 -45.4 5.5
      vertex -4.73154 -45.4 5.5
    endloop
  endfacet
  facet normal 0 1 0
    outer loop
      vertex -41.9609 -45.4 5.5
      vertex -4.73154 -45.4 3.3
      vertex -41.9609 -45.4 3.3
    endloop
  endfacet
  facet normal 0 1 -0
    outer loop
      vertex 41.9609 -45.4 3.3
      vertex 4.73154 -45.4 5.5
      vertex 41.9609 -45.4 5.5
    endloop
  endfacet
  facet normal 0 1 0
    outer loop
      vertex 4.73154 -45.4 5.5
      vertex 41.9609 -45.4 3.3
      vertex 4.73154 -45.4 3.3
    endloop
  endfacet
  facet normal 0 0 1
    outer loop
      vertex -9.84169 -15.6657 3.3
      vertex -7.95828 -15.6657 3.3
      vertex -9.79134 -15.5592 3.3
    endloop
  endfacet
  facet normal 0 0 1
    outer loop
      vertex -7.82759 -18.3387 3.3
      vertex -9.70576 -18.9824 3.3
      vertex -9.7 -19.1 3.3
    endloop
  endfacet
  facet normal 0 0 1
    outer loop
      vertex -7.95828 -15.6657 3.3
      vertex -9.84169 -15.6657 3.3
      vertex -7.89774 -15.7667 3.3
    endloop
  endfacet
  facet normal 0 0 1
    outer loop
      vertex -7.82759 -18.3387 3.3
      vertex -9.72305 -18.8659 3.3
      vertex -9.70576 -18.9824 3.3
    endloop
  endfacet
  facet normal 0 0 1
    outer loop
      vertex -9.90224 -15.7667 3.3
      vertex -7.89774 -15.7667 3.3
      vertex -9.84169 -15.6657 3.3
    endloop
  endfacet
  facet normal 0 0 1
    outer loop
      vertex -7.82759 -18.3387 3.3
      vertex -9.75166 -18.7516 3.3
      vertex -9.72305 -18.8659 3.3
    endloop
  endfacet
  facet normal 0 0 1
    outer loop
      vertex -7.89774 -15.7667 3.3
      vertex -9.90224 -15.7667 3.3
      vertex -7.82759 -15.8613 3.3
    endloop
  endfacet
  facet normal 0 0 1
    outer loop
      vertex -7.82759 -18.3387 3.3
      vertex -9.79134 -18.6408 3.3
      vertex -9.75166 -18.7516 3.3
    endloop
  endfacet
  facet normal 0 0 1
    outer loop
      vertex -9.97238 -15.8613 3.3
      vertex -7.82759 -15.8613 3.3
      vertex -9.90224 -15.7667 3.3
    endloop
  endfacet
  facet normal 0 0 1
    outer loop
      vertex -7.82759 -18.3387 3.3
      vertex -9.84169 -18.5343 3.3
      vertex -9.79134 -18.6408 3.3
    endloop
  endfacet
  facet normal 0 0 1
    outer loop
      vertex -10.0515 -15.9485 3.3
      vertex -7.82759 -15.8613 3.3
      vertex -9.97238 -15.8613 3.3
    endloop
  endfacet
  facet normal 0 0 1
    outer loop
      vertex -7.82759 -18.3387 3.3
      vertex -9.90224 -18.4333 3.3
      vertex -9.84169 -18.5343 3.3
    endloop
  endfacet
  facet normal 0 0 1
    outer loop
      vertex -7.82759 -15.8613 3.3
      vertex -10.0515 -15.9485 3.3
      vertex -7.82759 -18.3387 3.3
    endloop
  endfacet
  facet normal 0 0 1
    outer loop
      vertex -7.82759 -18.3387 3.3
      vertex -9.97238 -18.3387 3.3
      vertex -9.90224 -18.4333 3.3
    endloop
  endfacet
  facet normal -0 0 1
    outer loop
      vertex -10.0515 -18.2515 3.3
      vertex -7.82759 -18.3387 3.3
      vertex -10.0515 -15.9485 3.3
    endloop
  endfacet
  facet normal 0 0 1
    outer loop
      vertex -7.82759 -18.3387 3.3
      vertex -10.0515 -18.2515 3.3
      vertex -9.97238 -18.3387 3.3
    endloop
  endfacet
  facet normal -0 0 1
    outer loop
      vertex -10.1387 -16.0276 3.3
      vertex -10.0515 -18.2515 3.3
      vertex -10.0515 -15.9485 3.3
    endloop
  endfacet
  facet normal 0 0 1
    outer loop
      vertex -10.1387 -16.0276 3.3
      vertex -10.1387 -18.1724 3.3
      vertex -10.0515 -18.2515 3.3
    endloop
  endfacet
  facet normal -0 0 1
    outer loop
      vertex -10.2333 -16.0977 3.3
      vertex -10.1387 -18.1724 3.3
      vertex -10.1387 -16.0276 3.3
    endloop
  endfacet
  facet normal 0 0 1
    outer loop
      vertex -10.2333 -16.0977 3.3
      vertex -10.2333 -18.1022 3.3
      vertex -10.1387 -18.1724 3.3
    endloop
  endfacet
  facet normal -0 0 1
    outer loop
      vertex -10.3343 -16.1583 3.3
      vertex -10.2333 -18.1022 3.3
      vertex -10.2333 -16.0977 3.3
    endloop
  endfacet
  facet normal 0 0 1
    outer loop
      vertex -10.3343 -16.1583 3.3
      vertex -10.3343 -18.0417 3.3
      vertex -10.2333 -18.1022 3.3
    endloop
  endfacet
  facet normal -0 0 1
    outer loop
      vertex -10.4408 -16.2086 3.3
      vertex -10.3343 -18.0417 3.3
      vertex -10.3343 -16.1583 3.3
    endloop
  endfacet
  facet normal 0 0 1
    outer loop
      vertex -10.4408 -16.2086 3.3
      vertex -10.4408 -17.9913 3.3
      vertex -10.3343 -18.0417 3.3
    endloop
  endfacet
  facet normal -0 0 1
    outer loop
      vertex -10.5517 -16.2483 3.3
      vertex -10.4408 -17.9913 3.3
      vertex -10.4408 -16.2086 3.3
    endloop
  endfacet
  facet normal 0 0 1
    outer loop
      vertex -10.5517 -16.2483 3.3
      vertex -10.5517 -17.9517 3.3
      vertex -10.4408 -17.9913 3.3
    endloop
  endfacet
  facet normal -0 0 1
    outer loop
      vertex -10.6659 -16.2769 3.3
      vertex -10.5517 -17.9517 3.3
      vertex -10.5517 -16.2483 3.3
    endloop
  endfacet
  facet normal 0 0 1
    outer loop
      vertex -10.6659 -16.2769 3.3
      vertex -10.6659 -17.923 3.3
      vertex -10.5517 -17.9517 3.3
    endloop
  endfacet
  facet normal -0 0 1
    outer loop
      vertex -10.7824 -16.2942 3.3
      vertex -10.6659 -17.923 3.3
      vertex -10.6659 -16.2769 3.3
    endloop
  endfacet
  facet normal 0 0 1
    outer loop
      vertex -10.7824 -16.2942 3.3
      vertex -10.7824 -17.9058 3.3
      vertex -10.6659 -17.923 3.3
    endloop
  endfacet
  facet normal -0 0 1
    outer loop
      vertex -10.9 -16.3 3.3
      vertex -10.7824 -17.9058 3.3
      vertex -10.7824 -16.2942 3.3
    endloop
  endfacet
  facet normal 0 0 1
    outer loop
      vertex -10.9 -16.3 3.3
      vertex -10.9 -17.9 3.3
      vertex -10.7824 -17.9058 3.3
    endloop
  endfacet
  facet normal -0 0 1
    outer loop
      vertex -24.7 -16.3 3.3
      vertex -10.9 -17.9 3.3
      vertex -10.9 -16.3 3.3
    endloop
  endfacet
  facet normal 0 0 1
    outer loop
      vertex -24.7 -16.3 3.3
      vertex -24.7 -17.9 3.3
      vertex -10.9 -17.9 3.3
    endloop
  endfacet
  facet normal 0 0 1
    outer loop
      vertex -24.8176 -16.2942 3.3
      vertex -24.7 -17.9 3.3
      vertex -24.7 -16.3 3.3
    endloop
  endfacet
  facet normal 0 0 1
    outer loop
      vertex -24.8176 -16.2942 3.3
      vertex -24.8176 -17.9058 3.3
      vertex -24.7 -17.9 3.3
    endloop
  endfacet
  facet normal 0 0 1
    outer loop
      vertex -24.9341 -16.2769 3.3
      vertex -24.8176 -17.9058 3.3
      vertex -24.8176 -16.2942 3.3
    endloop
  endfacet
  facet normal 0 0 1
    outer loop
      vertex -24.9341 -16.2769 3.3
      vertex -24.9341 -17.923 3.3
      vertex -24.8176 -17.9058 3.3
    endloop
  endfacet
  facet normal 0 0 1
    outer loop
      vertex -25.0483 -16.2483 3.3
      vertex -24.9341 -17.923 3.3
      vertex -24.9341 -16.2769 3.3
    endloop
  endfacet
  facet normal 0 0 1
    outer loop
      vertex -25.0483 -16.2483 3.3
      vertex -25.0483 -17.9517 3.3
      vertex -24.9341 -17.923 3.3
    endloop
  endfacet
  facet normal 0 0 1
    outer loop
      vertex -25.1592 -16.2086 3.3
      vertex -25.0483 -17.9517 3.3
      vertex -25.0483 -16.2483 3.3
    endloop
  endfacet
  facet normal 0 0 1
    outer loop
      vertex -25.1592 -16.2086 3.3
      vertex -25.1592 -17.9913 3.3
      vertex -25.0483 -17.9517 3.3
    endloop
  endfacet
  facet normal 0 0 1
    outer loop
      vertex -25.2657 -16.1583 3.3
      vertex -25.1592 -17.9913 3.3
      vertex -25.1592 -16.2086 3.3
    endloop
  endfacet
  facet normal 0 0 1
    outer loop
      vertex -25.2657 -16.1583 3.3
      vertex -25.2657 -18.0417 3.3
      vertex -25.1592 -17.9913 3.3
    endloop
  endfacet
  facet normal 0 0 1
    outer loop
      vertex -25.3667 -16.0977 3.3
      vertex -25.2657 -18.0417 3.3
      vertex -25.2657 -16.1583 3.3
    endloop
  endfacet
  facet normal 0 0 1
    outer loop
      vertex -25.3667 -16.0977 3.3
      vertex -25.3667 -18.1022 3.3
      vertex -25.2657 -18.0417 3.3
    endloop
  endfacet
  facet normal 0 0 1
    outer loop
      vertex -25.4613 -16.0276 3.3
      vertex -25.3667 -18.1022 3.3
      vertex -25.3667 -16.0977 3.3
    endloop
  endfacet
  facet normal 0 0 1
    outer loop
      vertex -25.4613 -16.0276 3.3
      vertex -25.4613 -18.1724 3.3
      vertex -25.3667 -18.1022 3.3
    endloop
  endfacet
  facet normal 0 0 1
    outer loop
      vertex -25.5485 -15.9485 3.3
      vertex -25.4613 -18.1724 3.3
      vertex -25.4613 -16.0276 3.3
    endloop
  endfacet
  facet normal 0 0 1
    outer loop
      vertex -25.5485 -15.9485 3.3
      vertex -25.5485 -18.2515 3.3
      vertex -25.4613 -18.1724 3.3
    endloop
  endfacet
  facet normal 0 0 1
    outer loop
      vertex -25.6276 -15.8613 3.3
      vertex -25.5485 -18.2515 3.3
      vertex -25.5485 -15.9485 3.3
    endloop
  endfacet
  facet normal 0 0 1
    outer loop
      vertex -25.6276 -15.8613 3.3
      vertex -25.6276 -18.3387 3.3
      vertex -25.5485 -18.2515 3.3
    endloop
  endfacet
  facet normal 0 0 1
    outer loop
      vertex -25.6977 -15.7667 3.3
      vertex -25.6276 -18.3387 3.3
      vertex -25.6276 -15.8613 3.3
    endloop
  endfacet
  facet normal 0 0 1
    outer loop
      vertex -25.6977 -15.7667 3.3
      vertex -25.6977 -18.4333 3.3
      vertex -25.6276 -18.3387 3.3
    endloop
  endfacet
  facet normal 0 0 1
    outer loop
      vertex -25.7583 -15.6657 3.3
      vertex -25.6977 -18.4333 3.3
      vertex -25.6977 -15.7667 3.3
    endloop
  endfacet
  facet normal 0 0 1
    outer loop
      vertex -25.7583 -15.6657 3.3
      vertex -25.7583 -18.5343 3.3
      vertex -25.6977 -18.4333 3.3
    endloop
  endfacet
  facet normal 0 0 1
    outer loop
      vertex -25.8086 -15.5592 3.3
      vertex -25.7583 -18.5343 3.3
      vertex -25.7583 -15.6657 3.3
    endloop
  endfacet
  facet normal 0 0 1
    outer loop
      vertex -25.8086 -15.5592 3.3
      vertex -25.8086 -18.6408 3.3
      vertex -25.7583 -18.5343 3.3
    endloop
  endfacet
  facet normal 0 0 1
    outer loop
      vertex -25.8483 -15.4483 3.3
      vertex -25.8086 -18.6408 3.3
      vertex -25.8086 -15.5592 3.3
    endloop
  endfacet
  facet normal 0 0 1
    outer loop
      vertex -25.8483 -15.4483 3.3
      vertex -25.8483 -18.7516 3.3
      vertex -25.8086 -18.6408 3.3
    endloop
  endfacet
  facet normal 0 0 1
    outer loop
      vertex -25.8769 -15.3341 3.3
      vertex -25.8483 -18.7516 3.3
      vertex -25.8483 -15.4483 3.3
    endloop
  endfacet
  facet normal 0 0 1
    outer loop
      vertex -25.8769 -15.3341 3.3
      vertex -25.8769 -18.8659 3.3
      vertex -25.8483 -18.7516 3.3
    endloop
  endfacet
  facet normal 0 0 1
    outer loop
      vertex -25.8942 -15.2176 3.3
      vertex -25.8769 -18.8659 3.3
      vertex -25.8769 -15.3341 3.3
    endloop
  endfacet
  facet normal 0 0 1
    outer loop
      vertex -25.8942 -15.2176 3.3
      vertex -25.8942 -18.9824 3.3
      vertex -25.8769 -18.8659 3.3
    endloop
  endfacet
  facet normal 0 0 1
    outer loop
      vertex -41.9609 -45.4 3.3
      vertex -25.8942 -15.2176 3.3
      vertex -25.9 -15.1 3.3
    endloop
  endfacet
  facet normal 0 0 1
    outer loop
      vertex -25.8942 -15.2176 3.3
      vertex -41.9609 -45.4 3.3
      vertex -25.8942 -18.9824 3.3
    endloop
  endfacet
  facet normal 0 0 1
    outer loop
      vertex 7.9583 -15.6657 3.3
      vertex 9.84169 -15.6657 3.3
      vertex 8.00865 -15.5592 3.3
    endloop
  endfacet
  facet normal 0 0 1
    outer loop
      vertex 9.97238 -18.3387 3.3
      vertex 8.09422 -18.9824 3.3
      vertex 8.09999 -19.1 3.3
    endloop
  endfacet
  facet normal 0 0 1
    outer loop
      vertex 9.84169 -15.6657 3.3
      vertex 7.9583 -15.6657 3.3
      vertex 9.90224 -15.7667 3.3
    endloop
  endfacet
  facet normal 0 0 1
    outer loop
      vertex 9.97238 -18.3387 3.3
      vertex 8.07693 -18.8659 3.3
      vertex 8.09422 -18.9824 3.3
    endloop
  endfacet
  facet normal 0 0 1
    outer loop
      vertex 7.89775 -15.7667 3.3
      vertex 9.90224 -15.7667 3.3
      vertex 7.9583 -15.6657 3.3
    endloop
  endfacet
  facet normal 0 0 1
    outer loop
      vertex 9.97238 -18.3387 3.3
      vertex 8.04832 -18.7516 3.3
      vertex 8.07693 -18.8659 3.3
    endloop
  endfacet
  facet normal 0 0 1
    outer loop
      vertex 9.90224 -15.7667 3.3
      vertex 7.89775 -15.7667 3.3
      vertex 9.97238 -15.8613 3.3
    endloop
  endfacet
  facet normal 0 0 1
    outer loop
      vertex 9.97238 -18.3387 3.3
      vertex 8.00865 -18.6408 3.3
      vertex 8.04832 -18.7516 3.3
    endloop
  endfacet
  facet normal 0 0 1
    outer loop
      vertex 7.82761 -15.8613 3.3
      vertex 9.97238 -15.8613 3.3
      vertex 7.89775 -15.7667 3.3
    endloop
  endfacet
  facet normal 0 0 1
    outer loop
      vertex 9.97238 -18.3387 3.3
      vertex 7.9583 -18.5343 3.3
      vertex 8.00865 -18.6408 3.3
    endloop
  endfacet
  facet normal 0 0 1
    outer loop
      vertex 7.74852 -15.9485 3.3
      vertex 9.97238 -15.8613 3.3
      vertex 7.82761 -15.8613 3.3
    endloop
  endfacet
  facet normal 0 0 1
    outer loop
      vertex 9.97238 -18.3387 3.3
      vertex 7.89775 -18.4333 3.3
      vertex 7.9583 -18.5343 3.3
    endloop
  endfacet
  facet normal 0 0 1
    outer loop
      vertex 9.97238 -15.8613 3.3
      vertex 7.74852 -15.9485 3.3
      vertex 9.97238 -18.3387 3.3
    endloop
  endfacet
  facet normal 0 0 1
    outer loop
      vertex 9.97238 -18.3387 3.3
      vertex 7.82761 -18.3387 3.3
      vertex 7.89775 -18.4333 3.3
    endloop
  endfacet
  facet normal -0 0 1
    outer loop
      vertex 7.74852 -18.2515 3.3
      vertex 9.97238 -18.3387 3.3
      vertex 7.74852 -15.9485 3.3
    endloop
  endfacet
  facet normal 0 0 1
    outer loop
      vertex 9.97238 -18.3387 3.3
      vertex 7.74852 -18.2515 3.3
      vertex 7.82761 -18.3387 3.3
    endloop
  endfacet
  facet normal -0 0 1
    outer loop
      vertex 7.66127 -16.0276 3.3
      vertex 7.74852 -18.2515 3.3
      vertex 7.74852 -15.9485 3.3
    endloop
  endfacet
  facet normal 0 0 1
    outer loop
      vertex 7.66127 -16.0276 3.3
      vertex 7.66127 -18.1724 3.3
      vertex 7.74852 -18.2515 3.3
    endloop
  endfacet
  facet normal -0 0 1
    outer loop
      vertex 7.56668 -16.0977 3.3
      vertex 7.66127 -18.1724 3.3
      vertex 7.66127 -16.0276 3.3
    endloop
  endfacet
  facet normal 0 0 1
    outer loop
      vertex 7.56668 -16.0977 3.3
      vertex 7.56668 -18.1022 3.3
      vertex 7.66127 -18.1724 3.3
    endloop
  endfacet
  facet normal -0 0 1
    outer loop
      vertex 7.46567 -16.1583 3.3
      vertex 7.56668 -18.1022 3.3
      vertex 7.56668 -16.0977 3.3
    endloop
  endfacet
  facet normal 0 0 1
    outer loop
      vertex 7.46567 -16.1583 3.3
      vertex 7.46567 -18.0417 3.3
      vertex 7.56668 -18.1022 3.3
    endloop
  endfacet
  facet normal -0 0 1
    outer loop
      vertex 7.35921 -16.2086 3.3
      vertex 7.46567 -18.0417 3.3
      vertex 7.46567 -16.1583 3.3
    endloop
  endfacet
  facet normal 0 0 1
    outer loop
      vertex 7.35921 -16.2086 3.3
      vertex 7.35921 -17.9913 3.3
      vertex 7.46567 -18.0417 3.3
    endloop
  endfacet
  facet normal -0 0 1
    outer loop
      vertex 7.24834 -16.2483 3.3
      vertex 7.35921 -17.9913 3.3
      vertex 7.35921 -16.2086 3.3
    endloop
  endfacet
  facet normal 0 0 1
    outer loop
      vertex 7.24834 -16.2483 3.3
      vertex 7.24834 -17.9517 3.3
      vertex 7.35921 -17.9913 3.3
    endloop
  endfacet
  facet normal -0 0 1
    outer loop
      vertex 7.13411 -16.2769 3.3
      vertex 7.24834 -17.9517 3.3
      vertex 7.24834 -16.2483 3.3
    endloop
  endfacet
  facet normal 0 0 1
    outer loop
      vertex 7.13411 -16.2769 3.3
      vertex 7.13411 -17.923 3.3
      vertex 7.24834 -17.9517 3.3
    endloop
  endfacet
  facet normal -0 0 1
    outer loop
      vertex 7.01761 -16.2942 3.3
      vertex 7.13411 -17.923 3.3
      vertex 7.13411 -16.2769 3.3
    endloop
  endfacet
  facet normal 0 0 1
    outer loop
      vertex 7.01761 -16.2942 3.3
      vertex 7.01761 -17.9058 3.3
      vertex 7.13411 -17.923 3.3
    endloop
  endfacet
  facet normal -0 0 1
    outer loop
      vertex 6.89999 -16.3 3.3
      vertex 7.01761 -17.9058 3.3
      vertex 7.01761 -16.2942 3.3
    endloop
  endfacet
  facet normal 0 0 1
    outer loop
      vertex 6.89999 -16.3 3.3
      vertex 6.89999 -17.9 3.3
      vertex 7.01761 -17.9058 3.3
    endloop
  endfacet
  facet normal -0 0 1
    outer loop
      vertex -6.89998 -16.3 3.3
      vertex 6.89999 -17.9 3.3
      vertex 6.89999 -16.3 3.3
    endloop
  endfacet
  facet normal 0 0 1
    outer loop
      vertex -6.89998 -16.3 3.3
      vertex -6.89998 -17.9 3.3
      vertex 6.89999 -17.9 3.3
    endloop
  endfacet
  facet normal 0 0 1
    outer loop
      vertex -7.01759 -16.2942 3.3
      vertex -6.89998 -17.9 3.3
      vertex -6.89998 -16.3 3.3
    endloop
  endfacet
  facet normal 0 0 1
    outer loop
      vertex -7.01759 -16.2942 3.3
      vertex -7.01759 -17.9058 3.3
      vertex -6.89998 -17.9 3.3
    endloop
  endfacet
  facet normal 0 0 1
    outer loop
      vertex -7.13409 -16.2769 3.3
      vertex -7.01759 -17.9058 3.3
      vertex -7.01759 -16.2942 3.3
    endloop
  endfacet
  facet normal 0 0 1
    outer loop
      vertex -7.13409 -16.2769 3.3
      vertex -7.13409 -17.923 3.3
      vertex -7.01759 -17.9058 3.3
    endloop
  endfacet
  facet normal 0 0 1
    outer loop
      vertex -7.24832 -16.2483 3.3
      vertex -7.13409 -17.923 3.3
      vertex -7.13409 -16.2769 3.3
    endloop
  endfacet
  facet normal 0 0 1
    outer loop
      vertex -7.24832 -16.2483 3.3
      vertex -7.24832 -17.9517 3.3
      vertex -7.13409 -17.923 3.3
    endloop
  endfacet
  facet normal 0 0 1
    outer loop
      vertex -7.35919 -16.2086 3.3
      vertex -7.24832 -17.9517 3.3
      vertex -7.24832 -16.2483 3.3
    endloop
  endfacet
  facet normal 0 0 1
    outer loop
      vertex -7.35919 -16.2086 3.3
      vertex -7.35919 -17.9913 3.3
      vertex -7.24832 -17.9517 3.3
    endloop
  endfacet
  facet normal 0 0 1
    outer loop
      vertex -7.46565 -16.1583 3.3
      vertex -7.35919 -17.9913 3.3
      vertex -7.35919 -16.2086 3.3
    endloop
  endfacet
  facet normal 0 0 1
    outer loop
      vertex -7.46565 -16.1583 3.3
      vertex -7.46565 -18.0417 3.3
      vertex -7.35919 -17.9913 3.3
    endloop
  endfacet
  facet normal 0 0 1
    outer loop
      vertex -7.56667 -16.0977 3.3
      vertex -7.46565 -18.0417 3.3
      vertex -7.46565 -16.1583 3.3
    endloop
  endfacet
  facet normal 0 0 1
    outer loop
      vertex -7.56667 -16.0977 3.3
      vertex -7.56667 -18.1022 3.3
      vertex -7.46565 -18.0417 3.3
    endloop
  endfacet
  facet normal 0 0 1
    outer loop
      vertex -7.66125 -16.0276 3.3
      vertex -7.56667 -18.1022 3.3
      vertex -7.56667 -16.0977 3.3
    endloop
  endfacet
  facet normal 0 0 1
    outer loop
      vertex -7.66125 -16.0276 3.3
      vertex -7.66125 -18.1724 3.3
      vertex -7.56667 -18.1022 3.3
    endloop
  endfacet
  facet normal 0 0 1
    outer loop
      vertex -7.7485 -15.9485 3.3
      vertex -7.66125 -18.1724 3.3
      vertex -7.66125 -16.0276 3.3
    endloop
  endfacet
  facet normal 0 0 1
    outer loop
      vertex -7.7485 -15.9485 3.3
      vertex -7.7485 -18.2515 3.3
      vertex -7.66125 -18.1724 3.3
    endloop
  endfacet
  facet normal 0 0 1
    outer loop
      vertex -7.82759 -15.8613 3.3
      vertex -7.7485 -18.2515 3.3
      vertex -7.7485 -15.9485 3.3
    endloop
  endfacet
  facet normal 0 0 1
    outer loop
      vertex -7.82759 -15.8613 3.3
      vertex -7.82759 -18.3387 3.3
      vertex -7.7485 -18.2515 3.3
    endloop
  endfacet
  facet normal 0 0 1
    outer loop
      vertex -8.04831 -15.4483 3.3
      vertex -9.75166 -15.4483 3.3
      vertex -8.00864 -15.5592 3.3
    endloop
  endfacet
  facet normal 0 0 1
    outer loop
      vertex -9.79134 -15.5592 3.3
      vertex -8.00864 -15.5592 3.3
      vertex -9.75166 -15.4483 3.3
    endloop
  endfacet
  facet normal 0 0 1
    outer loop
      vertex -9.75166 -15.4483 3.3
      vertex -8.04831 -15.4483 3.3
      vertex -9.72305 -15.3341 3.3
    endloop
  endfacet
  facet normal 0 0 1
    outer loop
      vertex -8.00864 -15.5592 3.3
      vertex -9.79134 -15.5592 3.3
      vertex -7.95828 -15.6657 3.3
    endloop
  endfacet
  facet normal 0 0 1
    outer loop
      vertex -8.07692 -15.3341 3.3
      vertex -9.72305 -15.3341 3.3
      vertex -8.04831 -15.4483 3.3
    endloop
  endfacet
  facet normal 0 0 1
    outer loop
      vertex -7.82759 -18.3387 3.3
      vertex -9.7 -19.1 3.3
      vertex -7.89774 -18.4333 3.3
    endloop
  endfacet
  facet normal 0 0 1
    outer loop
      vertex -9.72305 -15.3341 3.3
      vertex -8.07692 -15.3341 3.3
      vertex -9.70576 -15.2176 3.3
    endloop
  endfacet
  facet normal 0 0 1
    outer loop
      vertex -7.89774 -18.4333 3.3
      vertex -9.7 -19.1 3.3
      vertex -7.95828 -18.5343 3.3
    endloop
  endfacet
  facet normal 0 0 1
    outer loop
      vertex -8.09421 -15.2176 3.3
      vertex -9.70576 -15.2176 3.3
      vertex -8.07692 -15.3341 3.3
    endloop
  endfacet
  facet normal 0 0 1
    outer loop
      vertex -7.95828 -18.5343 3.3
      vertex -9.7 -19.1 3.3
      vertex -8.00864 -18.6408 3.3
    endloop
  endfacet
  facet normal 0 0 1
    outer loop
      vertex -9.70576 -15.2176 3.3
      vertex -8.09421 -15.2176 3.3
      vertex -9.7 -15.1 3.3
    endloop
  endfacet
  facet normal 0 0 1
    outer loop
      vertex -8.00864 -18.6408 3.3
      vertex -9.7 -19.1 3.3
      vertex -8.04831 -18.7516 3.3
    endloop
  endfacet
  facet normal -0 0 1
    outer loop
      vertex -9.7 -15.1 3.3
      vertex -8.09421 -15.2176 3.3
      vertex -8.09998 -15.1 3.3
    endloop
  endfacet
  facet normal 0 0 1
    outer loop
      vertex -8.04831 -18.7516 3.3
      vertex -9.7 -19.1 3.3
      vertex -8.07692 -18.8659 3.3
    endloop
  endfacet
  facet normal -0 0 1
    outer loop
      vertex 25.8942 -18.9824 3.3
      vertex 43.4 -43.9609 3.3
      vertex 25.8942 -15.2176 3.3
    endloop
  endfacet
  facet normal 0 0 1
    outer loop
      vertex 43.4 -43.9609 3.3
      vertex 25.8942 -18.9824 3.3
      vertex 25.9 -19.1 3.3
    endloop
  endfacet
  facet normal -0 0 1
    outer loop
      vertex 25.8769 -15.3341 3.3
      vertex 25.8942 -18.9824 3.3
      vertex 25.8942 -15.2176 3.3
    endloop
  endfacet
  facet normal 0 0 1
    outer loop
      vertex 25.8769 -15.3341 3.3
      vertex 25.8769 -18.8659 3.3
      vertex 25.8942 -18.9824 3.3
    endloop
  endfacet
  facet normal -0 0 1
    outer loop
      vertex 25.8483 -15.4483 3.3
      vertex 25.8769 -18.8659 3.3
      vertex 25.8769 -15.3341 3.3
    endloop
  endfacet
  facet normal 0 0 1
    outer loop
      vertex 25.8483 -15.4483 3.3
      vertex 25.8483 -18.7516 3.3
      vertex 25.8769 -18.8659 3.3
    endloop
  endfacet
  facet normal -0 0 1
    outer loop
      vertex 25.8086 -15.5592 3.3
      vertex 25.8483 -18.7516 3.3
      vertex 25.8483 -15.4483 3.3
    endloop
  endfacet
  facet normal 0 0 1
    outer loop
      vertex 25.8086 -15.5592 3.3
      vertex 25.8086 -18.6408 3.3
      vertex 25.8483 -18.7516 3.3
    endloop
  endfacet
  facet normal -0 0 1
    outer loop
      vertex 25.7583 -15.6657 3.3
      vertex 25.8086 -18.6408 3.3
      vertex 25.8086 -15.5592 3.3
    endloop
  endfacet
  facet normal 0 0 1
    outer loop
      vertex 25.7583 -15.6657 3.3
      vertex 25.7583 -18.5343 3.3
      vertex 25.8086 -18.6408 3.3
    endloop
  endfacet
  facet normal -0 0 1
    outer loop
      vertex 25.6977 -15.7667 3.3
      vertex 25.7583 -18.5343 3.3
      vertex 25.7583 -15.6657 3.3
    endloop
  endfacet
  facet normal 0 0 1
    outer loop
      vertex 25.6977 -15.7667 3.3
      vertex 25.6977 -18.4333 3.3
      vertex 25.7583 -18.5343 3.3
    endloop
  endfacet
  facet normal -0 0 1
    outer loop
      vertex 25.6276 -15.8613 3.3
      vertex 25.6977 -18.4333 3.3
      vertex 25.6977 -15.7667 3.3
    endloop
  endfacet
  facet normal 0 0 1
    outer loop
      vertex 25.6276 -15.8613 3.3
      vertex 25.6276 -18.3387 3.3
      vertex 25.6977 -18.4333 3.3
    endloop
  endfacet
  facet normal -0 0 1
    outer loop
      vertex 25.5485 -15.9485 3.3
      vertex 25.6276 -18.3387 3.3
      vertex 25.6276 -15.8613 3.3
    endloop
  endfacet
  facet normal 0 0 1
    outer loop
      vertex 25.5485 -15.9485 3.3
      vertex 25.5485 -18.2515 3.3
      vertex 25.6276 -18.3387 3.3
    endloop
  endfacet
  facet normal -0 0 1
    outer loop
      vertex 25.4613 -16.0276 3.3
      vertex 25.5485 -18.2515 3.3
      vertex 25.5485 -15.9485 3.3
    endloop
  endfacet
  facet normal 0 0 1
    outer loop
      vertex 25.4613 -16.0276 3.3
      vertex 25.4613 -18.1724 3.3
      vertex 25.5485 -18.2515 3.3
    endloop
  endfacet
  facet normal -0 0 1
    outer loop
      vertex 25.3667 -16.0977 3.3
      vertex 25.4613 -18.1724 3.3
      vertex 25.4613 -16.0276 3.3
    endloop
  endfacet
  facet normal 0 0 1
    outer loop
      vertex 25.3667 -16.0977 3.3
      vertex 25.3667 -18.1022 3.3
      vertex 25.4613 -18.1724 3.3
    endloop
  endfacet
  facet normal -0 0 1
    outer loop
      vertex 25.2657 -16.1583 3.3
      vertex 25.3667 -18.1022 3.3
      vertex 25.3667 -16.0977 3.3
    endloop
  endfacet
  facet normal 0 0 1
    outer loop
      vertex 25.2657 -16.1583 3.3
      vertex 25.2657 -18.0417 3.3
      vertex 25.3667 -18.1022 3.3
    endloop
  endfacet
  facet normal -0 0 1
    outer loop
      vertex 25.1592 -16.2086 3.3
      vertex 25.2657 -18.0417 3.3
      vertex 25.2657 -16.1583 3.3
    endloop
  endfacet
  facet normal 0 0 1
    outer loop
      vertex 25.1592 -16.2086 3.3
      vertex 25.1592 -17.9913 3.3
      vertex 25.2657 -18.0417 3.3
    endloop
  endfacet
  facet normal -0 0 1
    outer loop
      vertex 25.0483 -16.2483 3.3
      vertex 25.1592 -17.9913 3.3
      vertex 25.1592 -16.2086 3.3
    endloop
  endfacet
  facet normal 0 0 1
    outer loop
      vertex 25.0483 -16.2483 3.3
      vertex 25.0483 -17.9517 3.3
      vertex 25.1592 -17.9913 3.3
    endloop
  endfacet
  facet normal -0 0 1
    outer loop
      vertex 24.9341 -16.2769 3.3
      vertex 25.0483 -17.9517 3.3
      vertex 25.0483 -16.2483 3.3
    endloop
  endfacet
  facet normal 0 0 1
    outer loop
      vertex 24.9341 -16.2769 3.3
      vertex 24.9341 -17.923 3.3
      vertex 25.0483 -17.9517 3.3
    endloop
  endfacet
  facet normal -0 0 1
    outer loop
      vertex 24.8176 -16.2942 3.3
      vertex 24.9341 -17.923 3.3
      vertex 24.9341 -16.2769 3.3
    endloop
  endfacet
  facet normal 0 0 1
    outer loop
      vertex 24.8176 -16.2942 3.3
      vertex 24.8176 -17.9058 3.3
      vertex 24.9341 -17.923 3.3
    endloop
  endfacet
  facet normal -0 0 1
    outer loop
      vertex 24.7 -16.3 3.3
      vertex 24.8176 -17.9058 3.3
      vertex 24.8176 -16.2942 3.3
    endloop
  endfacet
  facet normal 0 0 1
    outer loop
      vertex 24.7 -16.3 3.3
      vertex 24.7 -17.9 3.3
      vertex 24.8176 -17.9058 3.3
    endloop
  endfacet
  facet normal -0 0 1
    outer loop
      vertex 10.9 -16.3 3.3
      vertex 24.7 -17.9 3.3
      vertex 24.7 -16.3 3.3
    endloop
  endfacet
  facet normal 0 0 1
    outer loop
      vertex 10.9 -16.3 3.3
      vertex 10.9 -17.9 3.3
      vertex 24.7 -17.9 3.3
    endloop
  endfacet
  facet normal 0 0 1
    outer loop
      vertex 10.7824 -16.2942 3.3
      vertex 10.9 -17.9 3.3
      vertex 10.9 -16.3 3.3
    endloop
  endfacet
  facet normal 0 0 1
    outer loop
      vertex 10.7824 -16.2942 3.3
      vertex 10.7824 -17.9058 3.3
      vertex 10.9 -17.9 3.3
    endloop
  endfacet
  facet normal 0 0 1
    outer loop
      vertex 10.6659 -16.2769 3.3
      vertex 10.7824 -17.9058 3.3
      vertex 10.7824 -16.2942 3.3
    endloop
  endfacet
  facet normal 0 0 1
    outer loop
      vertex 10.6659 -16.2769 3.3
      vertex 10.6659 -17.923 3.3
      vertex 10.7824 -17.9058 3.3
    endloop
  endfacet
  facet normal 0 0 1
    outer loop
      vertex 10.5517 -16.2483 3.3
      vertex 10.6659 -17.923 3.3
      vertex 10.6659 -16.2769 3.3
    endloop
  endfacet
  facet normal 0 0 1
    outer loop
      vertex 10.5517 -16.2483 3.3
      vertex 10.5517 -17.9517 3.3
      vertex 10.6659 -17.923 3.3
    endloop
  endfacet
  facet normal 0 0 1
    outer loop
      vertex 10.4408 -16.2086 3.3
      vertex 10.5517 -17.9517 3.3
      vertex 10.5517 -16.2483 3.3
    endloop
  endfacet
  facet normal 0 0 1
    outer loop
      vertex 10.4408 -16.2086 3.3
      vertex 10.4408 -17.9913 3.3
      vertex 10.5517 -17.9517 3.3
    endloop
  endfacet
  facet normal 0 0 1
    outer loop
      vertex 10.3343 -16.1583 3.3
      vertex 10.4408 -17.9913 3.3
      vertex 10.4408 -16.2086 3.3
    endloop
  endfacet
  facet normal 0 0 1
    outer loop
      vertex 10.3343 -16.1583 3.3
      vertex 10.3343 -18.0417 3.3
      vertex 10.4408 -17.9913 3.3
    endloop
  endfacet
  facet normal 0 0 1
    outer loop
      vertex 10.2333 -16.0977 3.3
      vertex 10.3343 -18.0417 3.3
      vertex 10.3343 -16.1583 3.3
    endloop
  endfacet
  facet normal 0 0 1
    outer loop
      vertex 10.2333 -16.0977 3.3
      vertex 10.2333 -18.1022 3.3
      vertex 10.3343 -18.0417 3.3
    endloop
  endfacet
  facet normal 0 0 1
    outer loop
      vertex 10.1387 -16.0276 3.3
      vertex 10.2333 -18.1022 3.3
      vertex 10.2333 -16.0977 3.3
    endloop
  endfacet
  facet normal 0 0 1
    outer loop
      vertex 10.1387 -16.0276 3.3
      vertex 10.1387 -18.1724 3.3
      vertex 10.2333 -18.1022 3.3
    endloop
  endfacet
  facet normal 0 0 1
    outer loop
      vertex 10.0515 -15.9485 3.3
      vertex 10.1387 -18.1724 3.3
      vertex 10.1387 -16.0276 3.3
    endloop
  endfacet
  facet normal 0 0 1
    outer loop
      vertex 10.0515 -15.9485 3.3
      vertex 10.0515 -18.2515 3.3
      vertex 10.1387 -18.1724 3.3
    endloop
  endfacet
  facet normal 0 0 1
    outer loop
      vertex 9.97238 -15.8613 3.3
      vertex 10.0515 -18.2515 3.3
      vertex 10.0515 -15.9485 3.3
    endloop
  endfacet
  facet normal 0 0 1
    outer loop
      vertex 9.97238 -15.8613 3.3
      vertex 9.97238 -18.3387 3.3
      vertex 10.0515 -18.2515 3.3
    endloop
  endfacet
  facet normal 0 0 1
    outer loop
      vertex 9.75166 -15.4483 3.3
      vertex 8.04832 -15.4483 3.3
      vertex 9.79134 -15.5592 3.3
    endloop
  endfacet
  facet normal 0 0 1
    outer loop
      vertex 8.00865 -15.5592 3.3
      vertex 9.79134 -15.5592 3.3
      vertex 8.04832 -15.4483 3.3
    endloop
  endfacet
  facet normal 0 0 1
    outer loop
      vertex 8.04832 -15.4483 3.3
      vertex 9.75166 -15.4483 3.3
      vertex 8.07693 -15.3341 3.3
    endloop
  endfacet
  facet normal 0 0 1
    outer loop
      vertex 9.79134 -15.5592 3.3
      vertex 8.00865 -15.5592 3.3
      vertex 9.84169 -15.6657 3.3
    endloop
  endfacet
  facet normal 0 0 1
    outer loop
      vertex 9.72305 -15.3341 3.3
      vertex 8.07693 -15.3341 3.3
      vertex 9.75166 -15.4483 3.3
    endloop
  endfacet
  facet normal 0 0 1
    outer loop
      vertex 9.97238 -18.3387 3.3
      vertex 8.09999 -19.1 3.3
      vertex 9.90224 -18.4333 3.3
    endloop
  endfacet
  facet normal 0 0 1
    outer loop
      vertex 8.07693 -15.3341 3.3
      vertex 9.72305 -15.3341 3.3
      vertex 8.09422 -15.2176 3.3
    endloop
  endfacet
  facet normal 0 0 1
    outer loop
      vertex 9.90224 -18.4333 3.3
      vertex 8.09999 -19.1 3.3
      vertex 9.84169 -18.5343 3.3
    endloop
  endfacet
  facet normal 0 0 1
    outer loop
      vertex 9.70576 -15.2176 3.3
      vertex 8.09422 -15.2176 3.3
      vertex 9.72305 -15.3341 3.3
    endloop
  endfacet
  facet normal 0 0 1
    outer loop
      vertex 9.84169 -18.5343 3.3
      vertex 8.09999 -19.1 3.3
      vertex 9.79134 -18.6408 3.3
    endloop
  endfacet
  facet normal 0 0 1
    outer loop
      vertex 8.09422 -15.2176 3.3
      vertex 9.70576 -15.2176 3.3
      vertex 8.09999 -15.1 3.3
    endloop
  endfacet
  facet normal 0 0 1
    outer loop
      vertex 9.79134 -18.6408 3.3
      vertex 8.09999 -19.1 3.3
      vertex 9.75166 -18.7516 3.3
    endloop
  endfacet
  facet normal -0 0 1
    outer loop
      vertex 8.09999 -15.1 3.3
      vertex 9.70576 -15.2176 3.3
      vertex 9.7 -15.1 3.3
    endloop
  endfacet
  facet normal 0 0 1
    outer loop
      vertex 9.75166 -18.7516 3.3
      vertex 8.09999 -19.1 3.3
      vertex 9.72305 -18.8659 3.3
    endloop
  endfacet
  facet normal 0 0 1
    outer loop
      vertex 32.9483 5.15166 3.3
      vertex 25.8942 -5.18239 3.3
      vertex 25.9 -5.3 3.3
    endloop
  endfacet
  facet normal 0 0 1
    outer loop
      vertex 32.7176 5.10576 3.3
      vertex 25.8769 -5.06589 3.3
      vertex 25.8942 -5.18239 3.3
    endloop
  endfacet
  facet normal 0 0 1
    outer loop
      vertex 32.7176 5.10576 3.3
      vertex 25.8483 -4.95166 3.3
      vertex 25.8769 -5.06589 3.3
    endloop
  endfacet
  facet normal 0 0 1
    outer loop
      vertex 32.6 5.09999 3.3
      vertex 25.8086 -4.84079 3.3
      vertex 25.8483 -4.95166 3.3
    endloop
  endfacet
  facet normal 0 0 1
    outer loop
      vertex 32.6 5.09999 3.3
      vertex 25.7583 -4.73433 3.3
      vertex 25.8086 -4.84079 3.3
    endloop
  endfacet
  facet normal 0 0 1
    outer loop
      vertex 32.6 5.09999 3.3
      vertex 25.6977 -4.63332 3.3
      vertex 25.7583 -4.73433 3.3
    endloop
  endfacet
  facet normal 0 0 1
    outer loop
      vertex 32.6 5.09999 3.3
      vertex 25.6276 -4.53873 3.3
      vertex 25.6977 -4.63332 3.3
    endloop
  endfacet
  facet normal 0 0 1
    outer loop
      vertex 32.6 5.09999 3.3
      vertex 25.5485 -4.45148 3.3
      vertex 25.6276 -4.53873 3.3
    endloop
  endfacet
  facet normal 0 0 1
    outer loop
      vertex 32.6 5.09999 3.3
      vertex 25.4613 -4.37239 3.3
      vertex 25.5485 -4.45148 3.3
    endloop
  endfacet
  facet normal 0 0 1
    outer loop
      vertex 32.6 5.09999 3.3
      vertex 25.3667 -4.30225 3.3
      vertex 25.4613 -4.37239 3.3
    endloop
  endfacet
  facet normal 0 0 1
    outer loop
      vertex 32.6 5.09999 3.3
      vertex 25.2657 -4.2417 3.3
      vertex 25.3667 -4.30225 3.3
    endloop
  endfacet
  facet normal 0 0 1
    outer loop
      vertex 32.6 5.09999 3.3
      vertex 25.1592 -4.19135 3.3
      vertex 25.2657 -4.2417 3.3
    endloop
  endfacet
  facet normal 0 0 1
    outer loop
      vertex 32.6 5.09999 3.3
      vertex 25.0483 -4.15167 3.3
      vertex 25.1592 -4.19135 3.3
    endloop
  endfacet
  facet normal 0 0 1
    outer loop
      vertex 32.6 5.09999 3.3
      vertex 24.9341 -4.12306 3.3
      vertex 25.0483 -4.15167 3.3
    endloop
  endfacet
  facet normal 0 0 1
    outer loop
      vertex 32.6 5.09999 3.3
      vertex 24.8176 -4.10577 3.3
      vertex 24.9341 -4.12306 3.3
    endloop
  endfacet
  facet normal 0 0 1
    outer loop
      vertex 32.6 5.09999 3.3
      vertex 24.7 -4.10001 3.3
      vertex 24.8176 -4.10577 3.3
    endloop
  endfacet
  facet normal 0 0 1
    outer loop
      vertex 32.6 5.09999 3.3
      vertex 10.9 -4.10001 3.3
      vertex 24.7 -4.10001 3.3
    endloop
  endfacet
  facet normal -0 0 1
    outer loop
      vertex 1.99998 5.09999 3.3
      vertex 10.9 -4.10001 3.3
      vertex 32.6 5.09999 3.3
    endloop
  endfacet
  facet normal 0 0 1
    outer loop
      vertex 10.9 -4.10001 3.3
      vertex 1.99998 5.09999 3.3
      vertex 10.7824 -4.10577 3.3
    endloop
  endfacet
  facet normal 0 0 1
    outer loop
      vertex 10.7824 -4.10577 3.3
      vertex 1.99998 5.09999 3.3
      vertex 10.6659 -4.12306 3.3
    endloop
  endfacet
  facet normal 0 0 1
    outer loop
      vertex 10.6659 -4.12306 3.3
      vertex 1.99998 5.09999 3.3
      vertex 10.5517 -4.15167 3.3
    endloop
  endfacet
  facet normal 0 0 1
    outer loop
      vertex 8.09999 -15.1 3.3
      vertex 9.7 -15.1 3.3
      vertex 9.7 -5.3 3.3
    endloop
  endfacet
  facet normal 0 0 1
    outer loop
      vertex 9.72305 -18.8659 3.3
      vertex 8.09999 -19.1 3.3
      vertex 9.70576 -18.9824 3.3
    endloop
  endfacet
  facet normal 0 0 1
    outer loop
      vertex 8.09999 -15.1 3.3
      vertex 9.7 -5.3 3.3
      vertex 8.09999 -5.3 3.3
    endloop
  endfacet
  facet normal 0 0 1
    outer loop
      vertex 9.70576 -5.18239 3.3
      vertex 8.09999 -5.3 3.3
      vertex 9.7 -5.3 3.3
    endloop
  endfacet
  facet normal 0 0 1
    outer loop
      vertex 8.09422 -5.18239 3.3
      vertex 9.70576 -5.18239 3.3
      vertex 9.72305 -5.06589 3.3
    endloop
  endfacet
  facet normal 0 0 1
    outer loop
      vertex 8.07693 -5.06589 3.3
      vertex 9.72305 -5.06589 3.3
      vertex 9.75166 -4.95166 3.3
    endloop
  endfacet
  facet normal 0 0 1
    outer loop
      vertex 8.04832 -4.95166 3.3
      vertex 9.75166 -4.95166 3.3
      vertex 9.79134 -4.84079 3.3
    endloop
  endfacet
  facet normal 0 0 1
    outer loop
      vertex 8.00865 -4.84079 3.3
      vertex 9.79134 -4.84079 3.3
      vertex 9.84169 -4.73433 3.3
    endloop
  endfacet
  facet normal 0 0 1
    outer loop
      vertex 7.9583 -4.73433 3.3
      vertex 9.84169 -4.73433 3.3
      vertex 9.90224 -4.63332 3.3
    endloop
  endfacet
  facet normal 0 0 1
    outer loop
      vertex 7.89775 -4.63332 3.3
      vertex 9.90224 -4.63332 3.3
      vertex 9.97238 -4.53873 3.3
    endloop
  endfacet
  facet normal 0 0 1
    outer loop
      vertex 7.82761 -4.53873 3.3
      vertex 9.97238 -4.53873 3.3
      vertex 10.0515 -4.45148 3.3
    endloop
  endfacet
  facet normal 0 0 1
    outer loop
      vertex 7.74852 -4.45148 3.3
      vertex 10.0515 -4.45148 3.3
      vertex 10.1387 -4.37239 3.3
    endloop
  endfacet
  facet normal 0 0 1
    outer loop
      vertex 7.66127 -4.37239 3.3
      vertex 10.1387 -4.37239 3.3
      vertex 10.2333 -4.30225 3.3
    endloop
  endfacet
  facet normal 0 0 1
    outer loop
      vertex 7.56668 -4.30225 3.3
      vertex 10.2333 -4.30225 3.3
      vertex 10.3343 -4.2417 3.3
    endloop
  endfacet
  facet normal 0 0 1
    outer loop
      vertex 9.70576 -5.18239 3.3
      vertex 8.09422 -5.18239 3.3
      vertex 8.09999 -5.3 3.3
    endloop
  endfacet
  facet normal 0 0 1
    outer loop
      vertex 7.46567 -4.2417 3.3
      vertex 10.3343 -4.2417 3.3
      vertex 10.4408 -4.19135 3.3
    endloop
  endfacet
  facet normal 0 0 1
    outer loop
      vertex 9.72305 -5.06589 3.3
      vertex 8.07693 -5.06589 3.3
      vertex 8.09422 -5.18239 3.3
    endloop
  endfacet
  facet normal 0 -0 1
    outer loop
      vertex 7.24834 -4.15167 3.3
      vertex 10.5517 -4.15167 3.3
      vertex 1.99998 5.09999 3.3
    endloop
  endfacet
  facet normal 0 0 1
    outer loop
      vertex 9.75166 -4.95166 3.3
      vertex 8.04832 -4.95166 3.3
      vertex 8.07693 -5.06589 3.3
    endloop
  endfacet
  facet normal 0 0 1
    outer loop
      vertex 9.79134 -4.84079 3.3
      vertex 8.00865 -4.84079 3.3
      vertex 8.04832 -4.95166 3.3
    endloop
  endfacet
  facet normal 0 0 1
    outer loop
      vertex 9.84169 -4.73433 3.3
      vertex 7.9583 -4.73433 3.3
      vertex 8.00865 -4.84079 3.3
    endloop
  endfacet
  facet normal 0 0 1
    outer loop
      vertex 9.90224 -4.63332 3.3
      vertex 7.89775 -4.63332 3.3
      vertex 7.9583 -4.73433 3.3
    endloop
  endfacet
  facet normal 0 0 1
    outer loop
      vertex 9.97238 -4.53873 3.3
      vertex 7.82761 -4.53873 3.3
      vertex 7.89775 -4.63332 3.3
    endloop
  endfacet
  facet normal 0 0 1
    outer loop
      vertex 10.0515 -4.45148 3.3
      vertex 7.74852 -4.45148 3.3
      vertex 7.82761 -4.53873 3.3
    endloop
  endfacet
  facet normal 0 0 1
    outer loop
      vertex 10.1387 -4.37239 3.3
      vertex 7.66127 -4.37239 3.3
      vertex 7.74852 -4.45148 3.3
    endloop
  endfacet
  facet normal 0 0 1
    outer loop
      vertex 10.5517 -4.15167 3.3
      vertex 7.24834 -4.15167 3.3
      vertex 10.4408 -4.19135 3.3
    endloop
  endfacet
  facet normal 0 0 1
    outer loop
      vertex 10.2333 -4.30225 3.3
      vertex 7.56668 -4.30225 3.3
      vertex 7.66127 -4.37239 3.3
    endloop
  endfacet
  facet normal 0 0 1
    outer loop
      vertex 10.3343 -4.2417 3.3
      vertex 7.46567 -4.2417 3.3
      vertex 7.56668 -4.30225 3.3
    endloop
  endfacet
  facet normal 0 0 1
    outer loop
      vertex 10.4408 -4.19135 3.3
      vertex 7.35921 -4.19135 3.3
      vertex 7.46567 -4.2417 3.3
    endloop
  endfacet
  facet normal 0 0 1
    outer loop
      vertex 10.4408 -4.19135 3.3
      vertex 7.24834 -4.15167 3.3
      vertex 7.35921 -4.19135 3.3
    endloop
  endfacet
  facet normal 0 0 1
    outer loop
      vertex 7.24834 -4.15167 3.3
      vertex 1.99998 5.09999 3.3
      vertex 7.13411 -4.12306 3.3
    endloop
  endfacet
  facet normal 0 0 1
    outer loop
      vertex 7.13411 -4.12306 3.3
      vertex 1.99998 5.09999 3.3
      vertex 7.01761 -4.10577 3.3
    endloop
  endfacet
  facet normal 0 0 1
    outer loop
      vertex 7.01761 -4.10577 3.3
      vertex 1.99998 5.09999 3.3
      vertex 6.89999 -4.10001 3.3
    endloop
  endfacet
  facet normal 0 0 1
    outer loop
      vertex 1.88237 5.10576 3.3
      vertex 6.89999 -4.10001 3.3
      vertex 1.99998 5.09999 3.3
    endloop
  endfacet
  facet normal 0 0 1
    outer loop
      vertex 1.76587 5.12305 3.3
      vertex 6.89999 -4.10001 3.3
      vertex 1.88237 5.10576 3.3
    endloop
  endfacet
  facet normal 0 0 1
    outer loop
      vertex 1.65164 5.15166 3.3
      vertex 6.89999 -4.10001 3.3
      vertex 1.76587 5.12305 3.3
    endloop
  endfacet
  facet normal 0 0 1
    outer loop
      vertex -1.65164 5.15166 3.3
      vertex 1.65164 5.15166 3.3
      vertex 1.54077 5.19133 3.3
    endloop
  endfacet
  facet normal 0 0 1
    outer loop
      vertex -1.54077 5.19133 3.3
      vertex 1.54077 5.19133 3.3
      vertex 1.43431 5.24168 3.3
    endloop
  endfacet
  facet normal 0 0 1
    outer loop
      vertex -1.43431 5.24168 3.3
      vertex 1.43431 5.24168 3.3
      vertex 1.3333 5.30223 3.3
    endloop
  endfacet
  facet normal 0 0 1
    outer loop
      vertex -1.3333 5.30223 3.3
      vertex 1.3333 5.30223 3.3
      vertex 1.23871 5.37238 3.3
    endloop
  endfacet
  facet normal 0 0 1
    outer loop
      vertex -1.23871 5.37238 3.3
      vertex 1.23871 5.37238 3.3
      vertex 1.15146 5.45146 3.3
    endloop
  endfacet
  facet normal 0 0 1
    outer loop
      vertex -1.15146 5.45146 3.3
      vertex 1.15146 5.45146 3.3
      vertex 1.07237 5.53871 3.3
    endloop
  endfacet
  facet normal 0 0 1
    outer loop
      vertex -1.07237 5.53871 3.3
      vertex 1.07237 5.53871 3.3
      vertex 1.00223 5.6333 3.3
    endloop
  endfacet
  facet normal 0 0 1
    outer loop
      vertex -0.799988 6.29999 3.3
      vertex 0.799988 6.29999 3.3
      vertex -0.799988 28.9 3.3
    endloop
  endfacet
  facet normal 0 0 1
    outer loop
      vertex 0.799988 6.29999 3.3
      vertex -0.799988 6.29999 3.3
      vertex 0.805756 6.18237 3.3
    endloop
  endfacet
  facet normal 0 0 1
    outer loop
      vertex -0.805756 6.18237 3.3
      vertex 0.805756 6.18237 3.3
      vertex -0.799988 6.29999 3.3
    endloop
  endfacet
  facet normal 0 0 1
    outer loop
      vertex 0.805756 6.18237 3.3
      vertex -0.805756 6.18237 3.3
      vertex 0.823044 6.06587 3.3
    endloop
  endfacet
  facet normal 0 0 1
    outer loop
      vertex -0.823044 6.06587 3.3
      vertex 0.823044 6.06587 3.3
      vertex -0.805756 6.18237 3.3
    endloop
  endfacet
  facet normal 0 0 1
    outer loop
      vertex 0.823044 6.06587 3.3
      vertex -0.823044 6.06587 3.3
      vertex 0.851654 5.95164 3.3
    endloop
  endfacet
  facet normal 0 0 1
    outer loop
      vertex -0.851654 5.95164 3.3
      vertex 0.851654 5.95164 3.3
      vertex -0.823044 6.06587 3.3
    endloop
  endfacet
  facet normal 0 0 1
    outer loop
      vertex 0.851654 5.95164 3.3
      vertex -0.851654 5.95164 3.3
      vertex 0.891327 5.84077 3.3
    endloop
  endfacet
  facet normal 0 0 1
    outer loop
      vertex -0.891327 5.84077 3.3
      vertex 0.891327 5.84077 3.3
      vertex -0.851654 5.95164 3.3
    endloop
  endfacet
  facet normal 0 0 1
    outer loop
      vertex 0.891327 5.84077 3.3
      vertex -0.891327 5.84077 3.3
      vertex 0.941681 5.73431 3.3
    endloop
  endfacet
  facet normal 0 0 1
    outer loop
      vertex -0.941681 5.73431 3.3
      vertex 0.941681 5.73431 3.3
      vertex -0.891327 5.84077 3.3
    endloop
  endfacet
  facet normal 0 0 1
    outer loop
      vertex 0.941681 5.73431 3.3
      vertex -0.941681 5.73431 3.3
      vertex 1.00223 5.6333 3.3
    endloop
  endfacet
  facet normal 0 0 1
    outer loop
      vertex -1.00223 5.6333 3.3
      vertex 1.00223 5.6333 3.3
      vertex -0.941681 5.73431 3.3
    endloop
  endfacet
  facet normal 0 0 1
    outer loop
      vertex -1.07237 5.53871 3.3
      vertex 1.00223 5.6333 3.3
      vertex -1.00223 5.6333 3.3
    endloop
  endfacet
  facet normal 0 0 1
    outer loop
      vertex 1.07237 5.53871 3.3
      vertex -1.07237 5.53871 3.3
      vertex -1.15146 5.45146 3.3
    endloop
  endfacet
  facet normal 0 0 1
    outer loop
      vertex 1.15146 5.45146 3.3
      vertex -1.15146 5.45146 3.3
      vertex -1.23871 5.37238 3.3
    endloop
  endfacet
  facet normal 0 0 1
    outer loop
      vertex 1.23871 5.37238 3.3
      vertex -1.23871 5.37238 3.3
      vertex -1.3333 5.30223 3.3
    endloop
  endfacet
  facet normal 0 0 1
    outer loop
      vertex 1.3333 5.30223 3.3
      vertex -1.3333 5.30223 3.3
      vertex -1.43431 5.24168 3.3
    endloop
  endfacet
  facet normal 0 0 1
    outer loop
      vertex 1.43431 5.24168 3.3
      vertex -1.43431 5.24168 3.3
      vertex -1.54077 5.19133 3.3
    endloop
  endfacet
  facet normal 0 0 1
    outer loop
      vertex 1.54077 5.19133 3.3
      vertex -1.54077 5.19133 3.3
      vertex -1.65164 5.15166 3.3
    endloop
  endfacet
  facet normal 0 0 1
    outer loop
      vertex 1.65164 5.15166 3.3
      vertex -1.65164 5.15166 3.3
      vertex 6.89999 -4.10001 3.3
    endloop
  endfacet
  facet normal -0 0 1
    outer loop
      vertex -1.76587 5.12305 3.3
      vertex 6.89999 -4.10001 3.3
      vertex -1.65164 5.15166 3.3
    endloop
  endfacet
  facet normal 0 0 1
    outer loop
      vertex -6.89998 -4.10001 3.3
      vertex -1.76587 5.12305 3.3
      vertex -1.88237 5.10576 3.3
    endloop
  endfacet
  facet normal 0 0 1
    outer loop
      vertex -6.89998 -4.10001 3.3
      vertex -1.88237 5.10576 3.3
      vertex -1.99998 5.09999 3.3
    endloop
  endfacet
  facet normal 0 0 1
    outer loop
      vertex -1.76587 5.12305 3.3
      vertex -6.89998 -4.10001 3.3
      vertex 6.89999 -4.10001 3.3
    endloop
  endfacet
  facet normal 0 0 1
    outer loop
      vertex -1.99998 5.09999 3.3
      vertex -7.01759 -4.10577 3.3
      vertex -6.89998 -4.10001 3.3
    endloop
  endfacet
  facet normal 0 0 1
    outer loop
      vertex -1.99998 5.09999 3.3
      vertex -7.13409 -4.12306 3.3
      vertex -7.01759 -4.10577 3.3
    endloop
  endfacet
  facet normal 0 0 1
    outer loop
      vertex -1.99998 5.09999 3.3
      vertex -7.24832 -4.15167 3.3
      vertex -7.13409 -4.12306 3.3
    endloop
  endfacet
  facet normal 0 0 1
    outer loop
      vertex -10.5517 -4.15167 3.3
      vertex -7.24832 -4.15167 3.3
      vertex -1.99998 5.09999 3.3
    endloop
  endfacet
  facet normal 0 0 1
    outer loop
      vertex -7.24832 -4.15167 3.3
      vertex -10.5517 -4.15167 3.3
      vertex -7.35919 -4.19135 3.3
    endloop
  endfacet
  facet normal 0 -0 1
    outer loop
      vertex -10.4408 -4.19135 3.3
      vertex -7.35919 -4.19135 3.3
      vertex -10.5517 -4.15167 3.3
    endloop
  endfacet
  facet normal 0 0 1
    outer loop
      vertex -7.35919 -4.19135 3.3
      vertex -10.4408 -4.19135 3.3
      vertex -7.46565 -4.2417 3.3
    endloop
  endfacet
  facet normal 0 -0 1
    outer loop
      vertex -10.3343 -4.2417 3.3
      vertex -7.46565 -4.2417 3.3
      vertex -10.4408 -4.19135 3.3
    endloop
  endfacet
  facet normal 0 0 1
    outer loop
      vertex -7.46565 -4.2417 3.3
      vertex -10.3343 -4.2417 3.3
      vertex -7.56667 -4.30225 3.3
    endloop
  endfacet
  facet normal 0 0 1
    outer loop
      vertex -7.56667 -4.30225 3.3
      vertex -10.2333 -4.30225 3.3
      vertex -7.66125 -4.37239 3.3
    endloop
  endfacet
  facet normal 0 0 1
    outer loop
      vertex -9.7 -15.1 3.3
      vertex -8.09998 -15.1 3.3
      vertex -8.09998 -5.3 3.3
    endloop
  endfacet
  facet normal 0 0 1
    outer loop
      vertex -8.07692 -18.8659 3.3
      vertex -9.7 -19.1 3.3
      vertex -8.09421 -18.9824 3.3
    endloop
  endfacet
  facet normal 0 0 1
    outer loop
      vertex -9.7 -15.1 3.3
      vertex -8.09998 -5.3 3.3
      vertex -9.7 -5.3 3.3
    endloop
  endfacet
  facet normal 0 0 1
    outer loop
      vertex -8.09421 -5.18239 3.3
      vertex -9.7 -5.3 3.3
      vertex -8.09998 -5.3 3.3
    endloop
  endfacet
  facet normal 0 0 1
    outer loop
      vertex -9.70576 -5.18239 3.3
      vertex -8.09421 -5.18239 3.3
      vertex -8.07692 -5.06589 3.3
    endloop
  endfacet
  facet normal 0 0 1
    outer loop
      vertex -9.72305 -5.06589 3.3
      vertex -8.07692 -5.06589 3.3
      vertex -8.04831 -4.95166 3.3
    endloop
  endfacet
  facet normal 0 0 1
    outer loop
      vertex -9.75166 -4.95166 3.3
      vertex -8.04831 -4.95166 3.3
      vertex -8.00864 -4.84079 3.3
    endloop
  endfacet
  facet normal 0 0 1
    outer loop
      vertex -9.79134 -4.84079 3.3
      vertex -8.00864 -4.84079 3.3
      vertex -7.95828 -4.73433 3.3
    endloop
  endfacet
  facet normal 0 0 1
    outer loop
      vertex -9.84169 -4.73433 3.3
      vertex -7.95828 -4.73433 3.3
      vertex -7.89774 -4.63332 3.3
    endloop
  endfacet
  facet normal 0 -0 1
    outer loop
      vertex -10.1387 -4.37239 3.3
      vertex -7.66125 -4.37239 3.3
      vertex -10.2333 -4.30225 3.3
    endloop
  endfacet
  facet normal 0 0 1
    outer loop
      vertex -8.09421 -5.18239 3.3
      vertex -9.70576 -5.18239 3.3
      vertex -9.7 -5.3 3.3
    endloop
  endfacet
  facet normal 0 0 1
    outer loop
      vertex -8.07692 -5.06589 3.3
      vertex -9.72305 -5.06589 3.3
      vertex -9.70576 -5.18239 3.3
    endloop
  endfacet
  facet normal 0 0 1
    outer loop
      vertex -8.04831 -4.95166 3.3
      vertex -9.75166 -4.95166 3.3
      vertex -9.72305 -5.06589 3.3
    endloop
  endfacet
  facet normal 0 0 1
    outer loop
      vertex -8.00864 -4.84079 3.3
      vertex -9.79134 -4.84079 3.3
      vertex -9.75166 -4.95166 3.3
    endloop
  endfacet
  facet normal 0 0 1
    outer loop
      vertex -7.95828 -4.73433 3.3
      vertex -9.84169 -4.73433 3.3
      vertex -9.79134 -4.84079 3.3
    endloop
  endfacet
  facet normal 0 0 1
    outer loop
      vertex -7.89774 -4.63332 3.3
      vertex -9.90224 -4.63332 3.3
      vertex -9.84169 -4.73433 3.3
    endloop
  endfacet
  facet normal 0 0 1
    outer loop
      vertex -7.89774 -4.63332 3.3
      vertex -9.97238 -4.53873 3.3
      vertex -9.90224 -4.63332 3.3
    endloop
  endfacet
  facet normal 0 0 1
    outer loop
      vertex -7.82759 -4.53873 3.3
      vertex -9.97238 -4.53873 3.3
      vertex -7.89774 -4.63332 3.3
    endloop
  endfacet
  facet normal 0 -0 1
    outer loop
      vertex -9.97238 -4.53873 3.3
      vertex -7.82759 -4.53873 3.3
      vertex -10.0515 -4.45148 3.3
    endloop
  endfacet
  facet normal 0 0 1
    outer loop
      vertex -7.7485 -4.45148 3.3
      vertex -10.0515 -4.45148 3.3
      vertex -7.82759 -4.53873 3.3
    endloop
  endfacet
  facet normal 0 -0 1
    outer loop
      vertex -10.0515 -4.45148 3.3
      vertex -7.7485 -4.45148 3.3
      vertex -10.1387 -4.37239 3.3
    endloop
  endfacet
  facet normal 0 0 1
    outer loop
      vertex -7.66125 -4.37239 3.3
      vertex -10.1387 -4.37239 3.3
      vertex -7.7485 -4.45148 3.3
    endloop
  endfacet
  facet normal 0 -0 1
    outer loop
      vertex -10.2333 -4.30225 3.3
      vertex -7.56667 -4.30225 3.3
      vertex -10.3343 -4.2417 3.3
    endloop
  endfacet
  facet normal 0 0 1
    outer loop
      vertex -1.99998 5.09999 3.3
      vertex -10.6659 -4.12306 3.3
      vertex -10.5517 -4.15167 3.3
    endloop
  endfacet
  facet normal 0 0 1
    outer loop
      vertex -1.99998 5.09999 3.3
      vertex -10.7824 -4.10577 3.3
      vertex -10.6659 -4.12306 3.3
    endloop
  endfacet
  facet normal 0 0 1
    outer loop
      vertex -1.99998 5.09999 3.3
      vertex -10.9 -4.10001 3.3
      vertex -10.7824 -4.10577 3.3
    endloop
  endfacet
  facet normal -0 0 1
    outer loop
      vertex -32.6 5.09999 3.3
      vertex -10.9 -4.10001 3.3
      vertex -1.99998 5.09999 3.3
    endloop
  endfacet
  facet normal 0 0 1
    outer loop
      vertex -10.9 -4.10001 3.3
      vertex -32.6 5.09999 3.3
      vertex -24.7 -4.10001 3.3
    endloop
  endfacet
  facet normal 0 0 1
    outer loop
      vertex -24.7 -4.10001 3.3
      vertex -32.6 5.09999 3.3
      vertex -24.8176 -4.10577 3.3
    endloop
  endfacet
  facet normal 0 0 1
    outer loop
      vertex -24.8176 -4.10577 3.3
      vertex -32.6 5.09999 3.3
      vertex -24.9341 -4.12306 3.3
    endloop
  endfacet
  facet normal 0 0 1
    outer loop
      vertex -24.9341 -4.12306 3.3
      vertex -32.6 5.09999 3.3
      vertex -25.0483 -4.15167 3.3
    endloop
  endfacet
  facet normal 0 0 1
    outer loop
      vertex -33.2667 5.30223 3.3
      vertex -25.9 -15.1 3.3
      vertex -25.9 -5.3 3.3
    endloop
  endfacet
  facet normal 0 0 1
    outer loop
      vertex -33.4485 5.45146 3.3
      vertex -25.9 -15.1 3.3
      vertex -33.3613 5.37238 3.3
    endloop
  endfacet
  facet normal 0 0 1
    outer loop
      vertex -25.8769 -5.06589 3.3
      vertex -32.8341 5.12305 3.3
      vertex -25.8942 -5.18239 3.3
    endloop
  endfacet
  facet normal 0 0 1
    outer loop
      vertex -32.8341 5.12305 3.3
      vertex -25.8769 -5.06589 3.3
      vertex -32.7176 5.10576 3.3
    endloop
  endfacet
  facet normal 0 0 1
    outer loop
      vertex -25.8483 -4.95166 3.3
      vertex -32.7176 5.10576 3.3
      vertex -25.8769 -5.06589 3.3
    endloop
  endfacet
  facet normal 0 0 1
    outer loop
      vertex -32.7176 5.10576 3.3
      vertex -25.8483 -4.95166 3.3
      vertex -32.6 5.09999 3.3
    endloop
  endfacet
  facet normal 0 0 1
    outer loop
      vertex -25.8086 -4.84079 3.3
      vertex -32.6 5.09999 3.3
      vertex -25.8483 -4.95166 3.3
    endloop
  endfacet
  facet normal 0 0 1
    outer loop
      vertex -25.7583 -4.73433 3.3
      vertex -32.6 5.09999 3.3
      vertex -25.8086 -4.84079 3.3
    endloop
  endfacet
  facet normal 0 0 1
    outer loop
      vertex -25.6977 -4.63332 3.3
      vertex -32.6 5.09999 3.3
      vertex -25.7583 -4.73433 3.3
    endloop
  endfacet
  facet normal 0 0 1
    outer loop
      vertex -25.6276 -4.53873 3.3
      vertex -32.6 5.09999 3.3
      vertex -25.6977 -4.63332 3.3
    endloop
  endfacet
  facet normal 0 0 1
    outer loop
      vertex -25.5485 -4.45148 3.3
      vertex -32.6 5.09999 3.3
      vertex -25.6276 -4.53873 3.3
    endloop
  endfacet
  facet normal 0 0 1
    outer loop
      vertex -25.4613 -4.37239 3.3
      vertex -32.6 5.09999 3.3
      vertex -25.5485 -4.45148 3.3
    endloop
  endfacet
  facet normal 0 0 1
    outer loop
      vertex -25.3667 -4.30225 3.3
      vertex -32.6 5.09999 3.3
      vertex -25.4613 -4.37239 3.3
    endloop
  endfacet
  facet normal 0 0 1
    outer loop
      vertex -25.2657 -4.2417 3.3
      vertex -32.6 5.09999 3.3
      vertex -25.3667 -4.30225 3.3
    endloop
  endfacet
  facet normal 0 0 1
    outer loop
      vertex -25.1592 -4.19135 3.3
      vertex -32.6 5.09999 3.3
      vertex -25.2657 -4.2417 3.3
    endloop
  endfacet
  facet normal 0 0 1
    outer loop
      vertex -25.0483 -4.15167 3.3
      vertex -32.6 5.09999 3.3
      vertex -25.1592 -4.19135 3.3
    endloop
  endfacet
  facet normal 0 0 1
    outer loop
      vertex 41.9609 45.4 3.3
      vertex 43.4 43.9609 3.3
      vertex 43.3913 44.1369 3.3
    endloop
  endfacet
  facet normal 0 0 1
    outer loop
      vertex 43.4 43.9609 3.3
      vertex 33.7942 6.18237 3.3
      vertex 43.4 -43.9609 3.3
    endloop
  endfacet
  facet normal 0 0 1
    outer loop
      vertex 41.9609 45.4 3.3
      vertex 43.3913 44.1369 3.3
      vertex 43.3712 44.2728 3.3
    endloop
  endfacet
  facet normal -0 0 1
    outer loop
      vertex 33.7769 6.06587 3.3
      vertex 43.4 -43.9609 3.3
      vertex 33.7942 6.18237 3.3
    endloop
  endfacet
  facet normal 0 0 1
    outer loop
      vertex 41.9609 45.4 3.3
      vertex 43.3712 44.2728 3.3
      vertex 43.3379 44.4059 3.3
    endloop
  endfacet
  facet normal 0 0 1
    outer loop
      vertex 43.4 43.9609 3.3
      vertex 33.8 6.29999 3.3
      vertex 33.7942 6.18237 3.3
    endloop
  endfacet
  facet normal 0 0 1
    outer loop
      vertex 41.9609 45.4 3.3
      vertex 43.3379 44.4059 3.3
      vertex 43.2917 44.535 3.3
    endloop
  endfacet
  facet normal -0 0 1
    outer loop
      vertex 33.7483 5.95164 3.3
      vertex 43.4 -43.9609 3.3
      vertex 33.7769 6.06587 3.3
    endloop
  endfacet
  facet normal 0 0 1
    outer loop
      vertex 41.9609 45.4 3.3
      vertex 43.2917 44.535 3.3
      vertex 43.233 44.659 3.3
    endloop
  endfacet
  facet normal -0 0 1
    outer loop
      vertex 33.7086 5.84077 3.3
      vertex 43.4 -43.9609 3.3
      vertex 33.7483 5.95164 3.3
    endloop
  endfacet
  facet normal 0 0 1
    outer loop
      vertex 41.9609 45.4 3.3
      vertex 43.233 44.659 3.3
      vertex 43.1625 44.7767 3.3
    endloop
  endfacet
  facet normal -0 0 1
    outer loop
      vertex 33.6583 5.73431 3.3
      vertex 43.4 -43.9609 3.3
      vertex 33.7086 5.84077 3.3
    endloop
  endfacet
  facet normal 0 0 1
    outer loop
      vertex 41.9609 45.4 3.3
      vertex 43.1625 44.7767 3.3
      vertex 43.0807 44.8869 3.3
    endloop
  endfacet
  facet normal -0 0 1
    outer loop
      vertex 33.5977 5.6333 3.3
      vertex 43.4 -43.9609 3.3
      vertex 33.6583 5.73431 3.3
    endloop
  endfacet
  facet normal 0 0 1
    outer loop
      vertex 41.9609 45.4 3.3
      vertex 43.0807 44.8869 3.3
      vertex 42.9886 44.9886 3.3
    endloop
  endfacet
  facet normal -0 0 1
    outer loop
      vertex 33.5276 5.53871 3.3
      vertex 43.4 -43.9609 3.3
      vertex 33.5977 5.6333 3.3
    endloop
  endfacet
  facet normal 0 0 1
    outer loop
      vertex 41.9609 45.4 3.3
      vertex 42.9886 44.9886 3.3
      vertex 42.8869 45.0807 3.3
    endloop
  endfacet
  facet normal -0 0 1
    outer loop
      vertex 25.9 -15.1 3.3
      vertex 43.4 -43.9609 3.3
      vertex 33.5276 5.53871 3.3
    endloop
  endfacet
  facet normal 0 0 1
    outer loop
      vertex 41.9609 45.4 3.3
      vertex 42.8869 45.0807 3.3
      vertex 42.7767 45.1625 3.3
    endloop
  endfacet
  facet normal -0 0 1
    outer loop
      vertex 25.8942 -15.2176 3.3
      vertex 43.4 -43.9609 3.3
      vertex 25.9 -15.1 3.3
    endloop
  endfacet
  facet normal 0 0 1
    outer loop
      vertex 41.9609 45.4 3.3
      vertex 42.7767 45.1625 3.3
      vertex 42.659 45.233 3.3
    endloop
  endfacet
  facet normal -0 0 1
    outer loop
      vertex 25.9 -28.9 3.3
      vertex 43.4 -43.9609 3.3
      vertex 25.9 -19.1 3.3
    endloop
  endfacet
  facet normal 0 0 1
    outer loop
      vertex 41.9609 45.4 3.3
      vertex 42.659 45.233 3.3
      vertex 42.535 45.2917 3.3
    endloop
  endfacet
  facet normal -0 0 1
    outer loop
      vertex 25.8942 -29.0176 3.3
      vertex 43.4 -43.9609 3.3
      vertex 25.9 -28.9 3.3
    endloop
  endfacet
  facet normal 0 0 1
    outer loop
      vertex 41.9609 45.4 3.3
      vertex 42.535 45.2917 3.3
      vertex 42.4059 45.3379 3.3
    endloop
  endfacet
  facet normal -0 0 1
    outer loop
      vertex 25.8769 -29.1341 3.3
      vertex 43.4 -43.9609 3.3
      vertex 25.8942 -29.0176 3.3
    endloop
  endfacet
  facet normal 0 0 1
    outer loop
      vertex 41.9609 45.4 3.3
      vertex 42.4059 45.3379 3.3
      vertex 42.2728 45.3712 3.3
    endloop
  endfacet
  facet normal -0 0 1
    outer loop
      vertex 25.8483 -29.2483 3.3
      vertex 43.4 -43.9609 3.3
      vertex 25.8769 -29.1341 3.3
    endloop
  endfacet
  facet normal 0 0 1
    outer loop
      vertex 41.9609 45.4 3.3
      vertex 42.2728 45.3712 3.3
      vertex 42.1369 45.3913 3.3
    endloop
  endfacet
  facet normal -0 0 1
    outer loop
      vertex 25.8086 -29.3592 3.3
      vertex 43.4 -43.9609 3.3
      vertex 25.8483 -29.2483 3.3
    endloop
  endfacet
  facet normal 0 0 1
    outer loop
      vertex 43.4 43.9609 3.3
      vertex 41.9609 45.4 3.3
      vertex 33.0592 30.0087 3.3
    endloop
  endfacet
  facet normal -0 0 1
    outer loop
      vertex 25.7583 -29.4657 3.3
      vertex 43.4 -43.9609 3.3
      vertex 25.8086 -29.3592 3.3
    endloop
  endfacet
  facet normal 0 0 1
    outer loop
      vertex 43.4 43.9609 3.3
      vertex 33.8 28.9 3.3
      vertex 33.8 6.29999 3.3
    endloop
  endfacet
  facet normal 0 0 1
    outer loop
      vertex 43.4 43.9609 3.3
      vertex 33.7942 29.0176 3.3
      vertex 33.8 28.9 3.3
    endloop
  endfacet
  facet normal 0 0 1
    outer loop
      vertex 43.4 43.9609 3.3
      vertex 33.7769 29.1341 3.3
      vertex 33.7942 29.0176 3.3
    endloop
  endfacet
  facet normal 0 0 1
    outer loop
      vertex 43.4 43.9609 3.3
      vertex 33.7483 29.2483 3.3
      vertex 33.7769 29.1341 3.3
    endloop
  endfacet
  facet normal 0 0 1
    outer loop
      vertex 43.4 43.9609 3.3
      vertex 33.7086 29.3592 3.3
      vertex 33.7483 29.2483 3.3
    endloop
  endfacet
  facet normal 0 0 1
    outer loop
      vertex 43.4 43.9609 3.3
      vertex 33.6583 29.4657 3.3
      vertex 33.7086 29.3592 3.3
    endloop
  endfacet
  facet normal 0 0 1
    outer loop
      vertex 43.4 43.9609 3.3
      vertex 33.5977 29.5667 3.3
      vertex 33.6583 29.4657 3.3
    endloop
  endfacet
  facet normal 0 0 1
    outer loop
      vertex 43.4 43.9609 3.3
      vertex 33.5276 29.6613 3.3
      vertex 33.5977 29.5667 3.3
    endloop
  endfacet
  facet normal 0 0 1
    outer loop
      vertex 43.4 43.9609 3.3
      vertex 33.4485 29.7485 3.3
      vertex 33.5276 29.6613 3.3
    endloop
  endfacet
  facet normal 0 0 1
    outer loop
      vertex 43.4 43.9609 3.3
      vertex 33.3613 29.8276 3.3
      vertex 33.4485 29.7485 3.3
    endloop
  endfacet
  facet normal 0 0 1
    outer loop
      vertex 43.4 43.9609 3.3
      vertex 33.2667 29.8978 3.3
      vertex 33.3613 29.8276 3.3
    endloop
  endfacet
  facet normal 0 0 1
    outer loop
      vertex 43.4 43.9609 3.3
      vertex 33.1657 29.9583 3.3
      vertex 33.2667 29.8978 3.3
    endloop
  endfacet
  facet normal 0 0 1
    outer loop
      vertex 43.4 43.9609 3.3
      vertex 33.0592 30.0087 3.3
      vertex 33.1657 29.9583 3.3
    endloop
  endfacet
  facet normal 0 0 1
    outer loop
      vertex 41.9609 45.4 3.3
      vertex 32.9483 30.0483 3.3
      vertex 33.0592 30.0087 3.3
    endloop
  endfacet
  facet normal 0 0 1
    outer loop
      vertex 41.9609 45.4 3.3
      vertex 32.8341 30.0769 3.3
      vertex 32.9483 30.0483 3.3
    endloop
  endfacet
  facet normal 0 0 1
    outer loop
      vertex 41.9609 45.4 3.3
      vertex 32.7176 30.0942 3.3
      vertex 32.8341 30.0769 3.3
    endloop
  endfacet
  facet normal 0 0 1
    outer loop
      vertex 41.9609 45.4 3.3
      vertex 32.6 30.1 3.3
      vertex 32.7176 30.0942 3.3
    endloop
  endfacet
  facet normal 0 0 1
    outer loop
      vertex 41.9609 45.4 3.3
      vertex 1.99998 30.1 3.3
      vertex 32.6 30.1 3.3
    endloop
  endfacet
  facet normal -0 0 1
    outer loop
      vertex -30.3372 45.4 3.3
      vertex 1.99998 30.1 3.3
      vertex 41.9609 45.4 3.3
    endloop
  endfacet
  facet normal 0 0 1
    outer loop
      vertex 1.99998 30.1 3.3
      vertex -30.3372 45.4 3.3
      vertex 1.88237 30.0942 3.3
    endloop
  endfacet
  facet normal 0 -0 1
    outer loop
      vertex -1.88237 30.0942 3.3
      vertex 1.88237 30.0942 3.3
      vertex -30.3372 45.4 3.3
    endloop
  endfacet
  facet normal 0 0 1
    outer loop
      vertex 1.88237 30.0942 3.3
      vertex -1.88237 30.0942 3.3
      vertex 1.76587 30.0769 3.3
    endloop
  endfacet
  facet normal 0 0 1
    outer loop
      vertex 0.799988 28.9 3.3
      vertex -0.799988 28.9 3.3
      vertex 0.799988 6.29999 3.3
    endloop
  endfacet
  facet normal 0 0 1
    outer loop
      vertex 0.805756 29.0176 3.3
      vertex -0.799988 28.9 3.3
      vertex 0.799988 28.9 3.3
    endloop
  endfacet
  facet normal 0 0 1
    outer loop
      vertex -0.805756 29.0176 3.3
      vertex 0.805756 29.0176 3.3
      vertex 0.823044 29.1341 3.3
    endloop
  endfacet
  facet normal 0 0 1
    outer loop
      vertex -0.823044 29.1341 3.3
      vertex 0.823044 29.1341 3.3
      vertex 0.851654 29.2483 3.3
    endloop
  endfacet
  facet normal 0 0 1
    outer loop
      vertex -0.851654 29.2483 3.3
      vertex 0.851654 29.2483 3.3
      vertex 0.891327 29.3592 3.3
    endloop
  endfacet
  facet normal 0 0 1
    outer loop
      vertex -0.891327 29.3592 3.3
      vertex 0.891327 29.3592 3.3
      vertex 0.941681 29.4657 3.3
    endloop
  endfacet
  facet normal 0 0 1
    outer loop
      vertex -0.941681 29.4657 3.3
      vertex 0.941681 29.4657 3.3
      vertex 1.00223 29.5667 3.3
    endloop
  endfacet
  facet normal 0 0 1
    outer loop
      vertex -1.00223 29.5667 3.3
      vertex 1.00223 29.5667 3.3
      vertex 1.07237 29.6613 3.3
    endloop
  endfacet
  facet normal 0 0 1
    outer loop
      vertex -1.07237 29.6613 3.3
      vertex 1.07237 29.6613 3.3
      vertex 1.15146 29.7485 3.3
    endloop
  endfacet
  facet normal 0 0 1
    outer loop
      vertex -1.15146 29.7485 3.3
      vertex 1.15146 29.7485 3.3
      vertex 1.23871 29.8276 3.3
    endloop
  endfacet
  facet normal 0 0 1
    outer loop
      vertex -1.23871 29.8276 3.3
      vertex 1.23871 29.8276 3.3
      vertex 1.3333 29.8978 3.3
    endloop
  endfacet
  facet normal 0 0 1
    outer loop
      vertex -1.3333 29.8978 3.3
      vertex 1.3333 29.8978 3.3
      vertex 1.43431 29.9583 3.3
    endloop
  endfacet
  facet normal 0 0 1
    outer loop
      vertex 0.805756 29.0176 3.3
      vertex -0.805756 29.0176 3.3
      vertex -0.799988 28.9 3.3
    endloop
  endfacet
  facet normal 0 0 1
    outer loop
      vertex -1.43431 29.9583 3.3
      vertex 1.43431 29.9583 3.3
      vertex 1.54077 30.0087 3.3
    endloop
  endfacet
  facet normal 0 0 1
    outer loop
      vertex 0.823044 29.1341 3.3
      vertex -0.823044 29.1341 3.3
      vertex -0.805756 29.0176 3.3
    endloop
  endfacet
  facet normal 0 -0 1
    outer loop
      vertex -1.76587 30.0769 3.3
      vertex 1.76587 30.0769 3.3
      vertex -1.88237 30.0942 3.3
    endloop
  endfacet
  facet normal 0 0 1
    outer loop
      vertex 0.851654 29.2483 3.3
      vertex -0.851654 29.2483 3.3
      vertex -0.823044 29.1341 3.3
    endloop
  endfacet
  facet normal 0 0 1
    outer loop
      vertex 0.891327 29.3592 3.3
      vertex -0.891327 29.3592 3.3
      vertex -0.851654 29.2483 3.3
    endloop
  endfacet
  facet normal 0 0 1
    outer loop
      vertex 0.941681 29.4657 3.3
      vertex -0.941681 29.4657 3.3
      vertex -0.891327 29.3592 3.3
    endloop
  endfacet
  facet normal 0 0 1
    outer loop
      vertex 1.00223 29.5667 3.3
      vertex -1.00223 29.5667 3.3
      vertex -0.941681 29.4657 3.3
    endloop
  endfacet
  facet normal 0 0 1
    outer loop
      vertex 1.07237 29.6613 3.3
      vertex -1.07237 29.6613 3.3
      vertex -1.00223 29.5667 3.3
    endloop
  endfacet
  facet normal 0 0 1
    outer loop
      vertex 1.15146 29.7485 3.3
      vertex -1.15146 29.7485 3.3
      vertex -1.07237 29.6613 3.3
    endloop
  endfacet
  facet normal 0 0 1
    outer loop
      vertex 1.23871 29.8276 3.3
      vertex -1.23871 29.8276 3.3
      vertex -1.15146 29.7485 3.3
    endloop
  endfacet
  facet normal 0 0 1
    outer loop
      vertex 1.3333 29.8978 3.3
      vertex -1.3333 29.8978 3.3
      vertex -1.23871 29.8276 3.3
    endloop
  endfacet
  facet normal 0 0 1
    outer loop
      vertex 1.43431 29.9583 3.3
      vertex -1.43431 29.9583 3.3
      vertex -1.3333 29.8978 3.3
    endloop
  endfacet
  facet normal 0 0 1
    outer loop
      vertex 1.54077 30.0087 3.3
      vertex -1.54077 30.0087 3.3
      vertex -1.43431 29.9583 3.3
    endloop
  endfacet
  facet normal 0 0 1
    outer loop
      vertex 1.54077 30.0087 3.3
      vertex -1.65164 30.0483 3.3
      vertex -1.54077 30.0087 3.3
    endloop
  endfacet
  facet normal 0 0 1
    outer loop
      vertex 1.65164 30.0483 3.3
      vertex -1.65164 30.0483 3.3
      vertex 1.54077 30.0087 3.3
    endloop
  endfacet
  facet normal 0 -0 1
    outer loop
      vertex -1.65164 30.0483 3.3
      vertex 1.65164 30.0483 3.3
      vertex -1.76587 30.0769 3.3
    endloop
  endfacet
  facet normal 0 0 1
    outer loop
      vertex 1.76587 30.0769 3.3
      vertex -1.76587 30.0769 3.3
      vertex 1.65164 30.0483 3.3
    endloop
  endfacet
  facet normal 0 0 1
    outer loop
      vertex -1.88237 30.0942 3.3
      vertex -30.3372 45.4 3.3
      vertex -1.99998 30.1 3.3
    endloop
  endfacet
  facet normal 0 0 1
    outer loop
      vertex -30.3372 45.4 3.3
      vertex -32.6 30.1 3.3
      vertex -1.99998 30.1 3.3
    endloop
  endfacet
  facet normal 0 0 1
    outer loop
      vertex -30.3372 45.4 3.3
      vertex -32.7176 30.0942 3.3
      vertex -32.6 30.1 3.3
    endloop
  endfacet
  facet normal 0 0 1
    outer loop
      vertex -30.3372 45.4 3.3
      vertex -32.8341 30.0769 3.3
      vertex -32.7176 30.0942 3.3
    endloop
  endfacet
  facet normal 0 0 1
    outer loop
      vertex -30.3372 45.4 3.3
      vertex -32.9483 30.0483 3.3
      vertex -32.8341 30.0769 3.3
    endloop
  endfacet
  facet normal 0 0 1
    outer loop
      vertex -30.3372 45.4 3.3
      vertex -33.0592 30.0087 3.3
      vertex -32.9483 30.0483 3.3
    endloop
  endfacet
  facet normal -0 0 1
    outer loop
      vertex -43.4 32.3372 3.3
      vertex -33.0592 30.0087 3.3
      vertex -30.3372 45.4 3.3
    endloop
  endfacet
  facet normal 0 0 1
    outer loop
      vertex -33.0592 30.0087 3.3
      vertex -43.4 32.3372 3.3
      vertex -33.1657 29.9583 3.3
    endloop
  endfacet
  facet normal 0 0 1
    outer loop
      vertex -33.1657 29.9583 3.3
      vertex -43.4 32.3372 3.3
      vertex -33.2667 29.8978 3.3
    endloop
  endfacet
  facet normal 0 0 1
    outer loop
      vertex -33.2667 29.8978 3.3
      vertex -43.4 32.3372 3.3
      vertex -33.3613 29.8276 3.3
    endloop
  endfacet
  facet normal 0 0 1
    outer loop
      vertex -33.3613 29.8276 3.3
      vertex -43.4 32.3372 3.3
      vertex -33.4485 29.7485 3.3
    endloop
  endfacet
  facet normal 0 0 1
    outer loop
      vertex -33.4485 29.7485 3.3
      vertex -43.4 32.3372 3.3
      vertex -33.5276 29.6613 3.3
    endloop
  endfacet
  facet normal 0 0 1
    outer loop
      vertex -33.5276 29.6613 3.3
      vertex -43.4 32.3372 3.3
      vertex -33.5977 29.5667 3.3
    endloop
  endfacet
  facet normal 0 0 1
    outer loop
      vertex -33.5977 29.5667 3.3
      vertex -43.4 32.3372 3.3
      vertex -33.6583 29.4657 3.3
    endloop
  endfacet
  facet normal 0 0 1
    outer loop
      vertex -33.6583 29.4657 3.3
      vertex -43.4 32.3372 3.3
      vertex -33.7086 29.3592 3.3
    endloop
  endfacet
  facet normal 0 0 1
    outer loop
      vertex -33.7086 29.3592 3.3
      vertex -43.4 32.3372 3.3
      vertex -33.7483 29.2483 3.3
    endloop
  endfacet
  facet normal 0 0 1
    outer loop
      vertex -43.4 32.3372 3.3
      vertex -33.8 6.29999 3.3
      vertex -33.8 28.9 3.3
    endloop
  endfacet
  facet normal 0 0 1
    outer loop
      vertex -43.4 32.3372 3.3
      vertex -33.8 28.9 3.3
      vertex -33.7942 29.0176 3.3
    endloop
  endfacet
  facet normal 0 0 1
    outer loop
      vertex -33.8 6.29999 3.3
      vertex -43.4 -43.9609 3.3
      vertex -41.9609 -45.4 3.3
    endloop
  endfacet
  facet normal 0 0 1
    outer loop
      vertex -41.9609 -45.4 3.3
      vertex -43.4 -43.9609 3.3
      vertex -42.1369 -45.3913 3.3
    endloop
  endfacet
  facet normal 0 0 1
    outer loop
      vertex -42.1369 -45.3913 3.3
      vertex -43.4 -43.9609 3.3
      vertex -42.2728 -45.3712 3.3
    endloop
  endfacet
  facet normal 0 0 1
    outer loop
      vertex -42.2728 -45.3712 3.3
      vertex -43.4 -43.9609 3.3
      vertex -42.4059 -45.3379 3.3
    endloop
  endfacet
  facet normal 0 0 1
    outer loop
      vertex -42.4059 -45.3379 3.3
      vertex -43.4 -43.9609 3.3
      vertex -42.535 -45.2917 3.3
    endloop
  endfacet
  facet normal 0 0 1
    outer loop
      vertex -42.535 -45.2917 3.3
      vertex -43.4 -43.9609 3.3
      vertex -42.659 -45.233 3.3
    endloop
  endfacet
  facet normal 0 0 1
    outer loop
      vertex -42.659 -45.233 3.3
      vertex -43.4 -43.9609 3.3
      vertex -42.7767 -45.1625 3.3
    endloop
  endfacet
  facet normal 0 0 1
    outer loop
      vertex -42.7767 -45.1625 3.3
      vertex -43.4 -43.9609 3.3
      vertex -42.8869 -45.0807 3.3
    endloop
  endfacet
  facet normal 0 0 1
    outer loop
      vertex -42.8869 -45.0807 3.3
      vertex -43.4 -43.9609 3.3
      vertex -42.9886 -44.9886 3.3
    endloop
  endfacet
  facet normal 0 0 1
    outer loop
      vertex -42.9886 -44.9886 3.3
      vertex -43.4 -43.9609 3.3
      vertex -43.0807 -44.8869 3.3
    endloop
  endfacet
  facet normal 0 0 1
    outer loop
      vertex -43.0807 -44.8869 3.3
      vertex -43.4 -43.9609 3.3
      vertex -43.1625 -44.7767 3.3
    endloop
  endfacet
  facet normal 0 0 1
    outer loop
      vertex -43.1625 -44.7767 3.3
      vertex -43.4 -43.9609 3.3
      vertex -43.233 -44.659 3.3
    endloop
  endfacet
  facet normal 0 0 1
    outer loop
      vertex -43.233 -44.659 3.3
      vertex -43.4 -43.9609 3.3
      vertex -43.2917 -44.535 3.3
    endloop
  endfacet
  facet normal 0 0 1
    outer loop
      vertex -43.2917 -44.535 3.3
      vertex -43.4 -43.9609 3.3
      vertex -43.3379 -44.4059 3.3
    endloop
  endfacet
  facet normal 0 0 1
    outer loop
      vertex -43.3379 -44.4059 3.3
      vertex -43.4 -43.9609 3.3
      vertex -43.3712 -44.2728 3.3
    endloop
  endfacet
  facet normal 0 0 1
    outer loop
      vertex -33.7483 29.2483 3.3
      vertex -43.4 32.3372 3.3
      vertex -33.7769 29.1341 3.3
    endloop
  endfacet
  facet normal 0 0 1
    outer loop
      vertex -43.4 32.3372 3.3
      vertex -33.7942 29.0176 3.3
      vertex -33.7769 29.1341 3.3
    endloop
  endfacet
  facet normal 0 0 1
    outer loop
      vertex -33.8 6.29999 3.3
      vertex -43.4 32.3372 3.3
      vertex -43.4 -43.9609 3.3
    endloop
  endfacet
  facet normal 0 0 1
    outer loop
      vertex -43.3712 -44.2728 3.3
      vertex -43.4 -43.9609 3.3
      vertex -43.3913 -44.1369 3.3
    endloop
  endfacet
  facet normal -0 0 1
    outer loop
      vertex 25.6977 -29.5667 3.3
      vertex 43.4 -43.9609 3.3
      vertex 25.7583 -29.4657 3.3
    endloop
  endfacet
  facet normal -0 0 1
    outer loop
      vertex 25.6276 -29.6613 3.3
      vertex 43.4 -43.9609 3.3
      vertex 25.6977 -29.5667 3.3
    endloop
  endfacet
  facet normal 0 0 1
    outer loop
      vertex 43.4 -43.9609 3.3
      vertex 41.9609 -45.4 3.3
      vertex 43.3913 -44.1369 3.3
    endloop
  endfacet
  facet normal 0 0 1
    outer loop
      vertex 43.3712 -44.2728 3.3
      vertex 41.9609 -45.4 3.3
      vertex 43.3379 -44.4059 3.3
    endloop
  endfacet
  facet normal 0 0 1
    outer loop
      vertex 43.3379 -44.4059 3.3
      vertex 41.9609 -45.4 3.3
      vertex 43.2917 -44.535 3.3
    endloop
  endfacet
  facet normal 0 0 1
    outer loop
      vertex 43.233 -44.659 3.3
      vertex 41.9609 -45.4 3.3
      vertex 43.1625 -44.7767 3.3
    endloop
  endfacet
  facet normal 0 0 1
    outer loop
      vertex 43.0807 -44.8869 3.3
      vertex 41.9609 -45.4 3.3
      vertex 42.9886 -44.9886 3.3
    endloop
  endfacet
  facet normal 0 0 1
    outer loop
      vertex 42.9886 -44.9886 3.3
      vertex 41.9609 -45.4 3.3
      vertex 42.8869 -45.0807 3.3
    endloop
  endfacet
  facet normal 0 0 1
    outer loop
      vertex 25.9 -15.1 3.3
      vertex 33.5276 5.53871 3.3
      vertex 33.4485 5.45146 3.3
    endloop
  endfacet
  facet normal 0 0 1
    outer loop
      vertex 25.9 -15.1 3.3
      vertex 33.4485 5.45146 3.3
      vertex 33.3613 5.37238 3.3
    endloop
  endfacet
  facet normal 0 0 1
    outer loop
      vertex 25.9 -15.1 3.3
      vertex 33.3613 5.37238 3.3
      vertex 33.2667 5.30223 3.3
    endloop
  endfacet
  facet normal 0 0 1
    outer loop
      vertex 25.9 -5.3 3.3
      vertex 33.2667 5.30223 3.3
      vertex 33.1657 5.24168 3.3
    endloop
  endfacet
  facet normal 0 0 1
    outer loop
      vertex 25.9 -5.3 3.3
      vertex 33.1657 5.24168 3.3
      vertex 33.0592 5.19133 3.3
    endloop
  endfacet
  facet normal 0 0 1
    outer loop
      vertex 25.9 -5.3 3.3
      vertex 33.0592 5.19133 3.3
      vertex 32.9483 5.15166 3.3
    endloop
  endfacet
  facet normal 0 0 1
    outer loop
      vertex 25.8942 -5.18239 3.3
      vertex 32.9483 5.15166 3.3
      vertex 32.8341 5.12305 3.3
    endloop
  endfacet
  facet normal 0 0 1
    outer loop
      vertex 25.8942 -5.18239 3.3
      vertex 32.8341 5.12305 3.3
      vertex 32.7176 5.10576 3.3
    endloop
  endfacet
  facet normal 0 0 1
    outer loop
      vertex 25.8483 -4.95166 3.3
      vertex 32.7176 5.10576 3.3
      vertex 32.6 5.09999 3.3
    endloop
  endfacet
  facet normal 0 0 1
    outer loop
      vertex 33.2667 5.30223 3.3
      vertex 25.9 -5.3 3.3
      vertex 25.9 -15.1 3.3
    endloop
  endfacet
  facet normal 0 0 1
    outer loop
      vertex 42.7767 -45.1625 3.3
      vertex 41.9609 -45.4 3.3
      vertex 42.659 -45.233 3.3
    endloop
  endfacet
  facet normal 0 0 1
    outer loop
      vertex 42.535 -45.2917 3.3
      vertex 41.9609 -45.4 3.3
      vertex 42.4059 -45.3379 3.3
    endloop
  endfacet
  facet normal 0 0 1
    outer loop
      vertex 42.4059 -45.3379 3.3
      vertex 41.9609 -45.4 3.3
      vertex 42.2728 -45.3712 3.3
    endloop
  endfacet
  facet normal 0 0 1
    outer loop
      vertex 42.2728 -45.3712 3.3
      vertex 41.9609 -45.4 3.3
      vertex 42.1369 -45.3913 3.3
    endloop
  endfacet
  facet normal 0 0 1
    outer loop
      vertex 42.659 -45.233 3.3
      vertex 41.9609 -45.4 3.3
      vertex 42.535 -45.2917 3.3
    endloop
  endfacet
  facet normal 0 0 1
    outer loop
      vertex 42.8869 -45.0807 3.3
      vertex 41.9609 -45.4 3.3
      vertex 42.7767 -45.1625 3.3
    endloop
  endfacet
  facet normal 0 0 1
    outer loop
      vertex 43.1625 -44.7767 3.3
      vertex 41.9609 -45.4 3.3
      vertex 43.0807 -44.8869 3.3
    endloop
  endfacet
  facet normal 0 0 1
    outer loop
      vertex 43.2917 -44.535 3.3
      vertex 41.9609 -45.4 3.3
      vertex 43.233 -44.659 3.3
    endloop
  endfacet
  facet normal 0 0 1
    outer loop
      vertex 43.3913 -44.1369 3.3
      vertex 41.9609 -45.4 3.3
      vertex 43.3712 -44.2728 3.3
    endloop
  endfacet
  facet normal 0 0 1
    outer loop
      vertex 43.4 -43.9609 3.3
      vertex 25.6276 -29.6613 3.3
      vertex 41.9609 -45.4 3.3
    endloop
  endfacet
  facet normal -0 0 1
    outer loop
      vertex 25.5485 -29.7485 3.3
      vertex 41.9609 -45.4 3.3
      vertex 25.6276 -29.6613 3.3
    endloop
  endfacet
  facet normal -0 0 1
    outer loop
      vertex 25.4613 -29.8276 3.3
      vertex 41.9609 -45.4 3.3
      vertex 25.5485 -29.7485 3.3
    endloop
  endfacet
  facet normal -0 0 1
    outer loop
      vertex 25.3667 -29.8977 3.3
      vertex 41.9609 -45.4 3.3
      vertex 25.4613 -29.8276 3.3
    endloop
  endfacet
  facet normal -0 0 1
    outer loop
      vertex 25.2657 -29.9583 3.3
      vertex 41.9609 -45.4 3.3
      vertex 25.3667 -29.8977 3.3
    endloop
  endfacet
  facet normal -0 0 1
    outer loop
      vertex 25.1592 -30.0086 3.3
      vertex 41.9609 -45.4 3.3
      vertex 25.2657 -29.9583 3.3
    endloop
  endfacet
  facet normal -0 0 1
    outer loop
      vertex 25.0483 -30.0483 3.3
      vertex 41.9609 -45.4 3.3
      vertex 25.1592 -30.0086 3.3
    endloop
  endfacet
  facet normal -0 0 1
    outer loop
      vertex 24.9341 -30.0769 3.3
      vertex 41.9609 -45.4 3.3
      vertex 25.0483 -30.0483 3.3
    endloop
  endfacet
  facet normal -0 0 1
    outer loop
      vertex 24.8176 -30.0942 3.3
      vertex 41.9609 -45.4 3.3
      vertex 24.9341 -30.0769 3.3
    endloop
  endfacet
  facet normal -0 0 1
    outer loop
      vertex 24.7 -30.1 3.3
      vertex 41.9609 -45.4 3.3
      vertex 24.8176 -30.0942 3.3
    endloop
  endfacet
  facet normal 0 0 1
    outer loop
      vertex 4.73154 -45.4 3.3
      vertex 24.7 -30.1 3.3
      vertex 10.9 -30.1 3.3
    endloop
  endfacet
  facet normal 0 0 1
    outer loop
      vertex 3.86505 -43.828 3.3
      vertex 10.9 -30.1 3.3
      vertex 10.7824 -30.0942 3.3
    endloop
  endfacet
  facet normal 0 0 1
    outer loop
      vertex 3.53553 -43.4645 3.3
      vertex 10.7824 -30.0942 3.3
      vertex 10.6659 -30.0769 3.3
    endloop
  endfacet
  facet normal 0 0 1
    outer loop
      vertex 7.13411 -30.0769 3.3
      vertex 10.6659 -30.0769 3.3
      vertex 10.5517 -30.0483 3.3
    endloop
  endfacet
  facet normal 0 0 1
    outer loop
      vertex 7.24834 -30.0483 3.3
      vertex 10.5517 -30.0483 3.3
      vertex 10.4408 -30.0086 3.3
    endloop
  endfacet
  facet normal 0 0 1
    outer loop
      vertex 7.35921 -30.0086 3.3
      vertex 10.4408 -30.0086 3.3
      vertex 10.3343 -29.9583 3.3
    endloop
  endfacet
  facet normal 0 0 1
    outer loop
      vertex 9.70576 -18.9824 3.3
      vertex 8.09999 -19.1 3.3
      vertex 9.7 -19.1 3.3
    endloop
  endfacet
  facet normal 0 0 1
    outer loop
      vertex 9.7 -19.1 3.3
      vertex 8.09999 -19.1 3.3
      vertex 9.7 -28.9 3.3
    endloop
  endfacet
  facet normal 0 0 1
    outer loop
      vertex 8.09999 -28.9 3.3
      vertex 9.7 -28.9 3.3
      vertex 8.09999 -19.1 3.3
    endloop
  endfacet
  facet normal 0 0 1
    outer loop
      vertex 9.7 -28.9 3.3
      vertex 8.09999 -28.9 3.3
      vertex 9.70576 -29.0176 3.3
    endloop
  endfacet
  facet normal 0 0 1
    outer loop
      vertex 8.09422 -29.0176 3.3
      vertex 9.70576 -29.0176 3.3
      vertex 8.09999 -28.9 3.3
    endloop
  endfacet
  facet normal 0 0 1
    outer loop
      vertex 9.70576 -29.0176 3.3
      vertex 8.09422 -29.0176 3.3
      vertex 9.72305 -29.1341 3.3
    endloop
  endfacet
  facet normal 0 0 1
    outer loop
      vertex 8.07693 -29.1341 3.3
      vertex 9.72305 -29.1341 3.3
      vertex 8.09422 -29.0176 3.3
    endloop
  endfacet
  facet normal 0 0 1
    outer loop
      vertex 9.72305 -29.1341 3.3
      vertex 8.07693 -29.1341 3.3
      vertex 9.75166 -29.2483 3.3
    endloop
  endfacet
  facet normal 0 0 1
    outer loop
      vertex 8.04832 -29.2483 3.3
      vertex 9.75166 -29.2483 3.3
      vertex 8.07693 -29.1341 3.3
    endloop
  endfacet
  facet normal 0 0 1
    outer loop
      vertex 9.75166 -29.2483 3.3
      vertex 8.04832 -29.2483 3.3
      vertex 9.79134 -29.3592 3.3
    endloop
  endfacet
  facet normal 0 0 1
    outer loop
      vertex 8.00865 -29.3592 3.3
      vertex 9.79134 -29.3592 3.3
      vertex 8.04832 -29.2483 3.3
    endloop
  endfacet
  facet normal 0 0 1
    outer loop
      vertex 9.79134 -29.3592 3.3
      vertex 8.00865 -29.3592 3.3
      vertex 9.84169 -29.4657 3.3
    endloop
  endfacet
  facet normal 0 0 1
    outer loop
      vertex 7.9583 -29.4657 3.3
      vertex 9.84169 -29.4657 3.3
      vertex 8.00865 -29.3592 3.3
    endloop
  endfacet
  facet normal 0 0 1
    outer loop
      vertex 9.84169 -29.4657 3.3
      vertex 7.9583 -29.4657 3.3
      vertex 9.90224 -29.5667 3.3
    endloop
  endfacet
  facet normal 0 0 1
    outer loop
      vertex 7.89775 -29.5667 3.3
      vertex 9.90224 -29.5667 3.3
      vertex 7.9583 -29.4657 3.3
    endloop
  endfacet
  facet normal 0 0 1
    outer loop
      vertex 9.90224 -29.5667 3.3
      vertex 7.89775 -29.5667 3.3
      vertex 9.97238 -29.6613 3.3
    endloop
  endfacet
  facet normal 0 0 1
    outer loop
      vertex 7.82761 -29.6613 3.3
      vertex 9.97238 -29.6613 3.3
      vertex 7.89775 -29.5667 3.3
    endloop
  endfacet
  facet normal 0 0 1
    outer loop
      vertex 9.97238 -29.6613 3.3
      vertex 7.82761 -29.6613 3.3
      vertex 10.0515 -29.7485 3.3
    endloop
  endfacet
  facet normal 0 0 1
    outer loop
      vertex 7.74852 -29.7485 3.3
      vertex 10.0515 -29.7485 3.3
      vertex 7.82761 -29.6613 3.3
    endloop
  endfacet
  facet normal 0 0 1
    outer loop
      vertex 10.0515 -29.7485 3.3
      vertex 7.74852 -29.7485 3.3
      vertex 10.1387 -29.8276 3.3
    endloop
  endfacet
  facet normal 0 0 1
    outer loop
      vertex 7.66127 -29.8276 3.3
      vertex 10.1387 -29.8276 3.3
      vertex 7.74852 -29.7485 3.3
    endloop
  endfacet
  facet normal 0 0 1
    outer loop
      vertex 10.1387 -29.8276 3.3
      vertex 7.66127 -29.8276 3.3
      vertex 10.2333 -29.8977 3.3
    endloop
  endfacet
  facet normal 0 0 1
    outer loop
      vertex 7.56668 -29.8977 3.3
      vertex 10.2333 -29.8977 3.3
      vertex 7.66127 -29.8276 3.3
    endloop
  endfacet
  facet normal 0 0 1
    outer loop
      vertex 10.2333 -29.8977 3.3
      vertex 7.56668 -29.8977 3.3
      vertex 10.3343 -29.9583 3.3
    endloop
  endfacet
  facet normal 0 0 1
    outer loop
      vertex 7.46567 -29.9583 3.3
      vertex 10.3343 -29.9583 3.3
      vertex 7.56668 -29.8977 3.3
    endloop
  endfacet
  facet normal 0 0 1
    outer loop
      vertex 7.35921 -30.0086 3.3
      vertex 10.3343 -29.9583 3.3
      vertex 7.46567 -29.9583 3.3
    endloop
  endfacet
  facet normal 0 0 1
    outer loop
      vertex 10.4408 -30.0086 3.3
      vertex 7.35921 -30.0086 3.3
      vertex 7.24834 -30.0483 3.3
    endloop
  endfacet
  facet normal 0 0 1
    outer loop
      vertex 10.5517 -30.0483 3.3
      vertex 7.24834 -30.0483 3.3
      vertex 7.13411 -30.0769 3.3
    endloop
  endfacet
  facet normal 0 0 1
    outer loop
      vertex 10.6659 -30.0769 3.3
      vertex 7.13411 -30.0769 3.3
      vertex 3.53553 -43.4645 3.3
    endloop
  endfacet
  facet normal 0 0 1
    outer loop
      vertex 3.17197 -43.1349 3.3
      vertex 7.13411 -30.0769 3.3
      vertex 7.01761 -30.0942 3.3
    endloop
  endfacet
  facet normal 0 0 1
    outer loop
      vertex 3.17197 -43.1349 3.3
      vertex 7.01761 -30.0942 3.3
      vertex 6.89999 -30.1 3.3
    endloop
  endfacet
  facet normal 0 0 1
    outer loop
      vertex 24.7 -30.1 3.3
      vertex 4.73154 -45.4 3.3
      vertex 41.9609 -45.4 3.3
    endloop
  endfacet
  facet normal 0 0 1
    outer loop
      vertex 10.9 -30.1 3.3
      vertex 4.6194 -45.0866 3.3
      vertex 4.73154 -45.4 3.3
    endloop
  endfacet
  facet normal 0 0 1
    outer loop
      vertex 10.9 -30.1 3.3
      vertex 4.40961 -44.643 3.3
      vertex 4.6194 -45.0866 3.3
    endloop
  endfacet
  facet normal 0 0 1
    outer loop
      vertex 10.9 -30.1 3.3
      vertex 4.15735 -44.2221 3.3
      vertex 4.40961 -44.643 3.3
    endloop
  endfacet
  facet normal 0 0 1
    outer loop
      vertex 10.9 -30.1 3.3
      vertex 3.86505 -43.828 3.3
      vertex 4.15735 -44.2221 3.3
    endloop
  endfacet
  facet normal 0 0 1
    outer loop
      vertex 10.7824 -30.0942 3.3
      vertex 3.53553 -43.4645 3.3
      vertex 3.86505 -43.828 3.3
    endloop
  endfacet
  facet normal 0 0 1
    outer loop
      vertex 7.13411 -30.0769 3.3
      vertex 3.17197 -43.1349 3.3
      vertex 3.53553 -43.4645 3.3
    endloop
  endfacet
  facet normal 0 0 1
    outer loop
      vertex 6.89999 -30.1 3.3
      vertex 2.77785 -42.8427 3.3
      vertex 3.17197 -43.1349 3.3
    endloop
  endfacet
  facet normal 0 0 1
    outer loop
      vertex 6.89999 -30.1 3.3
      vertex 2.35698 -42.5904 3.3
      vertex 2.77785 -42.8427 3.3
    endloop
  endfacet
  facet normal 0 0 1
    outer loop
      vertex 6.89999 -30.1 3.3
      vertex 1.91342 -42.3806 3.3
      vertex 2.35698 -42.5904 3.3
    endloop
  endfacet
  facet normal 0 0 1
    outer loop
      vertex 6.89999 -30.1 3.3
      vertex 1.45142 -42.2153 3.3
      vertex 1.91342 -42.3806 3.3
    endloop
  endfacet
  facet normal 0 0 1
    outer loop
      vertex 6.89999 -30.1 3.3
      vertex 0.975451 -42.0961 3.3
      vertex 1.45142 -42.2153 3.3
    endloop
  endfacet
  facet normal 0 0 1
    outer loop
      vertex 6.89999 -30.1 3.3
      vertex 0.490086 -42.0241 3.3
      vertex 0.975451 -42.0961 3.3
    endloop
  endfacet
  facet normal 0 0 1
    outer loop
      vertex 6.89999 -30.1 3.3
      vertex 0 -42 3.3
      vertex 0.490086 -42.0241 3.3
    endloop
  endfacet
  facet normal -0 0 1
    outer loop
      vertex -6.89998 -30.1 3.3
      vertex 0 -42 3.3
      vertex 6.89999 -30.1 3.3
    endloop
  endfacet
  facet normal 0 0 1
    outer loop
      vertex 0 -42 3.3
      vertex -6.89998 -30.1 3.3
      vertex -0.490086 -42.0241 3.3
    endloop
  endfacet
  facet normal 0 0 1
    outer loop
      vertex -0.490086 -42.0241 3.3
      vertex -6.89998 -30.1 3.3
      vertex -0.975451 -42.0961 3.3
    endloop
  endfacet
  facet normal 0 0 1
    outer loop
      vertex -0.975451 -42.0961 3.3
      vertex -6.89998 -30.1 3.3
      vertex -1.45142 -42.2153 3.3
    endloop
  endfacet
  facet normal 0 0 1
    outer loop
      vertex -1.45142 -42.2153 3.3
      vertex -6.89998 -30.1 3.3
      vertex -1.91342 -42.3806 3.3
    endloop
  endfacet
  facet normal 0 0 1
    outer loop
      vertex -1.91342 -42.3806 3.3
      vertex -6.89998 -30.1 3.3
      vertex -2.35698 -42.5904 3.3
    endloop
  endfacet
  facet normal 0 0 1
    outer loop
      vertex -2.35698 -42.5904 3.3
      vertex -6.89998 -30.1 3.3
      vertex -2.77785 -42.8427 3.3
    endloop
  endfacet
  facet normal 0 0 1
    outer loop
      vertex -2.77785 -42.8427 3.3
      vertex -6.89998 -30.1 3.3
      vertex -3.17197 -43.1349 3.3
    endloop
  endfacet
  facet normal 0 0 1
    outer loop
      vertex -7.01759 -30.0942 3.3
      vertex -3.17197 -43.1349 3.3
      vertex -6.89998 -30.1 3.3
    endloop
  endfacet
  facet normal 0 0 1
    outer loop
      vertex -7.13409 -30.0769 3.3
      vertex -3.17197 -43.1349 3.3
      vertex -7.01759 -30.0942 3.3
    endloop
  endfacet
  facet normal 0 0 1
    outer loop
      vertex -3.17197 -43.1349 3.3
      vertex -7.13409 -30.0769 3.3
      vertex -3.53553 -43.4645 3.3
    endloop
  endfacet
  facet normal -0 0 1
    outer loop
      vertex -10.6659 -30.0769 3.3
      vertex -3.53553 -43.4645 3.3
      vertex -7.13409 -30.0769 3.3
    endloop
  endfacet
  facet normal -0 0 1
    outer loop
      vertex -10.7824 -30.0942 3.3
      vertex -3.53553 -43.4645 3.3
      vertex -10.6659 -30.0769 3.3
    endloop
  endfacet
  facet normal 0 0 1
    outer loop
      vertex -3.53553 -43.4645 3.3
      vertex -10.7824 -30.0942 3.3
      vertex -3.86505 -43.828 3.3
    endloop
  endfacet
  facet normal -0 0 1
    outer loop
      vertex -10.9 -30.1 3.3
      vertex -3.86505 -43.828 3.3
      vertex -10.7824 -30.0942 3.3
    endloop
  endfacet
  facet normal 0 0 1
    outer loop
      vertex -3.86505 -43.828 3.3
      vertex -10.9 -30.1 3.3
      vertex -4.15735 -44.2221 3.3
    endloop
  endfacet
  facet normal 0 0 1
    outer loop
      vertex -10.6659 -30.0769 3.3
      vertex -7.13409 -30.0769 3.3
      vertex -7.24832 -30.0483 3.3
    endloop
  endfacet
  facet normal 0 0 1
    outer loop
      vertex -10.5517 -30.0483 3.3
      vertex -7.24832 -30.0483 3.3
      vertex -7.35919 -30.0086 3.3
    endloop
  endfacet
  facet normal 0 0 1
    outer loop
      vertex -10.4408 -30.0086 3.3
      vertex -7.35919 -30.0086 3.3
      vertex -7.46565 -29.9583 3.3
    endloop
  endfacet
  facet normal 0 0 1
    outer loop
      vertex -10.3343 -29.9583 3.3
      vertex -7.46565 -29.9583 3.3
      vertex -7.56667 -29.8977 3.3
    endloop
  endfacet
  facet normal 0 0 1
    outer loop
      vertex -10.2333 -29.8977 3.3
      vertex -7.56667 -29.8977 3.3
      vertex -7.66125 -29.8276 3.3
    endloop
  endfacet
  facet normal 0 0 1
    outer loop
      vertex -10.1387 -29.8276 3.3
      vertex -7.66125 -29.8276 3.3
      vertex -7.7485 -29.7485 3.3
    endloop
  endfacet
  facet normal 0 0 1
    outer loop
      vertex -10.0515 -29.7485 3.3
      vertex -7.7485 -29.7485 3.3
      vertex -7.82759 -29.6613 3.3
    endloop
  endfacet
  facet normal 0 0 1
    outer loop
      vertex -9.97238 -29.6613 3.3
      vertex -7.82759 -29.6613 3.3
      vertex -7.89774 -29.5667 3.3
    endloop
  endfacet
  facet normal 0 0 1
    outer loop
      vertex -9.90224 -29.5667 3.3
      vertex -7.89774 -29.5667 3.3
      vertex -7.95828 -29.4657 3.3
    endloop
  endfacet
  facet normal 0 0 1
    outer loop
      vertex -9.84169 -29.4657 3.3
      vertex -7.95828 -29.4657 3.3
      vertex -8.00864 -29.3592 3.3
    endloop
  endfacet
  facet normal 0 0 1
    outer loop
      vertex -9.79134 -29.3592 3.3
      vertex -8.00864 -29.3592 3.3
      vertex -8.04831 -29.2483 3.3
    endloop
  endfacet
  facet normal 0 0 1
    outer loop
      vertex -9.75166 -29.2483 3.3
      vertex -8.04831 -29.2483 3.3
      vertex -8.07692 -29.1341 3.3
    endloop
  endfacet
  facet normal 0 0 1
    outer loop
      vertex -8.09421 -18.9824 3.3
      vertex -9.7 -19.1 3.3
      vertex -8.09998 -19.1 3.3
    endloop
  endfacet
  facet normal 0 0 1
    outer loop
      vertex -8.09998 -19.1 3.3
      vertex -9.7 -19.1 3.3
      vertex -8.09998 -28.9 3.3
    endloop
  endfacet
  facet normal 0 0 1
    outer loop
      vertex -9.7 -28.9 3.3
      vertex -8.09998 -28.9 3.3
      vertex -9.7 -19.1 3.3
    endloop
  endfacet
  facet normal 0 0 1
    outer loop
      vertex -8.09998 -28.9 3.3
      vertex -9.7 -28.9 3.3
      vertex -8.09421 -29.0176 3.3
    endloop
  endfacet
  facet normal 0 0 1
    outer loop
      vertex -9.70576 -29.0176 3.3
      vertex -8.09421 -29.0176 3.3
      vertex -9.7 -28.9 3.3
    endloop
  endfacet
  facet normal 0 0 1
    outer loop
      vertex -8.09421 -29.0176 3.3
      vertex -9.70576 -29.0176 3.3
      vertex -8.07692 -29.1341 3.3
    endloop
  endfacet
  facet normal 0 0 1
    outer loop
      vertex -9.72305 -29.1341 3.3
      vertex -8.07692 -29.1341 3.3
      vertex -9.70576 -29.0176 3.3
    endloop
  endfacet
  facet normal 0 0 1
    outer loop
      vertex -9.75166 -29.2483 3.3
      vertex -8.07692 -29.1341 3.3
      vertex -9.72305 -29.1341 3.3
    endloop
  endfacet
  facet normal 0 0 1
    outer loop
      vertex -8.04831 -29.2483 3.3
      vertex -9.75166 -29.2483 3.3
      vertex -9.79134 -29.3592 3.3
    endloop
  endfacet
  facet normal 0 0 1
    outer loop
      vertex -8.00864 -29.3592 3.3
      vertex -9.79134 -29.3592 3.3
      vertex -9.84169 -29.4657 3.3
    endloop
  endfacet
  facet normal 0 0 1
    outer loop
      vertex -7.95828 -29.4657 3.3
      vertex -9.84169 -29.4657 3.3
      vertex -9.90224 -29.5667 3.3
    endloop
  endfacet
  facet normal 0 0 1
    outer loop
      vertex -7.89774 -29.5667 3.3
      vertex -9.90224 -29.5667 3.3
      vertex -9.97238 -29.6613 3.3
    endloop
  endfacet
  facet normal 0 0 1
    outer loop
      vertex -7.82759 -29.6613 3.3
      vertex -9.97238 -29.6613 3.3
      vertex -10.0515 -29.7485 3.3
    endloop
  endfacet
  facet normal 0 0 1
    outer loop
      vertex -7.7485 -29.7485 3.3
      vertex -10.0515 -29.7485 3.3
      vertex -10.1387 -29.8276 3.3
    endloop
  endfacet
  facet normal 0 0 1
    outer loop
      vertex -7.66125 -29.8276 3.3
      vertex -10.1387 -29.8276 3.3
      vertex -10.2333 -29.8977 3.3
    endloop
  endfacet
  facet normal 0 0 1
    outer loop
      vertex -7.56667 -29.8977 3.3
      vertex -10.2333 -29.8977 3.3
      vertex -10.3343 -29.9583 3.3
    endloop
  endfacet
  facet normal 0 0 1
    outer loop
      vertex -7.46565 -29.9583 3.3
      vertex -10.3343 -29.9583 3.3
      vertex -10.4408 -30.0086 3.3
    endloop
  endfacet
  facet normal 0 0 1
    outer loop
      vertex -7.35919 -30.0086 3.3
      vertex -10.4408 -30.0086 3.3
      vertex -10.5517 -30.0483 3.3
    endloop
  endfacet
  facet normal 0 0 1
    outer loop
      vertex -7.24832 -30.0483 3.3
      vertex -10.5517 -30.0483 3.3
      vertex -10.6659 -30.0769 3.3
    endloop
  endfacet
  facet normal 0 0 1
    outer loop
      vertex -4.15735 -44.2221 3.3
      vertex -10.9 -30.1 3.3
      vertex -4.40961 -44.643 3.3
    endloop
  endfacet
  facet normal 0 0 1
    outer loop
      vertex -4.40961 -44.643 3.3
      vertex -10.9 -30.1 3.3
      vertex -4.6194 -45.0866 3.3
    endloop
  endfacet
  facet normal 0 0 1
    outer loop
      vertex -4.6194 -45.0866 3.3
      vertex -10.9 -30.1 3.3
      vertex -4.73154 -45.4 3.3
    endloop
  endfacet
  facet normal -0 0 1
    outer loop
      vertex -24.7 -30.1 3.3
      vertex -4.73154 -45.4 3.3
      vertex -10.9 -30.1 3.3
    endloop
  endfacet
  facet normal 0 0 1
    outer loop
      vertex -41.9609 -45.4 3.3
      vertex -24.7 -30.1 3.3
      vertex -24.8176 -30.0942 3.3
    endloop
  endfacet
  facet normal 0 0 1
    outer loop
      vertex -41.9609 -45.4 3.3
      vertex -24.8176 -30.0942 3.3
      vertex -24.9341 -30.0769 3.3
    endloop
  endfacet
  facet normal 0 0 1
    outer loop
      vertex -41.9609 -45.4 3.3
      vertex -24.9341 -30.0769 3.3
      vertex -25.0483 -30.0483 3.3
    endloop
  endfacet
  facet normal 0 0 1
    outer loop
      vertex -41.9609 -45.4 3.3
      vertex -25.0483 -30.0483 3.3
      vertex -25.1592 -30.0086 3.3
    endloop
  endfacet
  facet normal 0 0 1
    outer loop
      vertex -41.9609 -45.4 3.3
      vertex -25.1592 -30.0086 3.3
      vertex -25.2657 -29.9583 3.3
    endloop
  endfacet
  facet normal 0 0 1
    outer loop
      vertex -41.9609 -45.4 3.3
      vertex -25.2657 -29.9583 3.3
      vertex -25.3667 -29.8977 3.3
    endloop
  endfacet
  facet normal 0 0 1
    outer loop
      vertex -41.9609 -45.4 3.3
      vertex -25.3667 -29.8977 3.3
      vertex -25.4613 -29.8276 3.3
    endloop
  endfacet
  facet normal 0 0 1
    outer loop
      vertex -32.9483 5.15166 3.3
      vertex -25.8942 -5.18239 3.3
      vertex -32.8341 5.12305 3.3
    endloop
  endfacet
  facet normal 0 0 1
    outer loop
      vertex -25.8942 -5.18239 3.3
      vertex -32.9483 5.15166 3.3
      vertex -25.9 -5.3 3.3
    endloop
  endfacet
  facet normal 0 0 1
    outer loop
      vertex -33.0592 5.19133 3.3
      vertex -25.9 -5.3 3.3
      vertex -32.9483 5.15166 3.3
    endloop
  endfacet
  facet normal 0 0 1
    outer loop
      vertex -33.1657 5.24168 3.3
      vertex -25.9 -5.3 3.3
      vertex -33.0592 5.19133 3.3
    endloop
  endfacet
  facet normal 0 0 1
    outer loop
      vertex -33.2667 5.30223 3.3
      vertex -25.9 -5.3 3.3
      vertex -33.1657 5.24168 3.3
    endloop
  endfacet
  facet normal 0 0 1
    outer loop
      vertex -25.9 -15.1 3.3
      vertex -33.2667 5.30223 3.3
      vertex -33.3613 5.37238 3.3
    endloop
  endfacet
  facet normal 0 0 1
    outer loop
      vertex -33.5276 5.53871 3.3
      vertex -25.9 -15.1 3.3
      vertex -33.4485 5.45146 3.3
    endloop
  endfacet
  facet normal 0 0 1
    outer loop
      vertex -41.9609 -45.4 3.3
      vertex -25.9 -15.1 3.3
      vertex -33.5276 5.53871 3.3
    endloop
  endfacet
  facet normal 0 0 1
    outer loop
      vertex -25.9 -19.1 3.3
      vertex -41.9609 -45.4 3.3
      vertex -25.9 -28.9 3.3
    endloop
  endfacet
  facet normal 0 0 1
    outer loop
      vertex -25.9 -28.9 3.3
      vertex -41.9609 -45.4 3.3
      vertex -25.8942 -29.0176 3.3
    endloop
  endfacet
  facet normal 0 0 1
    outer loop
      vertex -25.8942 -18.9824 3.3
      vertex -41.9609 -45.4 3.3
      vertex -25.9 -19.1 3.3
    endloop
  endfacet
  facet normal 0 0 1
    outer loop
      vertex -41.9609 -45.4 3.3
      vertex -33.5276 5.53871 3.3
      vertex -33.5977 5.6333 3.3
    endloop
  endfacet
  facet normal 0 0 1
    outer loop
      vertex -41.9609 -45.4 3.3
      vertex -33.5977 5.6333 3.3
      vertex -33.6583 5.73431 3.3
    endloop
  endfacet
  facet normal 0 0 1
    outer loop
      vertex -41.9609 -45.4 3.3
      vertex -33.6583 5.73431 3.3
      vertex -33.7086 5.84077 3.3
    endloop
  endfacet
  facet normal 0 0 1
    outer loop
      vertex -41.9609 -45.4 3.3
      vertex -33.7086 5.84077 3.3
      vertex -33.7483 5.95164 3.3
    endloop
  endfacet
  facet normal 0 0 1
    outer loop
      vertex -41.9609 -45.4 3.3
      vertex -33.7483 5.95164 3.3
      vertex -33.7769 6.06587 3.3
    endloop
  endfacet
  facet normal 0 0 1
    outer loop
      vertex -24.7 -30.1 3.3
      vertex -41.9609 -45.4 3.3
      vertex -4.73154 -45.4 3.3
    endloop
  endfacet
  facet normal 0 0 1
    outer loop
      vertex -25.5485 -29.7485 3.3
      vertex -41.9609 -45.4 3.3
      vertex -25.4613 -29.8276 3.3
    endloop
  endfacet
  facet normal 0 0 1
    outer loop
      vertex -25.6276 -29.6613 3.3
      vertex -41.9609 -45.4 3.3
      vertex -25.5485 -29.7485 3.3
    endloop
  endfacet
  facet normal 0 0 1
    outer loop
      vertex -25.6977 -29.5667 3.3
      vertex -41.9609 -45.4 3.3
      vertex -25.6276 -29.6613 3.3
    endloop
  endfacet
  facet normal 0 0 1
    outer loop
      vertex -25.7583 -29.4657 3.3
      vertex -41.9609 -45.4 3.3
      vertex -25.6977 -29.5667 3.3
    endloop
  endfacet
  facet normal 0 0 1
    outer loop
      vertex -25.8086 -29.3592 3.3
      vertex -41.9609 -45.4 3.3
      vertex -25.7583 -29.4657 3.3
    endloop
  endfacet
  facet normal 0 0 1
    outer loop
      vertex -25.8483 -29.2483 3.3
      vertex -41.9609 -45.4 3.3
      vertex -25.8086 -29.3592 3.3
    endloop
  endfacet
  facet normal 0 0 1
    outer loop
      vertex -25.8769 -29.1341 3.3
      vertex -41.9609 -45.4 3.3
      vertex -25.8483 -29.2483 3.3
    endloop
  endfacet
  facet normal 0 0 1
    outer loop
      vertex -25.8942 -29.0176 3.3
      vertex -41.9609 -45.4 3.3
      vertex -25.8769 -29.1341 3.3
    endloop
  endfacet
  facet normal 0 0 1
    outer loop
      vertex -33.7942 6.18237 3.3
      vertex -41.9609 -45.4 3.3
      vertex -33.7769 6.06587 3.3
    endloop
  endfacet
  facet normal 0 0 1
    outer loop
      vertex -41.9609 -45.4 3.3
      vertex -33.7942 6.18237 3.3
      vertex -33.8 6.29999 3.3
    endloop
  endfacet
  facet normal 0 0 1
    outer loop
      vertex -1.99998 30.1 1.6
      vertex -0.799988 28.9 1.6
      vertex -0.805756 29.0176 1.6
    endloop
  endfacet
  facet normal 0 0 1
    outer loop
      vertex -0.799988 28.9 1.6
      vertex -1.99998 30.1 1.6
      vertex -0.799988 6.29999 1.6
    endloop
  endfacet
  facet normal 0 0 1
    outer loop
      vertex -1.99998 30.1 1.6
      vertex -0.805756 29.0176 1.6
      vertex -0.823044 29.1341 1.6
    endloop
  endfacet
  facet normal 0 0 1
    outer loop
      vertex -1.99998 5.09999 1.6
      vertex -0.799988 6.29999 1.6
      vertex -1.99998 30.1 1.6
    endloop
  endfacet
  facet normal 0 0 1
    outer loop
      vertex -1.99998 30.1 1.6
      vertex -0.823044 29.1341 1.6
      vertex -0.851654 29.2483 1.6
    endloop
  endfacet
  facet normal 0 0 1
    outer loop
      vertex -0.799988 6.29999 1.6
      vertex -1.99998 5.09999 1.6
      vertex -0.805756 6.18237 1.6
    endloop
  endfacet
  facet normal 0 0 1
    outer loop
      vertex -1.99998 30.1 1.6
      vertex -0.851654 29.2483 1.6
      vertex -0.891327 29.3592 1.6
    endloop
  endfacet
  facet normal 0 0 1
    outer loop
      vertex -0.805756 6.18237 1.6
      vertex -1.99998 5.09999 1.6
      vertex -0.823044 6.06587 1.6
    endloop
  endfacet
  facet normal 0 0 1
    outer loop
      vertex -1.99998 30.1 1.6
      vertex -0.891327 29.3592 1.6
      vertex -0.941681 29.4657 1.6
    endloop
  endfacet
  facet normal 0 0 1
    outer loop
      vertex -0.823044 6.06587 1.6
      vertex -1.99998 5.09999 1.6
      vertex -0.851654 5.95164 1.6
    endloop
  endfacet
  facet normal 0 0 1
    outer loop
      vertex -1.99998 30.1 1.6
      vertex -0.941681 29.4657 1.6
      vertex -1.00223 29.5667 1.6
    endloop
  endfacet
  facet normal 0 0 1
    outer loop
      vertex -0.851654 5.95164 1.6
      vertex -1.99998 5.09999 1.6
      vertex -0.891327 5.84077 1.6
    endloop
  endfacet
  facet normal 0 0 1
    outer loop
      vertex -1.99998 30.1 1.6
      vertex -1.00223 29.5667 1.6
      vertex -1.07237 29.6613 1.6
    endloop
  endfacet
  facet normal 0 0 1
    outer loop
      vertex -0.891327 5.84077 1.6
      vertex -1.99998 5.09999 1.6
      vertex -0.941681 5.73431 1.6
    endloop
  endfacet
  facet normal 0 0 1
    outer loop
      vertex -1.99998 30.1 1.6
      vertex -1.07237 29.6613 1.6
      vertex -1.15146 29.7485 1.6
    endloop
  endfacet
  facet normal 0 0 1
    outer loop
      vertex -0.941681 5.73431 1.6
      vertex -1.99998 5.09999 1.6
      vertex -1.00223 5.6333 1.6
    endloop
  endfacet
  facet normal 0 0 1
    outer loop
      vertex -1.99998 30.1 1.6
      vertex -1.15146 29.7485 1.6
      vertex -1.23871 29.8276 1.6
    endloop
  endfacet
  facet normal 0 0 1
    outer loop
      vertex -1.00223 5.6333 1.6
      vertex -1.99998 5.09999 1.6
      vertex -1.07237 5.53871 1.6
    endloop
  endfacet
  facet normal 0 0 1
    outer loop
      vertex -1.99998 30.1 1.6
      vertex -1.23871 29.8276 1.6
      vertex -1.3333 29.8978 1.6
    endloop
  endfacet
  facet normal 0 0 1
    outer loop
      vertex -1.07237 5.53871 1.6
      vertex -1.99998 5.09999 1.6
      vertex -1.15146 5.45146 1.6
    endloop
  endfacet
  facet normal 0 0 1
    outer loop
      vertex -1.99998 30.1 1.6
      vertex -1.3333 29.8978 1.6
      vertex -1.43431 29.9583 1.6
    endloop
  endfacet
  facet normal 0 0 1
    outer loop
      vertex -1.15146 5.45146 1.6
      vertex -1.99998 5.09999 1.6
      vertex -1.23871 5.37238 1.6
    endloop
  endfacet
  facet normal 0 0 1
    outer loop
      vertex -1.99998 30.1 1.6
      vertex -1.43431 29.9583 1.6
      vertex -1.54077 30.0087 1.6
    endloop
  endfacet
  facet normal 0 0 1
    outer loop
      vertex -1.23871 5.37238 1.6
      vertex -1.99998 5.09999 1.6
      vertex -1.3333 5.30223 1.6
    endloop
  endfacet
  facet normal 0 0 1
    outer loop
      vertex -1.99998 30.1 1.6
      vertex -1.54077 30.0087 1.6
      vertex -1.65164 30.0483 1.6
    endloop
  endfacet
  facet normal 0 0 1
    outer loop
      vertex -1.3333 5.30223 1.6
      vertex -1.99998 5.09999 1.6
      vertex -1.43431 5.24168 1.6
    endloop
  endfacet
  facet normal 0 0 1
    outer loop
      vertex -1.99998 30.1 1.6
      vertex -1.65164 30.0483 1.6
      vertex -1.76587 30.0769 1.6
    endloop
  endfacet
  facet normal 0 0 1
    outer loop
      vertex -1.43431 5.24168 1.6
      vertex -1.99998 5.09999 1.6
      vertex -1.54077 5.19133 1.6
    endloop
  endfacet
  facet normal 0 0 1
    outer loop
      vertex -1.99998 30.1 1.6
      vertex -1.76587 30.0769 1.6
      vertex -1.88237 30.0942 1.6
    endloop
  endfacet
  facet normal 0 0 1
    outer loop
      vertex -1.54077 5.19133 1.6
      vertex -1.99998 5.09999 1.6
      vertex -1.65164 5.15166 1.6
    endloop
  endfacet
  facet normal 0 0 1
    outer loop
      vertex -1.65164 5.15166 1.6
      vertex -1.99998 5.09999 1.6
      vertex -1.76587 5.12305 1.6
    endloop
  endfacet
  facet normal 0 0 1
    outer loop
      vertex -1.76587 5.12305 1.6
      vertex -1.99998 5.09999 1.6
      vertex -1.88237 5.10576 1.6
    endloop
  endfacet
  facet normal -0 0 1
    outer loop
      vertex -32.6 30.1 1.6
      vertex -1.99998 5.09999 1.6
      vertex -1.99998 30.1 1.6
    endloop
  endfacet
  facet normal 0 0 1
    outer loop
      vertex -32.6 30.1 1.6
      vertex -32.6 5.09999 1.6
      vertex -1.99998 5.09999 1.6
    endloop
  endfacet
  facet normal 0 0 1
    outer loop
      vertex -33.8 28.9 1.6
      vertex -32.6 30.1 1.6
      vertex -32.7176 30.0942 1.6
    endloop
  endfacet
  facet normal 0 0 1
    outer loop
      vertex -32.6 30.1 1.6
      vertex -33.8 28.9 1.6
      vertex -32.6 5.09999 1.6
    endloop
  endfacet
  facet normal 0 0 1
    outer loop
      vertex -33.8 28.9 1.6
      vertex -32.7176 30.0942 1.6
      vertex -32.8341 30.0769 1.6
    endloop
  endfacet
  facet normal -0 0 1
    outer loop
      vertex -33.8 6.29999 1.6
      vertex -32.6 5.09999 1.6
      vertex -33.8 28.9 1.6
    endloop
  endfacet
  facet normal 0 0 1
    outer loop
      vertex -33.8 28.9 1.6
      vertex -32.8341 30.0769 1.6
      vertex -32.9483 30.0483 1.6
    endloop
  endfacet
  facet normal 0 0 1
    outer loop
      vertex -32.6 5.09999 1.6
      vertex -33.8 6.29999 1.6
      vertex -32.7176 5.10576 1.6
    endloop
  endfacet
  facet normal 0 0 1
    outer loop
      vertex -33.8 28.9 1.6
      vertex -32.9483 30.0483 1.6
      vertex -33.0592 30.0087 1.6
    endloop
  endfacet
  facet normal 0 0 1
    outer loop
      vertex -32.7176 5.10576 1.6
      vertex -33.8 6.29999 1.6
      vertex -32.8341 5.12305 1.6
    endloop
  endfacet
  facet normal 0 0 1
    outer loop
      vertex -33.8 28.9 1.6
      vertex -33.0592 30.0087 1.6
      vertex -33.1657 29.9583 1.6
    endloop
  endfacet
  facet normal 0 0 1
    outer loop
      vertex -32.8341 5.12305 1.6
      vertex -33.8 6.29999 1.6
      vertex -32.9483 5.15166 1.6
    endloop
  endfacet
  facet normal 0 0 1
    outer loop
      vertex -33.8 28.9 1.6
      vertex -33.1657 29.9583 1.6
      vertex -33.2667 29.8978 1.6
    endloop
  endfacet
  facet normal 0 0 1
    outer loop
      vertex -32.9483 5.15166 1.6
      vertex -33.8 6.29999 1.6
      vertex -33.0592 5.19133 1.6
    endloop
  endfacet
  facet normal 0 0 1
    outer loop
      vertex -33.8 28.9 1.6
      vertex -33.2667 29.8978 1.6
      vertex -33.3613 29.8276 1.6
    endloop
  endfacet
  facet normal 0 0 1
    outer loop
      vertex -33.0592 5.19133 1.6
      vertex -33.8 6.29999 1.6
      vertex -33.1657 5.24168 1.6
    endloop
  endfacet
  facet normal 0 0 1
    outer loop
      vertex -33.8 28.9 1.6
      vertex -33.3613 29.8276 1.6
      vertex -33.4485 29.7485 1.6
    endloop
  endfacet
  facet normal 0 0 1
    outer loop
      vertex -33.1657 5.24168 1.6
      vertex -33.8 6.29999 1.6
      vertex -33.2667 5.30223 1.6
    endloop
  endfacet
  facet normal 0 0 1
    outer loop
      vertex -33.8 28.9 1.6
      vertex -33.4485 29.7485 1.6
      vertex -33.5276 29.6613 1.6
    endloop
  endfacet
  facet normal 0 0 1
    outer loop
      vertex -33.2667 5.30223 1.6
      vertex -33.8 6.29999 1.6
      vertex -33.3613 5.37238 1.6
    endloop
  endfacet
  facet normal 0 0 1
    outer loop
      vertex -33.8 28.9 1.6
      vertex -33.5276 29.6613 1.6
      vertex -33.5977 29.5667 1.6
    endloop
  endfacet
  facet normal 0 0 1
    outer loop
      vertex -33.3613 5.37238 1.6
      vertex -33.8 6.29999 1.6
      vertex -33.4485 5.45146 1.6
    endloop
  endfacet
  facet normal 0 0 1
    outer loop
      vertex -33.8 28.9 1.6
      vertex -33.5977 29.5667 1.6
      vertex -33.6583 29.4657 1.6
    endloop
  endfacet
  facet normal 0 0 1
    outer loop
      vertex -33.4485 5.45146 1.6
      vertex -33.8 6.29999 1.6
      vertex -33.5276 5.53871 1.6
    endloop
  endfacet
  facet normal 0 0 1
    outer loop
      vertex -33.8 28.9 1.6
      vertex -33.6583 29.4657 1.6
      vertex -33.7086 29.3592 1.6
    endloop
  endfacet
  facet normal 0 0 1
    outer loop
      vertex -33.5276 5.53871 1.6
      vertex -33.8 6.29999 1.6
      vertex -33.5977 5.6333 1.6
    endloop
  endfacet
  facet normal 0 0 1
    outer loop
      vertex -33.8 28.9 1.6
      vertex -33.7086 29.3592 1.6
      vertex -33.7483 29.2483 1.6
    endloop
  endfacet
  facet normal 0 0 1
    outer loop
      vertex -33.5977 5.6333 1.6
      vertex -33.8 6.29999 1.6
      vertex -33.6583 5.73431 1.6
    endloop
  endfacet
  facet normal 0 0 1
    outer loop
      vertex -33.8 28.9 1.6
      vertex -33.7483 29.2483 1.6
      vertex -33.7769 29.1341 1.6
    endloop
  endfacet
  facet normal 0 0 1
    outer loop
      vertex -33.6583 5.73431 1.6
      vertex -33.8 6.29999 1.6
      vertex -33.7086 5.84077 1.6
    endloop
  endfacet
  facet normal 0 0 1
    outer loop
      vertex -33.8 28.9 1.6
      vertex -33.7769 29.1341 1.6
      vertex -33.7942 29.0176 1.6
    endloop
  endfacet
  facet normal 0 0 1
    outer loop
      vertex -33.7086 5.84077 1.6
      vertex -33.8 6.29999 1.6
      vertex -33.7483 5.95164 1.6
    endloop
  endfacet
  facet normal 0 0 1
    outer loop
      vertex -33.7483 5.95164 1.6
      vertex -33.8 6.29999 1.6
      vertex -33.7769 6.06587 1.6
    endloop
  endfacet
  facet normal 0 0 1
    outer loop
      vertex -33.7769 6.06587 1.6
      vertex -33.8 6.29999 1.6
      vertex -33.7942 6.18237 1.6
    endloop
  endfacet
  facet normal 0 0 1
    outer loop
      vertex 32.6 30.1 1.6
      vertex 33.8 28.9 1.6
      vertex 33.7942 29.0176 1.6
    endloop
  endfacet
  facet normal 0 0 1
    outer loop
      vertex 33.8 28.9 1.6
      vertex 32.6 30.1 1.6
      vertex 33.8 6.29999 1.6
    endloop
  endfacet
  facet normal 0 0 1
    outer loop
      vertex 32.6 30.1 1.6
      vertex 33.7942 29.0176 1.6
      vertex 33.7769 29.1341 1.6
    endloop
  endfacet
  facet normal 0 0 1
    outer loop
      vertex 32.6 5.09999 1.6
      vertex 33.8 6.29999 1.6
      vertex 32.6 30.1 1.6
    endloop
  endfacet
  facet normal 0 0 1
    outer loop
      vertex 32.6 30.1 1.6
      vertex 33.7769 29.1341 1.6
      vertex 33.7483 29.2483 1.6
    endloop
  endfacet
  facet normal 0 0 1
    outer loop
      vertex 33.8 6.29999 1.6
      vertex 32.6 5.09999 1.6
      vertex 33.7942 6.18237 1.6
    endloop
  endfacet
  facet normal 0 0 1
    outer loop
      vertex 32.6 30.1 1.6
      vertex 33.7483 29.2483 1.6
      vertex 33.7086 29.3592 1.6
    endloop
  endfacet
  facet normal 0 0 1
    outer loop
      vertex 33.7942 6.18237 1.6
      vertex 32.6 5.09999 1.6
      vertex 33.7769 6.06587 1.6
    endloop
  endfacet
  facet normal 0 0 1
    outer loop
      vertex 32.6 30.1 1.6
      vertex 33.7086 29.3592 1.6
      vertex 33.6583 29.4657 1.6
    endloop
  endfacet
  facet normal 0 0 1
    outer loop
      vertex 33.7769 6.06587 1.6
      vertex 32.6 5.09999 1.6
      vertex 33.7483 5.95164 1.6
    endloop
  endfacet
  facet normal 0 0 1
    outer loop
      vertex 32.6 30.1 1.6
      vertex 33.6583 29.4657 1.6
      vertex 33.5977 29.5667 1.6
    endloop
  endfacet
  facet normal 0 0 1
    outer loop
      vertex 33.7483 5.95164 1.6
      vertex 32.6 5.09999 1.6
      vertex 33.7086 5.84077 1.6
    endloop
  endfacet
  facet normal 0 0 1
    outer loop
      vertex 32.6 30.1 1.6
      vertex 33.5977 29.5667 1.6
      vertex 33.5276 29.6613 1.6
    endloop
  endfacet
  facet normal 0 0 1
    outer loop
      vertex 33.7086 5.84077 1.6
      vertex 32.6 5.09999 1.6
      vertex 33.6583 5.73431 1.6
    endloop
  endfacet
  facet normal 0 0 1
    outer loop
      vertex 32.6 30.1 1.6
      vertex 33.5276 29.6613 1.6
      vertex 33.4485 29.7485 1.6
    endloop
  endfacet
  facet normal 0 0 1
    outer loop
      vertex 33.6583 5.73431 1.6
      vertex 32.6 5.09999 1.6
      vertex 33.5977 5.6333 1.6
    endloop
  endfacet
  facet normal 0 0 1
    outer loop
      vertex 32.6 30.1 1.6
      vertex 33.4485 29.7485 1.6
      vertex 33.3613 29.8276 1.6
    endloop
  endfacet
  facet normal 0 0 1
    outer loop
      vertex 33.5977 5.6333 1.6
      vertex 32.6 5.09999 1.6
      vertex 33.5276 5.53871 1.6
    endloop
  endfacet
  facet normal 0 0 1
    outer loop
      vertex 32.6 30.1 1.6
      vertex 33.3613 29.8276 1.6
      vertex 33.2667 29.8978 1.6
    endloop
  endfacet
  facet normal 0 0 1
    outer loop
      vertex 33.5276 5.53871 1.6
      vertex 32.6 5.09999 1.6
      vertex 33.4485 5.45146 1.6
    endloop
  endfacet
  facet normal 0 0 1
    outer loop
      vertex 32.6 30.1 1.6
      vertex 33.2667 29.8978 1.6
      vertex 33.1657 29.9583 1.6
    endloop
  endfacet
  facet normal 0 0 1
    outer loop
      vertex 33.4485 5.45146 1.6
      vertex 32.6 5.09999 1.6
      vertex 33.3613 5.37238 1.6
    endloop
  endfacet
  facet normal 0 0 1
    outer loop
      vertex 32.6 30.1 1.6
      vertex 33.1657 29.9583 1.6
      vertex 33.0592 30.0087 1.6
    endloop
  endfacet
  facet normal 0 0 1
    outer loop
      vertex 33.3613 5.37238 1.6
      vertex 32.6 5.09999 1.6
      vertex 33.2667 5.30223 1.6
    endloop
  endfacet
  facet normal 0 0 1
    outer loop
      vertex 32.6 30.1 1.6
      vertex 33.0592 30.0087 1.6
      vertex 32.9483 30.0483 1.6
    endloop
  endfacet
  facet normal 0 0 1
    outer loop
      vertex 33.2667 5.30223 1.6
      vertex 32.6 5.09999 1.6
      vertex 33.1657 5.24168 1.6
    endloop
  endfacet
  facet normal 0 0 1
    outer loop
      vertex 32.6 30.1 1.6
      vertex 32.9483 30.0483 1.6
      vertex 32.8341 30.0769 1.6
    endloop
  endfacet
  facet normal 0 0 1
    outer loop
      vertex 33.1657 5.24168 1.6
      vertex 32.6 5.09999 1.6
      vertex 33.0592 5.19133 1.6
    endloop
  endfacet
  facet normal 0 0 1
    outer loop
      vertex 32.6 30.1 1.6
      vertex 32.8341 30.0769 1.6
      vertex 32.7176 30.0942 1.6
    endloop
  endfacet
  facet normal 0 0 1
    outer loop
      vertex 33.0592 5.19133 1.6
      vertex 32.6 5.09999 1.6
      vertex 32.9483 5.15166 1.6
    endloop
  endfacet
  facet normal 0 0 1
    outer loop
      vertex 32.9483 5.15166 1.6
      vertex 32.6 5.09999 1.6
      vertex 32.8341 5.12305 1.6
    endloop
  endfacet
  facet normal 0 0 1
    outer loop
      vertex 32.8341 5.12305 1.6
      vertex 32.6 5.09999 1.6
      vertex 32.7176 5.10576 1.6
    endloop
  endfacet
  facet normal -0 0 1
    outer loop
      vertex 1.99998 30.1 1.6
      vertex 32.6 5.09999 1.6
      vertex 32.6 30.1 1.6
    endloop
  endfacet
  facet normal 0 0 1
    outer loop
      vertex 1.99998 30.1 1.6
      vertex 1.99998 5.09999 1.6
      vertex 32.6 5.09999 1.6
    endloop
  endfacet
  facet normal 0 0 1
    outer loop
      vertex 0.799988 28.9 1.6
      vertex 1.99998 30.1 1.6
      vertex 1.88237 30.0942 1.6
    endloop
  endfacet
  facet normal 0 0 1
    outer loop
      vertex 1.99998 30.1 1.6
      vertex 0.799988 28.9 1.6
      vertex 1.99998 5.09999 1.6
    endloop
  endfacet
  facet normal 0 0 1
    outer loop
      vertex 0.799988 28.9 1.6
      vertex 1.88237 30.0942 1.6
      vertex 1.76587 30.0769 1.6
    endloop
  endfacet
  facet normal -0 0 1
    outer loop
      vertex 0.799988 6.29999 1.6
      vertex 1.99998 5.09999 1.6
      vertex 0.799988 28.9 1.6
    endloop
  endfacet
  facet normal 0 0 1
    outer loop
      vertex 0.799988 28.9 1.6
      vertex 1.76587 30.0769 1.6
      vertex 1.65164 30.0483 1.6
    endloop
  endfacet
  facet normal 0 0 1
    outer loop
      vertex 1.99998 5.09999 1.6
      vertex 0.799988 6.29999 1.6
      vertex 1.88237 5.10576 1.6
    endloop
  endfacet
  facet normal 0 0 1
    outer loop
      vertex 0.799988 28.9 1.6
      vertex 1.65164 30.0483 1.6
      vertex 1.54077 30.0087 1.6
    endloop
  endfacet
  facet normal 0 0 1
    outer loop
      vertex 1.88237 5.10576 1.6
      vertex 0.799988 6.29999 1.6
      vertex 1.76587 5.12305 1.6
    endloop
  endfacet
  facet normal 0 0 1
    outer loop
      vertex 0.799988 28.9 1.6
      vertex 1.54077 30.0087 1.6
      vertex 1.43431 29.9583 1.6
    endloop
  endfacet
  facet normal 0 0 1
    outer loop
      vertex 1.76587 5.12305 1.6
      vertex 0.799988 6.29999 1.6
      vertex 1.65164 5.15166 1.6
    endloop
  endfacet
  facet normal 0 0 1
    outer loop
      vertex 0.799988 28.9 1.6
      vertex 1.43431 29.9583 1.6
      vertex 1.3333 29.8978 1.6
    endloop
  endfacet
  facet normal 0 0 1
    outer loop
      vertex 1.65164 5.15166 1.6
      vertex 0.799988 6.29999 1.6
      vertex 1.54077 5.19133 1.6
    endloop
  endfacet
  facet normal 0 0 1
    outer loop
      vertex 0.799988 28.9 1.6
      vertex 1.3333 29.8978 1.6
      vertex 1.23871 29.8276 1.6
    endloop
  endfacet
  facet normal 0 0 1
    outer loop
      vertex 1.54077 5.19133 1.6
      vertex 0.799988 6.29999 1.6
      vertex 1.43431 5.24168 1.6
    endloop
  endfacet
  facet normal 0 0 1
    outer loop
      vertex 0.799988 28.9 1.6
      vertex 1.23871 29.8276 1.6
      vertex 1.15146 29.7485 1.6
    endloop
  endfacet
  facet normal 0 0 1
    outer loop
      vertex 1.43431 5.24168 1.6
      vertex 0.799988 6.29999 1.6
      vertex 1.3333 5.30223 1.6
    endloop
  endfacet
  facet normal 0 0 1
    outer loop
      vertex 0.799988 28.9 1.6
      vertex 1.15146 29.7485 1.6
      vertex 1.07237 29.6613 1.6
    endloop
  endfacet
  facet normal 0 0 1
    outer loop
      vertex 1.3333 5.30223 1.6
      vertex 0.799988 6.29999 1.6
      vertex 1.23871 5.37238 1.6
    endloop
  endfacet
  facet normal 0 0 1
    outer loop
      vertex 0.799988 28.9 1.6
      vertex 1.07237 29.6613 1.6
      vertex 1.00223 29.5667 1.6
    endloop
  endfacet
  facet normal 0 0 1
    outer loop
      vertex 1.23871 5.37238 1.6
      vertex 0.799988 6.29999 1.6
      vertex 1.15146 5.45146 1.6
    endloop
  endfacet
  facet normal 0 0 1
    outer loop
      vertex 0.799988 28.9 1.6
      vertex 1.00223 29.5667 1.6
      vertex 0.941681 29.4657 1.6
    endloop
  endfacet
  facet normal 0 0 1
    outer loop
      vertex 1.15146 5.45146 1.6
      vertex 0.799988 6.29999 1.6
      vertex 1.07237 5.53871 1.6
    endloop
  endfacet
  facet normal 0 0 1
    outer loop
      vertex 0.799988 28.9 1.6
      vertex 0.941681 29.4657 1.6
      vertex 0.891327 29.3592 1.6
    endloop
  endfacet
  facet normal 0 0 1
    outer loop
      vertex 1.07237 5.53871 1.6
      vertex 0.799988 6.29999 1.6
      vertex 1.00223 5.6333 1.6
    endloop
  endfacet
  facet normal 0 0 1
    outer loop
      vertex 0.799988 28.9 1.6
      vertex 0.891327 29.3592 1.6
      vertex 0.851654 29.2483 1.6
    endloop
  endfacet
  facet normal 0 0 1
    outer loop
      vertex 1.00223 5.6333 1.6
      vertex 0.799988 6.29999 1.6
      vertex 0.941681 5.73431 1.6
    endloop
  endfacet
  facet normal 0 0 1
    outer loop
      vertex 0.799988 28.9 1.6
      vertex 0.851654 29.2483 1.6
      vertex 0.823044 29.1341 1.6
    endloop
  endfacet
  facet normal 0 0 1
    outer loop
      vertex 0.941681 5.73431 1.6
      vertex 0.799988 6.29999 1.6
      vertex 0.891327 5.84077 1.6
    endloop
  endfacet
  facet normal 0 0 1
    outer loop
      vertex 0.799988 28.9 1.6
      vertex 0.823044 29.1341 1.6
      vertex 0.805756 29.0176 1.6
    endloop
  endfacet
  facet normal 0 0 1
    outer loop
      vertex 0.891327 5.84077 1.6
      vertex 0.799988 6.29999 1.6
      vertex 0.851654 5.95164 1.6
    endloop
  endfacet
  facet normal 0 0 1
    outer loop
      vertex 0.851654 5.95164 1.6
      vertex 0.799988 6.29999 1.6
      vertex 0.823044 6.06587 1.6
    endloop
  endfacet
  facet normal 0 0 1
    outer loop
      vertex 0.823044 6.06587 1.6
      vertex 0.799988 6.29999 1.6
      vertex 0.805756 6.18237 1.6
    endloop
  endfacet
  facet normal -0.146804 0.989166 0
    outer loop
      vertex -1.76587 5.12305 1.6
      vertex -1.88237 5.10576 3.3
      vertex -1.76587 5.12305 3.3
    endloop
  endfacet
  facet normal -0.146804 0.989166 0
    outer loop
      vertex -1.88237 5.10576 3.3
      vertex -1.76587 5.12305 1.6
      vertex -1.88237 5.10576 1.6
    endloop
  endfacet
  facet normal -0.242955 0.970038 0
    outer loop
      vertex -1.65164 5.15166 1.6
      vertex -1.76587 5.12305 3.3
      vertex -1.65164 5.15166 3.3
    endloop
  endfacet
  facet normal -0.242955 0.970038 0
    outer loop
      vertex -1.76587 5.12305 3.3
      vertex -1.65164 5.15166 1.6
      vertex -1.76587 5.12305 1.6
    endloop
  endfacet
  facet normal -0.33689 0.941544 0
    outer loop
      vertex -1.54077 5.19133 1.6
      vertex -1.65164 5.15166 3.3
      vertex -1.54077 5.19133 3.3
    endloop
  endfacet
  facet normal -0.33689 0.941544 0
    outer loop
      vertex -1.65164 5.15166 3.3
      vertex -1.54077 5.19133 1.6
      vertex -1.65164 5.15166 1.6
    endloop
  endfacet
  facet normal -0.427542 0.903995 0
    outer loop
      vertex -1.43431 5.24168 1.6
      vertex -1.54077 5.19133 3.3
      vertex -1.43431 5.24168 3.3
    endloop
  endfacet
  facet normal -0.427542 0.903995 0
    outer loop
      vertex -1.54077 5.19133 3.3
      vertex -1.43431 5.24168 1.6
      vertex -1.54077 5.19133 1.6
    endloop
  endfacet
  facet normal -0.514146 0.857703 0
    outer loop
      vertex -1.3333 5.30223 1.6
      vertex -1.43431 5.24168 3.3
      vertex -1.3333 5.30223 3.3
    endloop
  endfacet
  facet normal -0.514146 0.857703 0
    outer loop
      vertex -1.43431 5.24168 3.3
      vertex -1.3333 5.30223 1.6
      vertex -1.43431 5.24168 1.6
    endloop
  endfacet
  facet normal -0.595684 0.803219 0
    outer loop
      vertex -1.23871 5.37238 1.6
      vertex -1.3333 5.30223 3.3
      vertex -1.23871 5.37238 3.3
    endloop
  endfacet
  facet normal -0.595684 0.803219 0
    outer loop
      vertex -1.3333 5.30223 3.3
      vertex -1.23871 5.37238 1.6
      vertex -1.3333 5.30223 1.6
    endloop
  endfacet
  facet normal -0.671565 0.740946 0
    outer loop
      vertex -1.15146 5.45146 1.6
      vertex -1.23871 5.37238 3.3
      vertex -1.15146 5.45146 3.3
    endloop
  endfacet
  facet normal -0.671565 0.740946 0
    outer loop
      vertex -1.23871 5.37238 3.3
      vertex -1.15146 5.45146 1.6
      vertex -1.23871 5.37238 1.6
    endloop
  endfacet
  facet normal -0.740904 0.671611 0
    outer loop
      vertex -1.15146 5.45146 1.6
      vertex -1.07237 5.53871 3.3
      vertex -1.07237 5.53871 1.6
    endloop
  endfacet
  facet normal -0.740904 0.671611 0
    outer loop
      vertex -1.07237 5.53871 3.3
      vertex -1.15146 5.45146 1.6
      vertex -1.15146 5.45146 3.3
    endloop
  endfacet
  facet normal -0.803259 0.59563 0
    outer loop
      vertex -1.07237 5.53871 1.6
      vertex -1.00223 5.6333 3.3
      vertex -1.00223 5.6333 1.6
    endloop
  endfacet
  facet normal -0.803259 0.59563 0
    outer loop
      vertex -1.00223 5.6333 3.3
      vertex -1.07237 5.53871 1.6
      vertex -1.07237 5.53871 3.3
    endloop
  endfacet
  facet normal -0.857706 0.51414 0
    outer loop
      vertex -1.00223 5.6333 1.6
      vertex -0.941681 5.73431 3.3
      vertex -0.941681 5.73431 1.6
    endloop
  endfacet
  facet normal -0.857706 0.51414 0
    outer loop
      vertex -0.941681 5.73431 3.3
      vertex -1.00223 5.6333 1.6
      vertex -1.00223 5.6333 3.3
    endloop
  endfacet
  facet normal -0.903982 0.42757 0
    outer loop
      vertex -0.941681 5.73431 1.6
      vertex -0.891327 5.84077 3.3
      vertex -0.891327 5.84077 1.6
    endloop
  endfacet
  facet normal -0.903982 0.42757 0
    outer loop
      vertex -0.891327 5.84077 3.3
      vertex -0.941681 5.73431 1.6
      vertex -0.941681 5.73431 3.3
    endloop
  endfacet
  facet normal -0.941536 0.336913 0
    outer loop
      vertex -0.891327 5.84077 1.6
      vertex -0.851654 5.95164 3.3
      vertex -0.851654 5.95164 1.6
    endloop
  endfacet
  facet normal -0.941536 0.336913 0
    outer loop
      vertex -0.851654 5.95164 3.3
      vertex -0.891327 5.84077 1.6
      vertex -0.891327 5.84077 3.3
    endloop
  endfacet
  facet normal -0.970038 0.242955 0
    outer loop
      vertex -0.851654 5.95164 1.6
      vertex -0.823044 6.06587 3.3
      vertex -0.823044 6.06587 1.6
    endloop
  endfacet
  facet normal -0.970038 0.242955 0
    outer loop
      vertex -0.823044 6.06587 3.3
      vertex -0.851654 5.95164 1.6
      vertex -0.851654 5.95164 3.3
    endloop
  endfacet
  facet normal -0.989168 0.146787 0
    outer loop
      vertex -0.823044 6.06587 1.6
      vertex -0.805756 6.18237 3.3
      vertex -0.805756 6.18237 1.6
    endloop
  endfacet
  facet normal -0.989168 0.146787 0
    outer loop
      vertex -0.805756 6.18237 3.3
      vertex -0.823044 6.06587 1.6
      vertex -0.823044 6.06587 3.3
    endloop
  endfacet
  facet normal -0.9988 0.0489804 0
    outer loop
      vertex -0.805756 6.18237 1.6
      vertex -0.799988 6.29999 3.3
      vertex -0.799988 6.29999 1.6
    endloop
  endfacet
  facet normal -0.9988 0.0489804 0
    outer loop
      vertex -0.799988 6.29999 3.3
      vertex -0.805756 6.18237 1.6
      vertex -0.805756 6.18237 3.3
    endloop
  endfacet
  facet normal -1 0 0
    outer loop
      vertex -0.799988 6.29999 1.6
      vertex -0.799988 28.9 3.3
      vertex -0.799988 28.9 1.6
    endloop
  endfacet
  facet normal -1 -0 0
    outer loop
      vertex -0.799988 28.9 3.3
      vertex -0.799988 6.29999 1.6
      vertex -0.799988 6.29999 3.3
    endloop
  endfacet
  facet normal -0.998799 -0.0489887 0
    outer loop
      vertex -0.799988 28.9 1.6
      vertex -0.805756 29.0176 3.3
      vertex -0.805756 29.0176 1.6
    endloop
  endfacet
  facet normal -0.998799 -0.0489887 0
    outer loop
      vertex -0.805756 29.0176 3.3
      vertex -0.799988 28.9 1.6
      vertex -0.799988 28.9 3.3
    endloop
  endfacet
  facet normal -0.989168 -0.146787 0
    outer loop
      vertex -0.805756 29.0176 1.6
      vertex -0.823044 29.1341 3.3
      vertex -0.823044 29.1341 1.6
    endloop
  endfacet
  facet normal -0.989168 -0.146787 0
    outer loop
      vertex -0.823044 29.1341 3.3
      vertex -0.805756 29.0176 1.6
      vertex -0.805756 29.0176 3.3
    endloop
  endfacet
  facet normal -0.970022 -0.243015 0
    outer loop
      vertex -0.823044 29.1341 1.6
      vertex -0.851654 29.2483 3.3
      vertex -0.851654 29.2483 1.6
    endloop
  endfacet
  facet normal -0.970022 -0.243015 0
    outer loop
      vertex -0.851654 29.2483 3.3
      vertex -0.823044 29.1341 1.6
      vertex -0.823044 29.1341 3.3
    endloop
  endfacet
  facet normal -0.941565 -0.336832 0
    outer loop
      vertex -0.851654 29.2483 1.6
      vertex -0.891327 29.3592 3.3
      vertex -0.891327 29.3592 1.6
    endloop
  endfacet
  facet normal -0.941565 -0.336832 0
    outer loop
      vertex -0.891327 29.3592 3.3
      vertex -0.851654 29.2483 1.6
      vertex -0.851654 29.2483 3.3
    endloop
  endfacet
  facet normal -0.904044 -0.427439 0
    outer loop
      vertex -0.891327 29.3592 1.6
      vertex -0.941681 29.4657 3.3
      vertex -0.941681 29.4657 1.6
    endloop
  endfacet
  facet normal -0.904044 -0.427439 0
    outer loop
      vertex -0.941681 29.4657 3.3
      vertex -0.891327 29.3592 1.6
      vertex -0.891327 29.3592 3.3
    endloop
  endfacet
  facet normal -0.857684 -0.514177 0
    outer loop
      vertex -0.941681 29.4657 1.6
      vertex -1.00223 29.5667 3.3
      vertex -1.00223 29.5667 1.6
    endloop
  endfacet
  facet normal -0.857684 -0.514177 0
    outer loop
      vertex -1.00223 29.5667 3.3
      vertex -0.941681 29.4657 1.6
      vertex -0.941681 29.4657 3.3
    endloop
  endfacet
  facet normal -0.803289 -0.595589 0
    outer loop
      vertex -1.00223 29.5667 1.6
      vertex -1.07237 29.6613 3.3
      vertex -1.07237 29.6613 1.6
    endloop
  endfacet
  facet normal -0.803289 -0.595589 0
    outer loop
      vertex -1.07237 29.6613 3.3
      vertex -1.00223 29.5667 1.6
      vertex -1.00223 29.5667 3.3
    endloop
  endfacet
  facet normal -0.740712 -0.671823 0
    outer loop
      vertex -1.07237 29.6613 1.6
      vertex -1.15146 29.7485 3.3
      vertex -1.15146 29.7485 1.6
    endloop
  endfacet
  facet normal -0.740712 -0.671823 0
    outer loop
      vertex -1.15146 29.7485 3.3
      vertex -1.07237 29.6613 1.6
      vertex -1.07237 29.6613 3.3
    endloop
  endfacet
  facet normal -0.671658 -0.740862 0
    outer loop
      vertex -1.23871 29.8276 1.6
      vertex -1.15146 29.7485 3.3
      vertex -1.23871 29.8276 3.3
    endloop
  endfacet
  facet normal -0.671658 -0.740862 -0
    outer loop
      vertex -1.15146 29.7485 3.3
      vertex -1.23871 29.8276 1.6
      vertex -1.15146 29.7485 1.6
    endloop
  endfacet
  facet normal -0.595958 -0.803015 0
    outer loop
      vertex -1.3333 29.8978 1.6
      vertex -1.23871 29.8276 3.3
      vertex -1.3333 29.8978 3.3
    endloop
  endfacet
  facet normal -0.595958 -0.803015 -0
    outer loop
      vertex -1.23871 29.8276 3.3
      vertex -1.3333 29.8978 1.6
      vertex -1.23871 29.8276 1.6
    endloop
  endfacet
  facet normal -0.513834 -0.85789 0
    outer loop
      vertex -1.43431 29.9583 1.6
      vertex -1.3333 29.8978 3.3
      vertex -1.43431 29.9583 3.3
    endloop
  endfacet
  facet normal -0.513834 -0.85789 -0
    outer loop
      vertex -1.3333 29.8978 3.3
      vertex -1.43431 29.9583 1.6
      vertex -1.3333 29.8978 1.6
    endloop
  endfacet
  facet normal -0.427889 -0.903831 0
    outer loop
      vertex -1.54077 30.0087 1.6
      vertex -1.43431 29.9583 3.3
      vertex -1.54077 30.0087 3.3
    endloop
  endfacet
  facet normal -0.427889 -0.903831 -0
    outer loop
      vertex -1.43431 29.9583 3.3
      vertex -1.54077 30.0087 1.6
      vertex -1.43431 29.9583 1.6
    endloop
  endfacet
  facet normal -0.336363 -0.941732 0
    outer loop
      vertex -1.65164 30.0483 1.6
      vertex -1.54077 30.0087 3.3
      vertex -1.65164 30.0483 3.3
    endloop
  endfacet
  facet normal -0.336363 -0.941732 -0
    outer loop
      vertex -1.54077 30.0087 3.3
      vertex -1.65164 30.0483 1.6
      vertex -1.54077 30.0087 1.6
    endloop
  endfacet
  facet normal -0.242875 -0.970058 0
    outer loop
      vertex -1.76587 30.0769 1.6
      vertex -1.65164 30.0483 3.3
      vertex -1.76587 30.0769 3.3
    endloop
  endfacet
  facet normal -0.242875 -0.970058 -0
    outer loop
      vertex -1.65164 30.0483 3.3
      vertex -1.76587 30.0769 1.6
      vertex -1.65164 30.0483 1.6
    endloop
  endfacet
  facet normal -0.146887 -0.989153 0
    outer loop
      vertex -1.88237 30.0942 1.6
      vertex -1.76587 30.0769 3.3
      vertex -1.88237 30.0942 3.3
    endloop
  endfacet
  facet normal -0.146887 -0.989153 -0
    outer loop
      vertex -1.76587 30.0769 3.3
      vertex -1.88237 30.0942 1.6
      vertex -1.76587 30.0769 1.6
    endloop
  endfacet
  facet normal -0.0492557 -0.998786 0
    outer loop
      vertex -1.99998 30.1 1.6
      vertex -1.88237 30.0942 3.3
      vertex -1.99998 30.1 3.3
    endloop
  endfacet
  facet normal -0.0492557 -0.998786 -0
    outer loop
      vertex -1.88237 30.0942 3.3
      vertex -1.99998 30.1 1.6
      vertex -1.88237 30.0942 1.6
    endloop
  endfacet
  facet normal 0 -1 0
    outer loop
      vertex -32.6 30.1 1.6
      vertex -1.99998 30.1 3.3
      vertex -32.6 30.1 3.3
    endloop
  endfacet
  facet normal 0 -1 -0
    outer loop
      vertex -1.99998 30.1 3.3
      vertex -32.6 30.1 1.6
      vertex -1.99998 30.1 1.6
    endloop
  endfacet
  facet normal 0.0492599 -0.998786 0
    outer loop
      vertex -32.7176 30.0942 1.6
      vertex -32.6 30.1 3.3
      vertex -32.7176 30.0942 3.3
    endloop
  endfacet
  facet normal 0.0492599 -0.998786 0
    outer loop
      vertex -32.6 30.1 3.3
      vertex -32.7176 30.0942 1.6
      vertex -32.6 30.1 1.6
    endloop
  endfacet
  facet normal 0.146887 -0.989153 0
    outer loop
      vertex -32.8341 30.0769 1.6
      vertex -32.7176 30.0942 3.3
      vertex -32.8341 30.0769 3.3
    endloop
  endfacet
  facet normal 0.146887 -0.989153 0
    outer loop
      vertex -32.7176 30.0942 3.3
      vertex -32.8341 30.0769 1.6
      vertex -32.7176 30.0942 1.6
    endloop
  endfacet
  facet normal 0.242935 -0.970042 0
    outer loop
      vertex -32.9483 30.0483 1.6
      vertex -32.8341 30.0769 3.3
      vertex -32.9483 30.0483 3.3
    endloop
  endfacet
  facet normal 0.242935 -0.970042 0
    outer loop
      vertex -32.8341 30.0769 3.3
      vertex -32.9483 30.0483 1.6
      vertex -32.8341 30.0769 1.6
    endloop
  endfacet
  facet normal 0.336283 -0.941761 0
    outer loop
      vertex -33.0592 30.0087 1.6
      vertex -32.9483 30.0483 3.3
      vertex -33.0592 30.0087 3.3
    endloop
  endfacet
  facet normal 0.336283 -0.941761 0
    outer loop
      vertex -32.9483 30.0483 3.3
      vertex -33.0592 30.0087 1.6
      vertex -32.9483 30.0483 1.6
    endloop
  endfacet
  facet normal 0.427758 -0.903893 0
    outer loop
      vertex -33.1657 29.9583 1.6
      vertex -33.0592 30.0087 3.3
      vertex -33.1657 29.9583 3.3
    endloop
  endfacet
  facet normal 0.427758 -0.903893 0
    outer loop
      vertex -33.0592 30.0087 3.3
      vertex -33.1657 29.9583 1.6
      vertex -33.0592 30.0087 1.6
    endloop
  endfacet
  facet normal 0.513871 -0.857867 0
    outer loop
      vertex -33.2667 29.8978 1.6
      vertex -33.1657 29.9583 3.3
      vertex -33.2667 29.8978 3.3
    endloop
  endfacet
  facet normal 0.513871 -0.857867 0
    outer loop
      vertex -33.1657 29.9583 3.3
      vertex -33.2667 29.8978 1.6
      vertex -33.1657 29.9583 1.6
    endloop
  endfacet
  facet normal 0.595918 -0.803046 0
    outer loop
      vertex -33.3613 29.8276 1.6
      vertex -33.2667 29.8978 3.3
      vertex -33.3613 29.8276 3.3
    endloop
  endfacet
  facet normal 0.595918 -0.803046 0
    outer loop
      vertex -33.2667 29.8978 3.3
      vertex -33.3613 29.8276 1.6
      vertex -33.2667 29.8978 1.6
    endloop
  endfacet
  facet normal 0.671869 -0.74067 0
    outer loop
      vertex -33.4485 29.7485 1.6
      vertex -33.3613 29.8276 3.3
      vertex -33.4485 29.7485 3.3
    endloop
  endfacet
  facet normal 0.671869 -0.74067 0
    outer loop
      vertex -33.3613 29.8276 3.3
      vertex -33.4485 29.7485 1.6
      vertex -33.3613 29.8276 1.6
    endloop
  endfacet
  facet normal 0.74067 -0.671869 0
    outer loop
      vertex -33.5276 29.6613 3.3
      vertex -33.4485 29.7485 1.6
      vertex -33.4485 29.7485 3.3
    endloop
  endfacet
  facet normal 0.74067 -0.671869 0
    outer loop
      vertex -33.4485 29.7485 1.6
      vertex -33.5276 29.6613 3.3
      vertex -33.5276 29.6613 1.6
    endloop
  endfacet
  facet normal 0.803452 -0.59537 0
    outer loop
      vertex -33.5977 29.5667 3.3
      vertex -33.5276 29.6613 1.6
      vertex -33.5276 29.6613 3.3
    endloop
  endfacet
  facet normal 0.803452 -0.59537 0
    outer loop
      vertex -33.5276 29.6613 1.6
      vertex -33.5977 29.5667 3.3
      vertex -33.5977 29.5667 1.6
    endloop
  endfacet
  facet normal 0.857493 -0.514496 0
    outer loop
      vertex -33.6583 29.4657 3.3
      vertex -33.5977 29.5667 1.6
      vertex -33.5977 29.5667 3.3
    endloop
  endfacet
  facet normal 0.857493 -0.514496 0
    outer loop
      vertex -33.5977 29.5667 1.6
      vertex -33.6583 29.4657 3.3
      vertex -33.6583 29.4657 1.6
    endloop
  endfacet
  facet normal 0.904221 -0.427064 0
    outer loop
      vertex -33.7086 29.3592 3.3
      vertex -33.6583 29.4657 1.6
      vertex -33.6583 29.4657 3.3
    endloop
  endfacet
  facet normal 0.904221 -0.427064 0
    outer loop
      vertex -33.6583 29.4657 1.6
      vertex -33.7086 29.3592 3.3
      vertex -33.7086 29.3592 1.6
    endloop
  endfacet
  facet normal 0.941492 -0.337035 0
    outer loop
      vertex -33.7483 29.2483 3.3
      vertex -33.7086 29.3592 1.6
      vertex -33.7086 29.3592 3.3
    endloop
  endfacet
  facet normal 0.941492 -0.337035 0
    outer loop
      vertex -33.7086 29.3592 1.6
      vertex -33.7483 29.2483 3.3
      vertex -33.7483 29.2483 1.6
    endloop
  endfacet
  facet normal 0.970042 -0.242935 0
    outer loop
      vertex -33.7769 29.1341 3.3
      vertex -33.7483 29.2483 1.6
      vertex -33.7483 29.2483 3.3
    endloop
  endfacet
  facet normal 0.970042 -0.242935 0
    outer loop
      vertex -33.7483 29.2483 1.6
      vertex -33.7769 29.1341 3.3
      vertex -33.7769 29.1341 1.6
    endloop
  endfacet
  facet normal 0.989153 -0.146887 0
    outer loop
      vertex -33.7942 29.0176 3.3
      vertex -33.7769 29.1341 1.6
      vertex -33.7769 29.1341 3.3
    endloop
  endfacet
  facet normal 0.989153 -0.146887 0
    outer loop
      vertex -33.7769 29.1341 1.6
      vertex -33.7942 29.0176 3.3
      vertex -33.7942 29.0176 1.6
    endloop
  endfacet
  facet normal 0.998786 -0.0492599 0
    outer loop
      vertex -33.8 28.9 3.3
      vertex -33.7942 29.0176 1.6
      vertex -33.7942 29.0176 3.3
    endloop
  endfacet
  facet normal 0.998786 -0.0492599 0
    outer loop
      vertex -33.7942 29.0176 1.6
      vertex -33.8 28.9 3.3
      vertex -33.8 28.9 1.6
    endloop
  endfacet
  facet normal 1 -0 0
    outer loop
      vertex -33.8 6.29999 3.3
      vertex -33.8 28.9 1.6
      vertex -33.8 28.9 3.3
    endloop
  endfacet
  facet normal 1 0 0
    outer loop
      vertex -33.8 28.9 1.6
      vertex -33.8 6.29999 3.3
      vertex -33.8 6.29999 1.6
    endloop
  endfacet
  facet normal 0.998786 0.0492515 0
    outer loop
      vertex -33.7942 6.18237 3.3
      vertex -33.8 6.29999 1.6
      vertex -33.8 6.29999 3.3
    endloop
  endfacet
  facet normal 0.998786 0.0492515 0
    outer loop
      vertex -33.8 6.29999 1.6
      vertex -33.7942 6.18237 3.3
      vertex -33.7942 6.18237 1.6
    endloop
  endfacet
  facet normal 0.989153 0.146887 0
    outer loop
      vertex -33.7769 6.06587 3.3
      vertex -33.7942 6.18237 1.6
      vertex -33.7942 6.18237 3.3
    endloop
  endfacet
  facet normal 0.989153 0.146887 0
    outer loop
      vertex -33.7942 6.18237 1.6
      vertex -33.7769 6.06587 3.3
      vertex -33.7769 6.06587 1.6
    endloop
  endfacet
  facet normal 0.970058 0.242875 0
    outer loop
      vertex -33.7483 5.95164 3.3
      vertex -33.7769 6.06587 1.6
      vertex -33.7769 6.06587 3.3
    endloop
  endfacet
  facet normal 0.970058 0.242875 0
    outer loop
      vertex -33.7769 6.06587 1.6
      vertex -33.7483 5.95164 3.3
      vertex -33.7483 5.95164 1.6
    endloop
  endfacet
  facet normal 0.941463 0.337116 0
    outer loop
      vertex -33.7086 5.84077 3.3
      vertex -33.7483 5.95164 1.6
      vertex -33.7483 5.95164 3.3
    endloop
  endfacet
  facet normal 0.941463 0.337116 0
    outer loop
      vertex -33.7483 5.95164 1.6
      vertex -33.7086 5.84077 3.3
      vertex -33.7086 5.84077 1.6
    endloop
  endfacet
  facet normal 0.904159 0.427195 0
    outer loop
      vertex -33.6583 5.73431 3.3
      vertex -33.7086 5.84077 1.6
      vertex -33.7086 5.84077 3.3
    endloop
  endfacet
  facet normal 0.904159 0.427195 0
    outer loop
      vertex -33.7086 5.84077 1.6
      vertex -33.6583 5.73431 3.3
      vertex -33.6583 5.73431 1.6
    endloop
  endfacet
  facet normal 0.857515 0.514458 0
    outer loop
      vertex -33.5977 5.6333 3.3
      vertex -33.6583 5.73431 1.6
      vertex -33.6583 5.73431 3.3
    endloop
  endfacet
  facet normal 0.857515 0.514458 0
    outer loop
      vertex -33.6583 5.73431 1.6
      vertex -33.5977 5.6333 3.3
      vertex -33.5977 5.6333 1.6
    endloop
  endfacet
  facet normal 0.803422 0.59541 0
    outer loop
      vertex -33.5276 5.53871 3.3
      vertex -33.5977 5.6333 1.6
      vertex -33.5977 5.6333 3.3
    endloop
  endfacet
  facet normal 0.803422 0.59541 0
    outer loop
      vertex -33.5977 5.6333 1.6
      vertex -33.5276 5.53871 3.3
      vertex -33.5276 5.53871 1.6
    endloop
  endfacet
  facet normal 0.740862 0.671658 0
    outer loop
      vertex -33.4485 5.45146 3.3
      vertex -33.5276 5.53871 1.6
      vertex -33.5276 5.53871 3.3
    endloop
  endfacet
  facet normal 0.740862 0.671658 0
    outer loop
      vertex -33.5276 5.53871 1.6
      vertex -33.4485 5.45146 3.3
      vertex -33.4485 5.45146 1.6
    endloop
  endfacet
  facet normal 0.671776 0.740754 -0
    outer loop
      vertex -33.3613 5.37238 1.6
      vertex -33.4485 5.45146 3.3
      vertex -33.3613 5.37238 3.3
    endloop
  endfacet
  facet normal 0.671776 0.740754 0
    outer loop
      vertex -33.4485 5.45146 3.3
      vertex -33.3613 5.37238 1.6
      vertex -33.4485 5.45146 1.6
    endloop
  endfacet
  facet normal 0.595644 0.803249 -0
    outer loop
      vertex -33.2667 5.30223 1.6
      vertex -33.3613 5.37238 3.3
      vertex -33.2667 5.30223 3.3
    endloop
  endfacet
  facet normal 0.595644 0.803249 0
    outer loop
      vertex -33.3613 5.37238 3.3
      vertex -33.2667 5.30223 1.6
      vertex -33.3613 5.37238 1.6
    endloop
  endfacet
  facet normal 0.514184 0.85768 -0
    outer loop
      vertex -33.1657 5.24168 1.6
      vertex -33.2667 5.30223 3.3
      vertex -33.1657 5.24168 3.3
    endloop
  endfacet
  facet normal 0.514184 0.85768 0
    outer loop
      vertex -33.2667 5.30223 3.3
      vertex -33.1657 5.24168 1.6
      vertex -33.2667 5.30223 1.6
    endloop
  endfacet
  facet normal 0.427411 0.904057 -0
    outer loop
      vertex -33.0592 5.19133 1.6
      vertex -33.1657 5.24168 3.3
      vertex -33.0592 5.19133 3.3
    endloop
  endfacet
  facet normal 0.427411 0.904057 0
    outer loop
      vertex -33.1657 5.24168 3.3
      vertex -33.0592 5.19133 1.6
      vertex -33.1657 5.24168 1.6
    endloop
  endfacet
  facet normal 0.33681 0.941573 -0
    outer loop
      vertex -32.9483 5.15166 1.6
      vertex -33.0592 5.19133 3.3
      vertex -32.9483 5.15166 3.3
    endloop
  endfacet
  facet normal 0.33681 0.941573 0
    outer loop
      vertex -33.0592 5.19133 3.3
      vertex -32.9483 5.15166 1.6
      vertex -33.0592 5.19133 1.6
    endloop
  endfacet
  facet normal 0.243015 0.970022 -0
    outer loop
      vertex -32.8341 5.12305 1.6
      vertex -32.9483 5.15166 3.3
      vertex -32.8341 5.12305 3.3
    endloop
  endfacet
  facet normal 0.243015 0.970022 0
    outer loop
      vertex -32.9483 5.15166 3.3
      vertex -32.8341 5.12305 1.6
      vertex -32.9483 5.15166 1.6
    endloop
  endfacet
  facet normal 0.146804 0.989166 -0
    outer loop
      vertex -32.7176 5.10576 1.6
      vertex -32.8341 5.12305 3.3
      vertex -32.7176 5.10576 3.3
    endloop
  endfacet
  facet normal 0.146804 0.989166 0
    outer loop
      vertex -32.8341 5.12305 3.3
      vertex -32.7176 5.10576 1.6
      vertex -32.8341 5.12305 1.6
    endloop
  endfacet
  facet normal 0.0490057 0.998799 -0
    outer loop
      vertex -32.6 5.09999 1.6
      vertex -32.7176 5.10576 3.3
      vertex -32.6 5.09999 3.3
    endloop
  endfacet
  facet normal 0.0490057 0.998799 0
    outer loop
      vertex -32.7176 5.10576 3.3
      vertex -32.6 5.09999 1.6
      vertex -32.7176 5.10576 1.6
    endloop
  endfacet
  facet normal 0 1 -0
    outer loop
      vertex -1.99998 5.09999 1.6
      vertex -32.6 5.09999 3.3
      vertex -1.99998 5.09999 3.3
    endloop
  endfacet
  facet normal 0 1 0
    outer loop
      vertex -32.6 5.09999 3.3
      vertex -1.99998 5.09999 1.6
      vertex -32.6 5.09999 1.6
    endloop
  endfacet
  facet normal -0.0490015 0.998799 0
    outer loop
      vertex -1.88237 5.10576 1.6
      vertex -1.99998 5.09999 3.3
      vertex -1.88237 5.10576 3.3
    endloop
  endfacet
  facet normal -0.0490015 0.998799 0
    outer loop
      vertex -1.99998 5.09999 3.3
      vertex -1.88237 5.10576 1.6
      vertex -1.99998 5.09999 1.6
    endloop
  endfacet
  facet normal -0.146804 0.989166 0
    outer loop
      vertex 32.8341 5.12305 1.6
      vertex 32.7176 5.10576 3.3
      vertex 32.8341 5.12305 3.3
    endloop
  endfacet
  facet normal -0.146804 0.989166 0
    outer loop
      vertex 32.7176 5.10576 3.3
      vertex 32.8341 5.12305 1.6
      vertex 32.7176 5.10576 1.6
    endloop
  endfacet
  facet normal -0.243015 0.970022 0
    outer loop
      vertex 32.9483 5.15166 1.6
      vertex 32.8341 5.12305 3.3
      vertex 32.9483 5.15166 3.3
    endloop
  endfacet
  facet normal -0.243015 0.970022 0
    outer loop
      vertex 32.8341 5.12305 3.3
      vertex 32.9483 5.15166 1.6
      vertex 32.8341 5.12305 1.6
    endloop
  endfacet
  facet normal -0.33681 0.941573 0
    outer loop
      vertex 33.0592 5.19133 1.6
      vertex 32.9483 5.15166 3.3
      vertex 33.0592 5.19133 3.3
    endloop
  endfacet
  facet normal -0.33681 0.941573 0
    outer loop
      vertex 32.9483 5.15166 3.3
      vertex 33.0592 5.19133 1.6
      vertex 32.9483 5.15166 1.6
    endloop
  endfacet
  facet normal -0.427411 0.904057 0
    outer loop
      vertex 33.1657 5.24168 1.6
      vertex 33.0592 5.19133 3.3
      vertex 33.1657 5.24168 3.3
    endloop
  endfacet
  facet normal -0.427411 0.904057 0
    outer loop
      vertex 33.0592 5.19133 3.3
      vertex 33.1657 5.24168 1.6
      vertex 33.0592 5.19133 1.6
    endloop
  endfacet
  facet normal -0.514184 0.85768 0
    outer loop
      vertex 33.2667 5.30223 1.6
      vertex 33.1657 5.24168 3.3
      vertex 33.2667 5.30223 3.3
    endloop
  endfacet
  facet normal -0.514184 0.85768 0
    outer loop
      vertex 33.1657 5.24168 3.3
      vertex 33.2667 5.30223 1.6
      vertex 33.1657 5.24168 1.6
    endloop
  endfacet
  facet normal -0.595644 0.803249 0
    outer loop
      vertex 33.3613 5.37238 1.6
      vertex 33.2667 5.30223 3.3
      vertex 33.3613 5.37238 3.3
    endloop
  endfacet
  facet normal -0.595644 0.803249 0
    outer loop
      vertex 33.2667 5.30223 3.3
      vertex 33.3613 5.37238 1.6
      vertex 33.2667 5.30223 1.6
    endloop
  endfacet
  facet normal -0.671776 0.740754 0
    outer loop
      vertex 33.4485 5.45146 1.6
      vertex 33.3613 5.37238 3.3
      vertex 33.4485 5.45146 3.3
    endloop
  endfacet
  facet normal -0.671776 0.740754 0
    outer loop
      vertex 33.3613 5.37238 3.3
      vertex 33.4485 5.45146 1.6
      vertex 33.3613 5.37238 1.6
    endloop
  endfacet
  facet normal -0.740862 0.671658 0
    outer loop
      vertex 33.4485 5.45146 1.6
      vertex 33.5276 5.53871 3.3
      vertex 33.5276 5.53871 1.6
    endloop
  endfacet
  facet normal -0.740862 0.671658 0
    outer loop
      vertex 33.5276 5.53871 3.3
      vertex 33.4485 5.45146 1.6
      vertex 33.4485 5.45146 3.3
    endloop
  endfacet
  facet normal -0.803422 0.59541 0
    outer loop
      vertex 33.5276 5.53871 1.6
      vertex 33.5977 5.6333 3.3
      vertex 33.5977 5.6333 1.6
    endloop
  endfacet
  facet normal -0.803422 0.59541 0
    outer loop
      vertex 33.5977 5.6333 3.3
      vertex 33.5276 5.53871 1.6
      vertex 33.5276 5.53871 3.3
    endloop
  endfacet
  facet normal -0.857515 0.514458 0
    outer loop
      vertex 33.5977 5.6333 1.6
      vertex 33.6583 5.73431 3.3
      vertex 33.6583 5.73431 1.6
    endloop
  endfacet
  facet normal -0.857515 0.514458 0
    outer loop
      vertex 33.6583 5.73431 3.3
      vertex 33.5977 5.6333 1.6
      vertex 33.5977 5.6333 3.3
    endloop
  endfacet
  facet normal -0.904159 0.427195 0
    outer loop
      vertex 33.6583 5.73431 1.6
      vertex 33.7086 5.84077 3.3
      vertex 33.7086 5.84077 1.6
    endloop
  endfacet
  facet normal -0.904159 0.427195 0
    outer loop
      vertex 33.7086 5.84077 3.3
      vertex 33.6583 5.73431 1.6
      vertex 33.6583 5.73431 3.3
    endloop
  endfacet
  facet normal -0.941463 0.337116 0
    outer loop
      vertex 33.7086 5.84077 1.6
      vertex 33.7483 5.95164 3.3
      vertex 33.7483 5.95164 1.6
    endloop
  endfacet
  facet normal -0.941463 0.337116 0
    outer loop
      vertex 33.7483 5.95164 3.3
      vertex 33.7086 5.84077 1.6
      vertex 33.7086 5.84077 3.3
    endloop
  endfacet
  facet normal -0.970058 0.242875 0
    outer loop
      vertex 33.7483 5.95164 1.6
      vertex 33.7769 6.06587 3.3
      vertex 33.7769 6.06587 1.6
    endloop
  endfacet
  facet normal -0.970058 0.242875 0
    outer loop
      vertex 33.7769 6.06587 3.3
      vertex 33.7483 5.95164 1.6
      vertex 33.7483 5.95164 3.3
    endloop
  endfacet
  facet normal -0.989153 0.146887 0
    outer loop
      vertex 33.7769 6.06587 1.6
      vertex 33.7942 6.18237 3.3
      vertex 33.7942 6.18237 1.6
    endloop
  endfacet
  facet normal -0.989153 0.146887 0
    outer loop
      vertex 33.7942 6.18237 3.3
      vertex 33.7769 6.06587 1.6
      vertex 33.7769 6.06587 3.3
    endloop
  endfacet
  facet normal -0.998786 0.0492515 0
    outer loop
      vertex 33.7942 6.18237 1.6
      vertex 33.8 6.29999 3.3
      vertex 33.8 6.29999 1.6
    endloop
  endfacet
  facet normal -0.998786 0.0492515 0
    outer loop
      vertex 33.8 6.29999 3.3
      vertex 33.7942 6.18237 1.6
      vertex 33.7942 6.18237 3.3
    endloop
  endfacet
  facet normal -1 0 0
    outer loop
      vertex 33.8 6.29999 1.6
      vertex 33.8 28.9 3.3
      vertex 33.8 28.9 1.6
    endloop
  endfacet
  facet normal -1 -0 0
    outer loop
      vertex 33.8 28.9 3.3
      vertex 33.8 6.29999 1.6
      vertex 33.8 6.29999 3.3
    endloop
  endfacet
  facet normal -0.998786 -0.0492599 0
    outer loop
      vertex 33.8 28.9 1.6
      vertex 33.7942 29.0176 3.3
      vertex 33.7942 29.0176 1.6
    endloop
  endfacet
  facet normal -0.998786 -0.0492599 0
    outer loop
      vertex 33.7942 29.0176 3.3
      vertex 33.8 28.9 1.6
      vertex 33.8 28.9 3.3
    endloop
  endfacet
  facet normal -0.989153 -0.146887 0
    outer loop
      vertex 33.7942 29.0176 1.6
      vertex 33.7769 29.1341 3.3
      vertex 33.7769 29.1341 1.6
    endloop
  endfacet
  facet normal -0.989153 -0.146887 0
    outer loop
      vertex 33.7769 29.1341 3.3
      vertex 33.7942 29.0176 1.6
      vertex 33.7942 29.0176 3.3
    endloop
  endfacet
  facet normal -0.970042 -0.242935 0
    outer loop
      vertex 33.7769 29.1341 1.6
      vertex 33.7483 29.2483 3.3
      vertex 33.7483 29.2483 1.6
    endloop
  endfacet
  facet normal -0.970042 -0.242935 0
    outer loop
      vertex 33.7483 29.2483 3.3
      vertex 33.7769 29.1341 1.6
      vertex 33.7769 29.1341 3.3
    endloop
  endfacet
  facet normal -0.941492 -0.337035 0
    outer loop
      vertex 33.7483 29.2483 1.6
      vertex 33.7086 29.3592 3.3
      vertex 33.7086 29.3592 1.6
    endloop
  endfacet
  facet normal -0.941492 -0.337035 0
    outer loop
      vertex 33.7086 29.3592 3.3
      vertex 33.7483 29.2483 1.6
      vertex 33.7483 29.2483 3.3
    endloop
  endfacet
  facet normal -0.904221 -0.427064 0
    outer loop
      vertex 33.7086 29.3592 1.6
      vertex 33.6583 29.4657 3.3
      vertex 33.6583 29.4657 1.6
    endloop
  endfacet
  facet normal -0.904221 -0.427064 0
    outer loop
      vertex 33.6583 29.4657 3.3
      vertex 33.7086 29.3592 1.6
      vertex 33.7086 29.3592 3.3
    endloop
  endfacet
  facet normal -0.857493 -0.514496 0
    outer loop
      vertex 33.6583 29.4657 1.6
      vertex 33.5977 29.5667 3.3
      vertex 33.5977 29.5667 1.6
    endloop
  endfacet
  facet normal -0.857493 -0.514496 0
    outer loop
      vertex 33.5977 29.5667 3.3
      vertex 33.6583 29.4657 1.6
      vertex 33.6583 29.4657 3.3
    endloop
  endfacet
  facet normal -0.803452 -0.59537 0
    outer loop
      vertex 33.5977 29.5667 1.6
      vertex 33.5276 29.6613 3.3
      vertex 33.5276 29.6613 1.6
    endloop
  endfacet
  facet normal -0.803452 -0.59537 0
    outer loop
      vertex 33.5276 29.6613 3.3
      vertex 33.5977 29.5667 1.6
      vertex 33.5977 29.5667 3.3
    endloop
  endfacet
  facet normal -0.74067 -0.671869 0
    outer loop
      vertex 33.5276 29.6613 1.6
      vertex 33.4485 29.7485 3.3
      vertex 33.4485 29.7485 1.6
    endloop
  endfacet
  facet normal -0.74067 -0.671869 0
    outer loop
      vertex 33.4485 29.7485 3.3
      vertex 33.5276 29.6613 1.6
      vertex 33.5276 29.6613 3.3
    endloop
  endfacet
  facet normal -0.671869 -0.74067 0
    outer loop
      vertex 33.3613 29.8276 1.6
      vertex 33.4485 29.7485 3.3
      vertex 33.3613 29.8276 3.3
    endloop
  endfacet
  facet normal -0.671869 -0.74067 -0
    outer loop
      vertex 33.4485 29.7485 3.3
      vertex 33.3613 29.8276 1.6
      vertex 33.4485 29.7485 1.6
    endloop
  endfacet
  facet normal -0.595918 -0.803046 0
    outer loop
      vertex 33.2667 29.8978 1.6
      vertex 33.3613 29.8276 3.3
      vertex 33.2667 29.8978 3.3
    endloop
  endfacet
  facet normal -0.595918 -0.803046 -0
    outer loop
      vertex 33.3613 29.8276 3.3
      vertex 33.2667 29.8978 1.6
      vertex 33.3613 29.8276 1.6
    endloop
  endfacet
  facet normal -0.513871 -0.857867 0
    outer loop
      vertex 33.1657 29.9583 1.6
      vertex 33.2667 29.8978 3.3
      vertex 33.1657 29.9583 3.3
    endloop
  endfacet
  facet normal -0.513871 -0.857867 -0
    outer loop
      vertex 33.2667 29.8978 3.3
      vertex 33.1657 29.9583 1.6
      vertex 33.2667 29.8978 1.6
    endloop
  endfacet
  facet normal -0.427758 -0.903893 0
    outer loop
      vertex 33.0592 30.0087 1.6
      vertex 33.1657 29.9583 3.3
      vertex 33.0592 30.0087 3.3
    endloop
  endfacet
  facet normal -0.427758 -0.903893 -0
    outer loop
      vertex 33.1657 29.9583 3.3
      vertex 33.0592 30.0087 1.6
      vertex 33.1657 29.9583 1.6
    endloop
  endfacet
  facet normal -0.336283 -0.941761 0
    outer loop
      vertex 32.9483 30.0483 1.6
      vertex 33.0592 30.0087 3.3
      vertex 32.9483 30.0483 3.3
    endloop
  endfacet
  facet normal -0.336283 -0.941761 -0
    outer loop
      vertex 33.0592 30.0087 3.3
      vertex 32.9483 30.0483 1.6
      vertex 33.0592 30.0087 1.6
    endloop
  endfacet
  facet normal -0.242935 -0.970042 0
    outer loop
      vertex 32.8341 30.0769 1.6
      vertex 32.9483 30.0483 3.3
      vertex 32.8341 30.0769 3.3
    endloop
  endfacet
  facet normal -0.242935 -0.970042 -0
    outer loop
      vertex 32.9483 30.0483 3.3
      vertex 32.8341 30.0769 1.6
      vertex 32.9483 30.0483 1.6
    endloop
  endfacet
  facet normal -0.146887 -0.989153 0
    outer loop
      vertex 32.7176 30.0942 1.6
      vertex 32.8341 30.0769 3.3
      vertex 32.7176 30.0942 3.3
    endloop
  endfacet
  facet normal -0.146887 -0.989153 -0
    outer loop
      vertex 32.8341 30.0769 3.3
      vertex 32.7176 30.0942 1.6
      vertex 32.8341 30.0769 1.6
    endloop
  endfacet
  facet normal -0.0492599 -0.998786 0
    outer loop
      vertex 32.6 30.1 1.6
      vertex 32.7176 30.0942 3.3
      vertex 32.6 30.1 3.3
    endloop
  endfacet
  facet normal -0.0492599 -0.998786 -0
    outer loop
      vertex 32.7176 30.0942 3.3
      vertex 32.6 30.1 1.6
      vertex 32.7176 30.0942 1.6
    endloop
  endfacet
  facet normal 0 -1 0
    outer loop
      vertex 1.99998 30.1 1.6
      vertex 32.6 30.1 3.3
      vertex 1.99998 30.1 3.3
    endloop
  endfacet
  facet normal 0 -1 -0
    outer loop
      vertex 32.6 30.1 3.3
      vertex 1.99998 30.1 1.6
      vertex 32.6 30.1 1.6
    endloop
  endfacet
  facet normal 0.0492557 -0.998786 0
    outer loop
      vertex 1.88237 30.0942 1.6
      vertex 1.99998 30.1 3.3
      vertex 1.88237 30.0942 3.3
    endloop
  endfacet
  facet normal 0.0492557 -0.998786 0
    outer loop
      vertex 1.99998 30.1 3.3
      vertex 1.88237 30.0942 1.6
      vertex 1.99998 30.1 1.6
    endloop
  endfacet
  facet normal 0.146887 -0.989153 0
    outer loop
      vertex 1.76587 30.0769 1.6
      vertex 1.88237 30.0942 3.3
      vertex 1.76587 30.0769 3.3
    endloop
  endfacet
  facet normal 0.146887 -0.989153 0
    outer loop
      vertex 1.88237 30.0942 3.3
      vertex 1.76587 30.0769 1.6
      vertex 1.88237 30.0942 1.6
    endloop
  endfacet
  facet normal 0.242875 -0.970058 0
    outer loop
      vertex 1.65164 30.0483 1.6
      vertex 1.76587 30.0769 3.3
      vertex 1.65164 30.0483 3.3
    endloop
  endfacet
  facet normal 0.242875 -0.970058 0
    outer loop
      vertex 1.76587 30.0769 3.3
      vertex 1.65164 30.0483 1.6
      vertex 1.76587 30.0769 1.6
    endloop
  endfacet
  facet normal 0.336363 -0.941732 0
    outer loop
      vertex 1.54077 30.0087 1.6
      vertex 1.65164 30.0483 3.3
      vertex 1.54077 30.0087 3.3
    endloop
  endfacet
  facet normal 0.336363 -0.941732 0
    outer loop
      vertex 1.65164 30.0483 3.3
      vertex 1.54077 30.0087 1.6
      vertex 1.65164 30.0483 1.6
    endloop
  endfacet
  facet normal 0.427889 -0.903831 0
    outer loop
      vertex 1.43431 29.9583 1.6
      vertex 1.54077 30.0087 3.3
      vertex 1.43431 29.9583 3.3
    endloop
  endfacet
  facet normal 0.427889 -0.903831 0
    outer loop
      vertex 1.54077 30.0087 3.3
      vertex 1.43431 29.9583 1.6
      vertex 1.54077 30.0087 1.6
    endloop
  endfacet
  facet normal 0.513834 -0.85789 0
    outer loop
      vertex 1.3333 29.8978 1.6
      vertex 1.43431 29.9583 3.3
      vertex 1.3333 29.8978 3.3
    endloop
  endfacet
  facet normal 0.513834 -0.85789 0
    outer loop
      vertex 1.43431 29.9583 3.3
      vertex 1.3333 29.8978 1.6
      vertex 1.43431 29.9583 1.6
    endloop
  endfacet
  facet normal 0.595958 -0.803015 0
    outer loop
      vertex 1.23871 29.8276 1.6
      vertex 1.3333 29.8978 3.3
      vertex 1.23871 29.8276 3.3
    endloop
  endfacet
  facet normal 0.595958 -0.803015 0
    outer loop
      vertex 1.3333 29.8978 3.3
      vertex 1.23871 29.8276 1.6
      vertex 1.3333 29.8978 1.6
    endloop
  endfacet
  facet normal 0.671658 -0.740862 0
    outer loop
      vertex 1.15146 29.7485 1.6
      vertex 1.23871 29.8276 3.3
      vertex 1.15146 29.7485 3.3
    endloop
  endfacet
  facet normal 0.671658 -0.740862 0
    outer loop
      vertex 1.23871 29.8276 3.3
      vertex 1.15146 29.7485 1.6
      vertex 1.23871 29.8276 1.6
    endloop
  endfacet
  facet normal 0.740712 -0.671823 0
    outer loop
      vertex 1.07237 29.6613 3.3
      vertex 1.15146 29.7485 1.6
      vertex 1.15146 29.7485 3.3
    endloop
  endfacet
  facet normal 0.740712 -0.671823 0
    outer loop
      vertex 1.15146 29.7485 1.6
      vertex 1.07237 29.6613 3.3
      vertex 1.07237 29.6613 1.6
    endloop
  endfacet
  facet normal 0.803289 -0.595589 0
    outer loop
      vertex 1.00223 29.5667 3.3
      vertex 1.07237 29.6613 1.6
      vertex 1.07237 29.6613 3.3
    endloop
  endfacet
  facet normal 0.803289 -0.595589 0
    outer loop
      vertex 1.07237 29.6613 1.6
      vertex 1.00223 29.5667 3.3
      vertex 1.00223 29.5667 1.6
    endloop
  endfacet
  facet normal 0.857684 -0.514177 0
    outer loop
      vertex 0.941681 29.4657 3.3
      vertex 1.00223 29.5667 1.6
      vertex 1.00223 29.5667 3.3
    endloop
  endfacet
  facet normal 0.857684 -0.514177 0
    outer loop
      vertex 1.00223 29.5667 1.6
      vertex 0.941681 29.4657 3.3
      vertex 0.941681 29.4657 1.6
    endloop
  endfacet
  facet normal 0.904044 -0.427439 0
    outer loop
      vertex 0.891327 29.3592 3.3
      vertex 0.941681 29.4657 1.6
      vertex 0.941681 29.4657 3.3
    endloop
  endfacet
  facet normal 0.904044 -0.427439 0
    outer loop
      vertex 0.941681 29.4657 1.6
      vertex 0.891327 29.3592 3.3
      vertex 0.891327 29.3592 1.6
    endloop
  endfacet
  facet normal 0.941565 -0.336832 0
    outer loop
      vertex 0.851654 29.2483 3.3
      vertex 0.891327 29.3592 1.6
      vertex 0.891327 29.3592 3.3
    endloop
  endfacet
  facet normal 0.941565 -0.336832 0
    outer loop
      vertex 0.891327 29.3592 1.6
      vertex 0.851654 29.2483 3.3
      vertex 0.851654 29.2483 1.6
    endloop
  endfacet
  facet normal 0.970022 -0.243015 0
    outer loop
      vertex 0.823044 29.1341 3.3
      vertex 0.851654 29.2483 1.6
      vertex 0.851654 29.2483 3.3
    endloop
  endfacet
  facet normal 0.970022 -0.243015 0
    outer loop
      vertex 0.851654 29.2483 1.6
      vertex 0.823044 29.1341 3.3
      vertex 0.823044 29.1341 1.6
    endloop
  endfacet
  facet normal 0.989168 -0.146787 0
    outer loop
      vertex 0.805756 29.0176 3.3
      vertex 0.823044 29.1341 1.6
      vertex 0.823044 29.1341 3.3
    endloop
  endfacet
  facet normal 0.989168 -0.146787 0
    outer loop
      vertex 0.823044 29.1341 1.6
      vertex 0.805756 29.0176 3.3
      vertex 0.805756 29.0176 1.6
    endloop
  endfacet
  facet normal 0.998799 -0.0489887 0
    outer loop
      vertex 0.799988 28.9 3.3
      vertex 0.805756 29.0176 1.6
      vertex 0.805756 29.0176 3.3
    endloop
  endfacet
  facet normal 0.998799 -0.0489887 0
    outer loop
      vertex 0.805756 29.0176 1.6
      vertex 0.799988 28.9 3.3
      vertex 0.799988 28.9 1.6
    endloop
  endfacet
  facet normal 1 -0 0
    outer loop
      vertex 0.799988 6.29999 3.3
      vertex 0.799988 28.9 1.6
      vertex 0.799988 28.9 3.3
    endloop
  endfacet
  facet normal 1 0 0
    outer loop
      vertex 0.799988 28.9 1.6
      vertex 0.799988 6.29999 3.3
      vertex 0.799988 6.29999 1.6
    endloop
  endfacet
  facet normal 0.9988 0.0489804 0
    outer loop
      vertex 0.805756 6.18237 3.3
      vertex 0.799988 6.29999 1.6
      vertex 0.799988 6.29999 3.3
    endloop
  endfacet
  facet normal 0.9988 0.0489804 0
    outer loop
      vertex 0.799988 6.29999 1.6
      vertex 0.805756 6.18237 3.3
      vertex 0.805756 6.18237 1.6
    endloop
  endfacet
  facet normal 0.989168 0.146787 0
    outer loop
      vertex 0.823044 6.06587 3.3
      vertex 0.805756 6.18237 1.6
      vertex 0.805756 6.18237 3.3
    endloop
  endfacet
  facet normal 0.989168 0.146787 0
    outer loop
      vertex 0.805756 6.18237 1.6
      vertex 0.823044 6.06587 3.3
      vertex 0.823044 6.06587 1.6
    endloop
  endfacet
  facet normal 0.970038 0.242955 0
    outer loop
      vertex 0.851654 5.95164 3.3
      vertex 0.823044 6.06587 1.6
      vertex 0.823044 6.06587 3.3
    endloop
  endfacet
  facet normal 0.970038 0.242955 0
    outer loop
      vertex 0.823044 6.06587 1.6
      vertex 0.851654 5.95164 3.3
      vertex 0.851654 5.95164 1.6
    endloop
  endfacet
  facet normal 0.941536 0.336913 0
    outer loop
      vertex 0.891327 5.84077 3.3
      vertex 0.851654 5.95164 1.6
      vertex 0.851654 5.95164 3.3
    endloop
  endfacet
  facet normal 0.941536 0.336913 0
    outer loop
      vertex 0.851654 5.95164 1.6
      vertex 0.891327 5.84077 3.3
      vertex 0.891327 5.84077 1.6
    endloop
  endfacet
  facet normal 0.903982 0.42757 0
    outer loop
      vertex 0.941681 5.73431 3.3
      vertex 0.891327 5.84077 1.6
      vertex 0.891327 5.84077 3.3
    endloop
  endfacet
  facet normal 0.903982 0.42757 0
    outer loop
      vertex 0.891327 5.84077 1.6
      vertex 0.941681 5.73431 3.3
      vertex 0.941681 5.73431 1.6
    endloop
  endfacet
  facet normal 0.857706 0.51414 0
    outer loop
      vertex 1.00223 5.6333 3.3
      vertex 0.941681 5.73431 1.6
      vertex 0.941681 5.73431 3.3
    endloop
  endfacet
  facet normal 0.857706 0.51414 0
    outer loop
      vertex 0.941681 5.73431 1.6
      vertex 1.00223 5.6333 3.3
      vertex 1.00223 5.6333 1.6
    endloop
  endfacet
  facet normal 0.803259 0.59563 0
    outer loop
      vertex 1.07237 5.53871 3.3
      vertex 1.00223 5.6333 1.6
      vertex 1.00223 5.6333 3.3
    endloop
  endfacet
  facet normal 0.803259 0.59563 0
    outer loop
      vertex 1.00223 5.6333 1.6
      vertex 1.07237 5.53871 3.3
      vertex 1.07237 5.53871 1.6
    endloop
  endfacet
  facet normal 0.740904 0.671611 0
    outer loop
      vertex 1.15146 5.45146 3.3
      vertex 1.07237 5.53871 1.6
      vertex 1.07237 5.53871 3.3
    endloop
  endfacet
  facet normal 0.740904 0.671611 0
    outer loop
      vertex 1.07237 5.53871 1.6
      vertex 1.15146 5.45146 3.3
      vertex 1.15146 5.45146 1.6
    endloop
  endfacet
  facet normal 0.671565 0.740946 -0
    outer loop
      vertex 1.23871 5.37238 1.6
      vertex 1.15146 5.45146 3.3
      vertex 1.23871 5.37238 3.3
    endloop
  endfacet
  facet normal 0.671565 0.740946 0
    outer loop
      vertex 1.15146 5.45146 3.3
      vertex 1.23871 5.37238 1.6
      vertex 1.15146 5.45146 1.6
    endloop
  endfacet
  facet normal 0.595684 0.803219 -0
    outer loop
      vertex 1.3333 5.30223 1.6
      vertex 1.23871 5.37238 3.3
      vertex 1.3333 5.30223 3.3
    endloop
  endfacet
  facet normal 0.595684 0.803219 0
    outer loop
      vertex 1.23871 5.37238 3.3
      vertex 1.3333 5.30223 1.6
      vertex 1.23871 5.37238 1.6
    endloop
  endfacet
  facet normal 0.514146 0.857703 -0
    outer loop
      vertex 1.43431 5.24168 1.6
      vertex 1.3333 5.30223 3.3
      vertex 1.43431 5.24168 3.3
    endloop
  endfacet
  facet normal 0.514146 0.857703 0
    outer loop
      vertex 1.3333 5.30223 3.3
      vertex 1.43431 5.24168 1.6
      vertex 1.3333 5.30223 1.6
    endloop
  endfacet
  facet normal 0.427542 0.903995 -0
    outer loop
      vertex 1.54077 5.19133 1.6
      vertex 1.43431 5.24168 3.3
      vertex 1.54077 5.19133 3.3
    endloop
  endfacet
  facet normal 0.427542 0.903995 0
    outer loop
      vertex 1.43431 5.24168 3.3
      vertex 1.54077 5.19133 1.6
      vertex 1.43431 5.24168 1.6
    endloop
  endfacet
  facet normal 0.33689 0.941544 -0
    outer loop
      vertex 1.65164 5.15166 1.6
      vertex 1.54077 5.19133 3.3
      vertex 1.65164 5.15166 3.3
    endloop
  endfacet
  facet normal 0.33689 0.941544 0
    outer loop
      vertex 1.54077 5.19133 3.3
      vertex 1.65164 5.15166 1.6
      vertex 1.54077 5.19133 1.6
    endloop
  endfacet
  facet normal 0.242955 0.970038 -0
    outer loop
      vertex 1.76587 5.12305 1.6
      vertex 1.65164 5.15166 3.3
      vertex 1.76587 5.12305 3.3
    endloop
  endfacet
  facet normal 0.242955 0.970038 0
    outer loop
      vertex 1.65164 5.15166 3.3
      vertex 1.76587 5.12305 1.6
      vertex 1.65164 5.15166 1.6
    endloop
  endfacet
  facet normal 0.146804 0.989166 -0
    outer loop
      vertex 1.88237 5.10576 1.6
      vertex 1.76587 5.12305 3.3
      vertex 1.88237 5.10576 3.3
    endloop
  endfacet
  facet normal 0.146804 0.989166 0
    outer loop
      vertex 1.76587 5.12305 3.3
      vertex 1.88237 5.10576 1.6
      vertex 1.76587 5.12305 1.6
    endloop
  endfacet
  facet normal 0.0490015 0.998799 -0
    outer loop
      vertex 1.99998 5.09999 1.6
      vertex 1.88237 5.10576 3.3
      vertex 1.99998 5.09999 3.3
    endloop
  endfacet
  facet normal 0.0490015 0.998799 0
    outer loop
      vertex 1.88237 5.10576 3.3
      vertex 1.99998 5.09999 1.6
      vertex 1.88237 5.10576 1.6
    endloop
  endfacet
  facet normal 0 1 -0
    outer loop
      vertex 32.6 5.09999 1.6
      vertex 1.99998 5.09999 3.3
      vertex 32.6 5.09999 3.3
    endloop
  endfacet
  facet normal 0 1 0
    outer loop
      vertex 1.99998 5.09999 3.3
      vertex 32.6 5.09999 1.6
      vertex 1.99998 5.09999 1.6
    endloop
  endfacet
  facet normal -0.0490057 0.998799 0
    outer loop
      vertex 32.7176 5.10576 1.6
      vertex 32.6 5.09999 3.3
      vertex 32.7176 5.10576 3.3
    endloop
  endfacet
  facet normal -0.0490057 0.998799 0
    outer loop
      vertex 32.6 5.09999 3.3
      vertex 32.7176 5.10576 1.6
      vertex 32.6 5.09999 1.6
    endloop
  endfacet
  facet normal 0 0 1
    outer loop
      vertex 6.89999 -4.10001 2.7
      vertex 8.09999 -5.3 2.7
      vertex 8.09422 -5.18239 2.7
    endloop
  endfacet
  facet normal 0 0 1
    outer loop
      vertex 8.09999 -5.3 2.7
      vertex 6.89999 -4.10001 2.7
      vertex 8.09999 -15.1 2.7
    endloop
  endfacet
  facet normal 0 0 1
    outer loop
      vertex 6.89999 -4.10001 2.7
      vertex 8.09422 -5.18239 2.7
      vertex 8.07693 -5.06589 2.7
    endloop
  endfacet
  facet normal 0 0 1
    outer loop
      vertex 6.89999 -16.3 2.7
      vertex 8.09999 -15.1 2.7
      vertex 6.89999 -4.10001 2.7
    endloop
  endfacet
  facet normal 0 0 1
    outer loop
      vertex 6.89999 -4.10001 2.7
      vertex 8.07693 -5.06589 2.7
      vertex 8.04832 -4.95166 2.7
    endloop
  endfacet
  facet normal 0 0 1
    outer loop
      vertex 8.09999 -15.1 2.7
      vertex 6.89999 -16.3 2.7
      vertex 8.09422 -15.2176 2.7
    endloop
  endfacet
  facet normal 0 0 1
    outer loop
      vertex 6.89999 -4.10001 2.7
      vertex 8.04832 -4.95166 2.7
      vertex 8.00865 -4.84079 2.7
    endloop
  endfacet
  facet normal 0 0 1
    outer loop
      vertex 8.09422 -15.2176 2.7
      vertex 6.89999 -16.3 2.7
      vertex 8.07693 -15.3341 2.7
    endloop
  endfacet
  facet normal 0 0 1
    outer loop
      vertex 6.89999 -4.10001 2.7
      vertex 8.00865 -4.84079 2.7
      vertex 7.9583 -4.73433 2.7
    endloop
  endfacet
  facet normal 0 0 1
    outer loop
      vertex 8.07693 -15.3341 2.7
      vertex 6.89999 -16.3 2.7
      vertex 8.04832 -15.4483 2.7
    endloop
  endfacet
  facet normal 0 0 1
    outer loop
      vertex 6.89999 -4.10001 2.7
      vertex 7.9583 -4.73433 2.7
      vertex 7.89775 -4.63332 2.7
    endloop
  endfacet
  facet normal 0 0 1
    outer loop
      vertex 8.04832 -15.4483 2.7
      vertex 6.89999 -16.3 2.7
      vertex 8.00865 -15.5592 2.7
    endloop
  endfacet
  facet normal 0 0 1
    outer loop
      vertex 6.89999 -4.10001 2.7
      vertex 7.89775 -4.63332 2.7
      vertex 7.82761 -4.53873 2.7
    endloop
  endfacet
  facet normal 0 0 1
    outer loop
      vertex 8.00865 -15.5592 2.7
      vertex 6.89999 -16.3 2.7
      vertex 7.9583 -15.6657 2.7
    endloop
  endfacet
  facet normal 0 0 1
    outer loop
      vertex 6.89999 -4.10001 2.7
      vertex 7.82761 -4.53873 2.7
      vertex 7.74852 -4.45148 2.7
    endloop
  endfacet
  facet normal 0 0 1
    outer loop
      vertex 7.9583 -15.6657 2.7
      vertex 6.89999 -16.3 2.7
      vertex 7.89775 -15.7667 2.7
    endloop
  endfacet
  facet normal 0 0 1
    outer loop
      vertex 6.89999 -4.10001 2.7
      vertex 7.74852 -4.45148 2.7
      vertex 7.66127 -4.37239 2.7
    endloop
  endfacet
  facet normal 0 0 1
    outer loop
      vertex 7.89775 -15.7667 2.7
      vertex 6.89999 -16.3 2.7
      vertex 7.82761 -15.8613 2.7
    endloop
  endfacet
  facet normal 0 0 1
    outer loop
      vertex 6.89999 -4.10001 2.7
      vertex 7.66127 -4.37239 2.7
      vertex 7.56668 -4.30225 2.7
    endloop
  endfacet
  facet normal 0 0 1
    outer loop
      vertex 7.82761 -15.8613 2.7
      vertex 6.89999 -16.3 2.7
      vertex 7.74852 -15.9485 2.7
    endloop
  endfacet
  facet normal 0 0 1
    outer loop
      vertex 6.89999 -4.10001 2.7
      vertex 7.56668 -4.30225 2.7
      vertex 7.46567 -4.2417 2.7
    endloop
  endfacet
  facet normal 0 0 1
    outer loop
      vertex 7.74852 -15.9485 2.7
      vertex 6.89999 -16.3 2.7
      vertex 7.66127 -16.0276 2.7
    endloop
  endfacet
  facet normal 0 0 1
    outer loop
      vertex 6.89999 -4.10001 2.7
      vertex 7.46567 -4.2417 2.7
      vertex 7.35921 -4.19135 2.7
    endloop
  endfacet
  facet normal 0 0 1
    outer loop
      vertex 7.66127 -16.0276 2.7
      vertex 6.89999 -16.3 2.7
      vertex 7.56668 -16.0977 2.7
    endloop
  endfacet
  facet normal 0 0 1
    outer loop
      vertex 6.89999 -4.10001 2.7
      vertex 7.35921 -4.19135 2.7
      vertex 7.24834 -4.15167 2.7
    endloop
  endfacet
  facet normal 0 0 1
    outer loop
      vertex 7.56668 -16.0977 2.7
      vertex 6.89999 -16.3 2.7
      vertex 7.46567 -16.1583 2.7
    endloop
  endfacet
  facet normal 0 0 1
    outer loop
      vertex 6.89999 -4.10001 2.7
      vertex 7.24834 -4.15167 2.7
      vertex 7.13411 -4.12306 2.7
    endloop
  endfacet
  facet normal 0 0 1
    outer loop
      vertex 7.46567 -16.1583 2.7
      vertex 6.89999 -16.3 2.7
      vertex 7.35921 -16.2086 2.7
    endloop
  endfacet
  facet normal 0 0 1
    outer loop
      vertex 6.89999 -4.10001 2.7
      vertex 7.13411 -4.12306 2.7
      vertex 7.01761 -4.10577 2.7
    endloop
  endfacet
  facet normal 0 0 1
    outer loop
      vertex 7.35921 -16.2086 2.7
      vertex 6.89999 -16.3 2.7
      vertex 7.24834 -16.2483 2.7
    endloop
  endfacet
  facet normal 0 0 1
    outer loop
      vertex 7.24834 -16.2483 2.7
      vertex 6.89999 -16.3 2.7
      vertex 7.13411 -16.2769 2.7
    endloop
  endfacet
  facet normal 0 0 1
    outer loop
      vertex 7.13411 -16.2769 2.7
      vertex 6.89999 -16.3 2.7
      vertex 7.01761 -16.2942 2.7
    endloop
  endfacet
  facet normal -0 0 1
    outer loop
      vertex -6.89998 -4.10001 2.7
      vertex 6.89999 -16.3 2.7
      vertex 6.89999 -4.10001 2.7
    endloop
  endfacet
  facet normal 0 0 1
    outer loop
      vertex -6.89998 -4.10001 2.7
      vertex -6.89998 -16.3 2.7
      vertex 6.89999 -16.3 2.7
    endloop
  endfacet
  facet normal 0 0 1
    outer loop
      vertex -8.09998 -5.3 2.7
      vertex -6.89998 -4.10001 2.7
      vertex -7.01759 -4.10577 2.7
    endloop
  endfacet
  facet normal 0 0 1
    outer loop
      vertex -6.89998 -4.10001 2.7
      vertex -8.09998 -5.3 2.7
      vertex -6.89998 -16.3 2.7
    endloop
  endfacet
  facet normal 0 0 1
    outer loop
      vertex -8.09998 -5.3 2.7
      vertex -7.01759 -4.10577 2.7
      vertex -7.13409 -4.12306 2.7
    endloop
  endfacet
  facet normal -0 0 1
    outer loop
      vertex -8.09998 -15.1 2.7
      vertex -6.89998 -16.3 2.7
      vertex -8.09998 -5.3 2.7
    endloop
  endfacet
  facet normal 0 0 1
    outer loop
      vertex -8.09998 -5.3 2.7
      vertex -7.13409 -4.12306 2.7
      vertex -7.24832 -4.15167 2.7
    endloop
  endfacet
  facet normal 0 0 1
    outer loop
      vertex -6.89998 -16.3 2.7
      vertex -8.09998 -15.1 2.7
      vertex -7.01759 -16.2942 2.7
    endloop
  endfacet
  facet normal 0 0 1
    outer loop
      vertex -8.09998 -5.3 2.7
      vertex -7.24832 -4.15167 2.7
      vertex -7.35919 -4.19135 2.7
    endloop
  endfacet
  facet normal 0 0 1
    outer loop
      vertex -7.01759 -16.2942 2.7
      vertex -8.09998 -15.1 2.7
      vertex -7.13409 -16.2769 2.7
    endloop
  endfacet
  facet normal 0 0 1
    outer loop
      vertex -8.09998 -5.3 2.7
      vertex -7.35919 -4.19135 2.7
      vertex -7.46565 -4.2417 2.7
    endloop
  endfacet
  facet normal 0 0 1
    outer loop
      vertex -7.13409 -16.2769 2.7
      vertex -8.09998 -15.1 2.7
      vertex -7.24832 -16.2483 2.7
    endloop
  endfacet
  facet normal 0 0 1
    outer loop
      vertex -8.09998 -5.3 2.7
      vertex -7.46565 -4.2417 2.7
      vertex -7.56667 -4.30225 2.7
    endloop
  endfacet
  facet normal 0 0 1
    outer loop
      vertex -7.24832 -16.2483 2.7
      vertex -8.09998 -15.1 2.7
      vertex -7.35919 -16.2086 2.7
    endloop
  endfacet
  facet normal 0 0 1
    outer loop
      vertex -8.09998 -5.3 2.7
      vertex -7.56667 -4.30225 2.7
      vertex -7.66125 -4.37239 2.7
    endloop
  endfacet
  facet normal 0 0 1
    outer loop
      vertex -7.35919 -16.2086 2.7
      vertex -8.09998 -15.1 2.7
      vertex -7.46565 -16.1583 2.7
    endloop
  endfacet
  facet normal 0 0 1
    outer loop
      vertex -8.09998 -5.3 2.7
      vertex -7.66125 -4.37239 2.7
      vertex -7.7485 -4.45148 2.7
    endloop
  endfacet
  facet normal 0 0 1
    outer loop
      vertex -7.46565 -16.1583 2.7
      vertex -8.09998 -15.1 2.7
      vertex -7.56667 -16.0977 2.7
    endloop
  endfacet
  facet normal 0 0 1
    outer loop
      vertex -8.09998 -5.3 2.7
      vertex -7.7485 -4.45148 2.7
      vertex -7.82759 -4.53873 2.7
    endloop
  endfacet
  facet normal 0 0 1
    outer loop
      vertex -7.56667 -16.0977 2.7
      vertex -8.09998 -15.1 2.7
      vertex -7.66125 -16.0276 2.7
    endloop
  endfacet
  facet normal 0 0 1
    outer loop
      vertex -8.09998 -5.3 2.7
      vertex -7.82759 -4.53873 2.7
      vertex -7.89774 -4.63332 2.7
    endloop
  endfacet
  facet normal 0 0 1
    outer loop
      vertex -7.66125 -16.0276 2.7
      vertex -8.09998 -15.1 2.7
      vertex -7.7485 -15.9485 2.7
    endloop
  endfacet
  facet normal 0 0 1
    outer loop
      vertex -8.09998 -5.3 2.7
      vertex -7.89774 -4.63332 2.7
      vertex -7.95828 -4.73433 2.7
    endloop
  endfacet
  facet normal 0 0 1
    outer loop
      vertex -7.7485 -15.9485 2.7
      vertex -8.09998 -15.1 2.7
      vertex -7.82759 -15.8613 2.7
    endloop
  endfacet
  facet normal 0 0 1
    outer loop
      vertex -8.09998 -5.3 2.7
      vertex -7.95828 -4.73433 2.7
      vertex -8.00864 -4.84079 2.7
    endloop
  endfacet
  facet normal 0 0 1
    outer loop
      vertex -7.82759 -15.8613 2.7
      vertex -8.09998 -15.1 2.7
      vertex -7.89774 -15.7667 2.7
    endloop
  endfacet
  facet normal 0 0 1
    outer loop
      vertex -8.09998 -5.3 2.7
      vertex -8.00864 -4.84079 2.7
      vertex -8.04831 -4.95166 2.7
    endloop
  endfacet
  facet normal 0 0 1
    outer loop
      vertex -7.89774 -15.7667 2.7
      vertex -8.09998 -15.1 2.7
      vertex -7.95828 -15.6657 2.7
    endloop
  endfacet
  facet normal 0 0 1
    outer loop
      vertex -8.09998 -5.3 2.7
      vertex -8.04831 -4.95166 2.7
      vertex -8.07692 -5.06589 2.7
    endloop
  endfacet
  facet normal 0 0 1
    outer loop
      vertex -7.95828 -15.6657 2.7
      vertex -8.09998 -15.1 2.7
      vertex -8.00864 -15.5592 2.7
    endloop
  endfacet
  facet normal 0 0 1
    outer loop
      vertex -8.09998 -5.3 2.7
      vertex -8.07692 -5.06589 2.7
      vertex -8.09421 -5.18239 2.7
    endloop
  endfacet
  facet normal 0 0 1
    outer loop
      vertex -8.00864 -15.5592 2.7
      vertex -8.09998 -15.1 2.7
      vertex -8.04831 -15.4483 2.7
    endloop
  endfacet
  facet normal 0 0 1
    outer loop
      vertex -8.04831 -15.4483 2.7
      vertex -8.09998 -15.1 2.7
      vertex -8.07692 -15.3341 2.7
    endloop
  endfacet
  facet normal 0 0 1
    outer loop
      vertex -8.07692 -15.3341 2.7
      vertex -8.09998 -15.1 2.7
      vertex -8.09421 -15.2176 2.7
    endloop
  endfacet
  facet normal 0 0 1
    outer loop
      vertex -10.9 -4.10001 2.7
      vertex -9.7 -5.3 2.7
      vertex -9.70576 -5.18239 2.7
    endloop
  endfacet
  facet normal 0 0 1
    outer loop
      vertex -9.7 -5.3 2.7
      vertex -10.9 -4.10001 2.7
      vertex -9.7 -15.1 2.7
    endloop
  endfacet
  facet normal 0 0 1
    outer loop
      vertex -10.9 -4.10001 2.7
      vertex -9.70576 -5.18239 2.7
      vertex -9.72305 -5.06589 2.7
    endloop
  endfacet
  facet normal 0 0 1
    outer loop
      vertex -10.9 -16.3 2.7
      vertex -9.7 -15.1 2.7
      vertex -10.9 -4.10001 2.7
    endloop
  endfacet
  facet normal 0 0 1
    outer loop
      vertex -10.9 -4.10001 2.7
      vertex -9.72305 -5.06589 2.7
      vertex -9.75166 -4.95166 2.7
    endloop
  endfacet
  facet normal 0 0 1
    outer loop
      vertex -9.7 -15.1 2.7
      vertex -10.9 -16.3 2.7
      vertex -9.70576 -15.2176 2.7
    endloop
  endfacet
  facet normal 0 0 1
    outer loop
      vertex -10.9 -4.10001 2.7
      vertex -9.75166 -4.95166 2.7
      vertex -9.79134 -4.84079 2.7
    endloop
  endfacet
  facet normal 0 0 1
    outer loop
      vertex -9.70576 -15.2176 2.7
      vertex -10.9 -16.3 2.7
      vertex -9.72305 -15.3341 2.7
    endloop
  endfacet
  facet normal 0 0 1
    outer loop
      vertex -10.9 -4.10001 2.7
      vertex -9.79134 -4.84079 2.7
      vertex -9.84169 -4.73433 2.7
    endloop
  endfacet
  facet normal 0 0 1
    outer loop
      vertex -9.72305 -15.3341 2.7
      vertex -10.9 -16.3 2.7
      vertex -9.75166 -15.4483 2.7
    endloop
  endfacet
  facet normal 0 0 1
    outer loop
      vertex -10.9 -4.10001 2.7
      vertex -9.84169 -4.73433 2.7
      vertex -9.90224 -4.63332 2.7
    endloop
  endfacet
  facet normal 0 0 1
    outer loop
      vertex -9.75166 -15.4483 2.7
      vertex -10.9 -16.3 2.7
      vertex -9.79134 -15.5592 2.7
    endloop
  endfacet
  facet normal 0 0 1
    outer loop
      vertex -10.9 -4.10001 2.7
      vertex -9.90224 -4.63332 2.7
      vertex -9.97238 -4.53873 2.7
    endloop
  endfacet
  facet normal 0 0 1
    outer loop
      vertex -9.79134 -15.5592 2.7
      vertex -10.9 -16.3 2.7
      vertex -9.84169 -15.6657 2.7
    endloop
  endfacet
  facet normal 0 0 1
    outer loop
      vertex -10.9 -4.10001 2.7
      vertex -9.97238 -4.53873 2.7
      vertex -10.0515 -4.45148 2.7
    endloop
  endfacet
  facet normal 0 0 1
    outer loop
      vertex -9.84169 -15.6657 2.7
      vertex -10.9 -16.3 2.7
      vertex -9.90224 -15.7667 2.7
    endloop
  endfacet
  facet normal 0 0 1
    outer loop
      vertex -10.9 -4.10001 2.7
      vertex -10.0515 -4.45148 2.7
      vertex -10.1387 -4.37239 2.7
    endloop
  endfacet
  facet normal 0 0 1
    outer loop
      vertex -9.90224 -15.7667 2.7
      vertex -10.9 -16.3 2.7
      vertex -9.97238 -15.8613 2.7
    endloop
  endfacet
  facet normal 0 0 1
    outer loop
      vertex -10.9 -4.10001 2.7
      vertex -10.1387 -4.37239 2.7
      vertex -10.2333 -4.30225 2.7
    endloop
  endfacet
  facet normal 0 0 1
    outer loop
      vertex -9.97238 -15.8613 2.7
      vertex -10.9 -16.3 2.7
      vertex -10.0515 -15.9485 2.7
    endloop
  endfacet
  facet normal 0 0 1
    outer loop
      vertex -10.9 -4.10001 2.7
      vertex -10.2333 -4.30225 2.7
      vertex -10.3343 -4.2417 2.7
    endloop
  endfacet
  facet normal 0 0 1
    outer loop
      vertex -10.0515 -15.9485 2.7
      vertex -10.9 -16.3 2.7
      vertex -10.1387 -16.0276 2.7
    endloop
  endfacet
  facet normal 0 0 1
    outer loop
      vertex -10.9 -4.10001 2.7
      vertex -10.3343 -4.2417 2.7
      vertex -10.4408 -4.19135 2.7
    endloop
  endfacet
  facet normal 0 0 1
    outer loop
      vertex -10.1387 -16.0276 2.7
      vertex -10.9 -16.3 2.7
      vertex -10.2333 -16.0977 2.7
    endloop
  endfacet
  facet normal 0 0 1
    outer loop
      vertex -10.9 -4.10001 2.7
      vertex -10.4408 -4.19135 2.7
      vertex -10.5517 -4.15167 2.7
    endloop
  endfacet
  facet normal 0 0 1
    outer loop
      vertex -10.2333 -16.0977 2.7
      vertex -10.9 -16.3 2.7
      vertex -10.3343 -16.1583 2.7
    endloop
  endfacet
  facet normal 0 0 1
    outer loop
      vertex -10.9 -4.10001 2.7
      vertex -10.5517 -4.15167 2.7
      vertex -10.6659 -4.12306 2.7
    endloop
  endfacet
  facet normal 0 0 1
    outer loop
      vertex -10.3343 -16.1583 2.7
      vertex -10.9 -16.3 2.7
      vertex -10.4408 -16.2086 2.7
    endloop
  endfacet
  facet normal 0 0 1
    outer loop
      vertex -10.9 -4.10001 2.7
      vertex -10.6659 -4.12306 2.7
      vertex -10.7824 -4.10577 2.7
    endloop
  endfacet
  facet normal 0 0 1
    outer loop
      vertex -10.4408 -16.2086 2.7
      vertex -10.9 -16.3 2.7
      vertex -10.5517 -16.2483 2.7
    endloop
  endfacet
  facet normal 0 0 1
    outer loop
      vertex -10.5517 -16.2483 2.7
      vertex -10.9 -16.3 2.7
      vertex -10.6659 -16.2769 2.7
    endloop
  endfacet
  facet normal 0 0 1
    outer loop
      vertex -10.6659 -16.2769 2.7
      vertex -10.9 -16.3 2.7
      vertex -10.7824 -16.2942 2.7
    endloop
  endfacet
  facet normal -0 0 1
    outer loop
      vertex -24.7 -4.10001 2.7
      vertex -10.9 -16.3 2.7
      vertex -10.9 -4.10001 2.7
    endloop
  endfacet
  facet normal 0 0 1
    outer loop
      vertex -24.7 -4.10001 2.7
      vertex -24.7 -16.3 2.7
      vertex -10.9 -16.3 2.7
    endloop
  endfacet
  facet normal 0 0 1
    outer loop
      vertex -25.9 -5.3 2.7
      vertex -24.7 -4.10001 2.7
      vertex -24.8176 -4.10577 2.7
    endloop
  endfacet
  facet normal 0 0 1
    outer loop
      vertex -24.7 -4.10001 2.7
      vertex -25.9 -5.3 2.7
      vertex -24.7 -16.3 2.7
    endloop
  endfacet
  facet normal 0 0 1
    outer loop
      vertex -25.9 -5.3 2.7
      vertex -24.8176 -4.10577 2.7
      vertex -24.9341 -4.12306 2.7
    endloop
  endfacet
  facet normal -0 0 1
    outer loop
      vertex -25.9 -15.1 2.7
      vertex -24.7 -16.3 2.7
      vertex -25.9 -5.3 2.7
    endloop
  endfacet
  facet normal 0 0 1
    outer loop
      vertex -25.9 -5.3 2.7
      vertex -24.9341 -4.12306 2.7
      vertex -25.0483 -4.15167 2.7
    endloop
  endfacet
  facet normal 0 0 1
    outer loop
      vertex -24.7 -16.3 2.7
      vertex -25.9 -15.1 2.7
      vertex -24.8176 -16.2942 2.7
    endloop
  endfacet
  facet normal 0 0 1
    outer loop
      vertex -25.9 -5.3 2.7
      vertex -25.0483 -4.15167 2.7
      vertex -25.1592 -4.19135 2.7
    endloop
  endfacet
  facet normal 0 0 1
    outer loop
      vertex -24.8176 -16.2942 2.7
      vertex -25.9 -15.1 2.7
      vertex -24.9341 -16.2769 2.7
    endloop
  endfacet
  facet normal 0 0 1
    outer loop
      vertex -25.9 -5.3 2.7
      vertex -25.1592 -4.19135 2.7
      vertex -25.2657 -4.2417 2.7
    endloop
  endfacet
  facet normal 0 0 1
    outer loop
      vertex -24.9341 -16.2769 2.7
      vertex -25.9 -15.1 2.7
      vertex -25.0483 -16.2483 2.7
    endloop
  endfacet
  facet normal 0 0 1
    outer loop
      vertex -25.9 -5.3 2.7
      vertex -25.2657 -4.2417 2.7
      vertex -25.3667 -4.30225 2.7
    endloop
  endfacet
  facet normal 0 0 1
    outer loop
      vertex -25.0483 -16.2483 2.7
      vertex -25.9 -15.1 2.7
      vertex -25.1592 -16.2086 2.7
    endloop
  endfacet
  facet normal 0 0 1
    outer loop
      vertex -25.9 -5.3 2.7
      vertex -25.3667 -4.30225 2.7
      vertex -25.4613 -4.37239 2.7
    endloop
  endfacet
  facet normal 0 0 1
    outer loop
      vertex -25.1592 -16.2086 2.7
      vertex -25.9 -15.1 2.7
      vertex -25.2657 -16.1583 2.7
    endloop
  endfacet
  facet normal 0 0 1
    outer loop
      vertex -25.9 -5.3 2.7
      vertex -25.4613 -4.37239 2.7
      vertex -25.5485 -4.45148 2.7
    endloop
  endfacet
  facet normal 0 0 1
    outer loop
      vertex -25.2657 -16.1583 2.7
      vertex -25.9 -15.1 2.7
      vertex -25.3667 -16.0977 2.7
    endloop
  endfacet
  facet normal 0 0 1
    outer loop
      vertex -25.9 -5.3 2.7
      vertex -25.5485 -4.45148 2.7
      vertex -25.6276 -4.53873 2.7
    endloop
  endfacet
  facet normal 0 0 1
    outer loop
      vertex -25.3667 -16.0977 2.7
      vertex -25.9 -15.1 2.7
      vertex -25.4613 -16.0276 2.7
    endloop
  endfacet
  facet normal 0 0 1
    outer loop
      vertex -25.9 -5.3 2.7
      vertex -25.6276 -4.53873 2.7
      vertex -25.6977 -4.63332 2.7
    endloop
  endfacet
  facet normal 0 0 1
    outer loop
      vertex -25.4613 -16.0276 2.7
      vertex -25.9 -15.1 2.7
      vertex -25.5485 -15.9485 2.7
    endloop
  endfacet
  facet normal 0 0 1
    outer loop
      vertex -25.9 -5.3 2.7
      vertex -25.6977 -4.63332 2.7
      vertex -25.7583 -4.73433 2.7
    endloop
  endfacet
  facet normal 0 0 1
    outer loop
      vertex -25.5485 -15.9485 2.7
      vertex -25.9 -15.1 2.7
      vertex -25.6276 -15.8613 2.7
    endloop
  endfacet
  facet normal 0 0 1
    outer loop
      vertex -25.9 -5.3 2.7
      vertex -25.7583 -4.73433 2.7
      vertex -25.8086 -4.84079 2.7
    endloop
  endfacet
  facet normal 0 0 1
    outer loop
      vertex -25.6276 -15.8613 2.7
      vertex -25.9 -15.1 2.7
      vertex -25.6977 -15.7667 2.7
    endloop
  endfacet
  facet normal 0 0 1
    outer loop
      vertex -25.9 -5.3 2.7
      vertex -25.8086 -4.84079 2.7
      vertex -25.8483 -4.95166 2.7
    endloop
  endfacet
  facet normal 0 0 1
    outer loop
      vertex -25.6977 -15.7667 2.7
      vertex -25.9 -15.1 2.7
      vertex -25.7583 -15.6657 2.7
    endloop
  endfacet
  facet normal 0 0 1
    outer loop
      vertex -25.9 -5.3 2.7
      vertex -25.8483 -4.95166 2.7
      vertex -25.8769 -5.06589 2.7
    endloop
  endfacet
  facet normal 0 0 1
    outer loop
      vertex -25.7583 -15.6657 2.7
      vertex -25.9 -15.1 2.7
      vertex -25.8086 -15.5592 2.7
    endloop
  endfacet
  facet normal 0 0 1
    outer loop
      vertex -25.9 -5.3 2.7
      vertex -25.8769 -5.06589 2.7
      vertex -25.8942 -5.18239 2.7
    endloop
  endfacet
  facet normal 0 0 1
    outer loop
      vertex -25.8086 -15.5592 2.7
      vertex -25.9 -15.1 2.7
      vertex -25.8483 -15.4483 2.7
    endloop
  endfacet
  facet normal 0 0 1
    outer loop
      vertex -25.8483 -15.4483 2.7
      vertex -25.9 -15.1 2.7
      vertex -25.8769 -15.3341 2.7
    endloop
  endfacet
  facet normal 0 0 1
    outer loop
      vertex -25.8769 -15.3341 2.7
      vertex -25.9 -15.1 2.7
      vertex -25.8942 -15.2176 2.7
    endloop
  endfacet
  facet normal 0 0 1
    outer loop
      vertex 24.7 -4.10001 2.7
      vertex 25.9 -5.3 2.7
      vertex 25.8942 -5.18239 2.7
    endloop
  endfacet
  facet normal 0 0 1
    outer loop
      vertex 25.9 -5.3 2.7
      vertex 24.7 -4.10001 2.7
      vertex 25.9 -15.1 2.7
    endloop
  endfacet
  facet normal 0 0 1
    outer loop
      vertex 24.7 -4.10001 2.7
      vertex 25.8942 -5.18239 2.7
      vertex 25.8769 -5.06589 2.7
    endloop
  endfacet
  facet normal 0 0 1
    outer loop
      vertex 24.7 -16.3 2.7
      vertex 25.9 -15.1 2.7
      vertex 24.7 -4.10001 2.7
    endloop
  endfacet
  facet normal 0 0 1
    outer loop
      vertex 24.7 -4.10001 2.7
      vertex 25.8769 -5.06589 2.7
      vertex 25.8483 -4.95166 2.7
    endloop
  endfacet
  facet normal 0 0 1
    outer loop
      vertex 25.9 -15.1 2.7
      vertex 24.7 -16.3 2.7
      vertex 25.8942 -15.2176 2.7
    endloop
  endfacet
  facet normal 0 0 1
    outer loop
      vertex 24.7 -4.10001 2.7
      vertex 25.8483 -4.95166 2.7
      vertex 25.8086 -4.84079 2.7
    endloop
  endfacet
  facet normal 0 0 1
    outer loop
      vertex 25.8942 -15.2176 2.7
      vertex 24.7 -16.3 2.7
      vertex 25.8769 -15.3341 2.7
    endloop
  endfacet
  facet normal 0 0 1
    outer loop
      vertex 24.7 -4.10001 2.7
      vertex 25.8086 -4.84079 2.7
      vertex 25.7583 -4.73433 2.7
    endloop
  endfacet
  facet normal 0 0 1
    outer loop
      vertex 25.8769 -15.3341 2.7
      vertex 24.7 -16.3 2.7
      vertex 25.8483 -15.4483 2.7
    endloop
  endfacet
  facet normal 0 0 1
    outer loop
      vertex 24.7 -4.10001 2.7
      vertex 25.7583 -4.73433 2.7
      vertex 25.6977 -4.63332 2.7
    endloop
  endfacet
  facet normal 0 0 1
    outer loop
      vertex 25.8483 -15.4483 2.7
      vertex 24.7 -16.3 2.7
      vertex 25.8086 -15.5592 2.7
    endloop
  endfacet
  facet normal 0 0 1
    outer loop
      vertex 24.7 -4.10001 2.7
      vertex 25.6977 -4.63332 2.7
      vertex 25.6276 -4.53873 2.7
    endloop
  endfacet
  facet normal 0 0 1
    outer loop
      vertex 25.8086 -15.5592 2.7
      vertex 24.7 -16.3 2.7
      vertex 25.7583 -15.6657 2.7
    endloop
  endfacet
  facet normal 0 0 1
    outer loop
      vertex 24.7 -4.10001 2.7
      vertex 25.6276 -4.53873 2.7
      vertex 25.5485 -4.45148 2.7
    endloop
  endfacet
  facet normal 0 0 1
    outer loop
      vertex 25.7583 -15.6657 2.7
      vertex 24.7 -16.3 2.7
      vertex 25.6977 -15.7667 2.7
    endloop
  endfacet
  facet normal 0 0 1
    outer loop
      vertex 24.7 -4.10001 2.7
      vertex 25.5485 -4.45148 2.7
      vertex 25.4613 -4.37239 2.7
    endloop
  endfacet
  facet normal 0 0 1
    outer loop
      vertex 25.6977 -15.7667 2.7
      vertex 24.7 -16.3 2.7
      vertex 25.6276 -15.8613 2.7
    endloop
  endfacet
  facet normal 0 0 1
    outer loop
      vertex 24.7 -4.10001 2.7
      vertex 25.4613 -4.37239 2.7
      vertex 25.3667 -4.30225 2.7
    endloop
  endfacet
  facet normal 0 0 1
    outer loop
      vertex 25.6276 -15.8613 2.7
      vertex 24.7 -16.3 2.7
      vertex 25.5485 -15.9485 2.7
    endloop
  endfacet
  facet normal 0 0 1
    outer loop
      vertex 24.7 -4.10001 2.7
      vertex 25.3667 -4.30225 2.7
      vertex 25.2657 -4.2417 2.7
    endloop
  endfacet
  facet normal 0 0 1
    outer loop
      vertex 25.5485 -15.9485 2.7
      vertex 24.7 -16.3 2.7
      vertex 25.4613 -16.0276 2.7
    endloop
  endfacet
  facet normal 0 0 1
    outer loop
      vertex 24.7 -4.10001 2.7
      vertex 25.2657 -4.2417 2.7
      vertex 25.1592 -4.19135 2.7
    endloop
  endfacet
  facet normal 0 0 1
    outer loop
      vertex 25.4613 -16.0276 2.7
      vertex 24.7 -16.3 2.7
      vertex 25.3667 -16.0977 2.7
    endloop
  endfacet
  facet normal 0 0 1
    outer loop
      vertex 24.7 -4.10001 2.7
      vertex 25.1592 -4.19135 2.7
      vertex 25.0483 -4.15167 2.7
    endloop
  endfacet
  facet normal 0 0 1
    outer loop
      vertex 25.3667 -16.0977 2.7
      vertex 24.7 -16.3 2.7
      vertex 25.2657 -16.1583 2.7
    endloop
  endfacet
  facet normal 0 0 1
    outer loop
      vertex 24.7 -4.10001 2.7
      vertex 25.0483 -4.15167 2.7
      vertex 24.9341 -4.12306 2.7
    endloop
  endfacet
  facet normal 0 0 1
    outer loop
      vertex 25.2657 -16.1583 2.7
      vertex 24.7 -16.3 2.7
      vertex 25.1592 -16.2086 2.7
    endloop
  endfacet
  facet normal 0 0 1
    outer loop
      vertex 24.7 -4.10001 2.7
      vertex 24.9341 -4.12306 2.7
      vertex 24.8176 -4.10577 2.7
    endloop
  endfacet
  facet normal 0 0 1
    outer loop
      vertex 25.1592 -16.2086 2.7
      vertex 24.7 -16.3 2.7
      vertex 25.0483 -16.2483 2.7
    endloop
  endfacet
  facet normal 0 0 1
    outer loop
      vertex 25.0483 -16.2483 2.7
      vertex 24.7 -16.3 2.7
      vertex 24.9341 -16.2769 2.7
    endloop
  endfacet
  facet normal 0 0 1
    outer loop
      vertex 24.9341 -16.2769 2.7
      vertex 24.7 -16.3 2.7
      vertex 24.8176 -16.2942 2.7
    endloop
  endfacet
  facet normal -0 0 1
    outer loop
      vertex 10.9 -4.10001 2.7
      vertex 24.7 -16.3 2.7
      vertex 24.7 -4.10001 2.7
    endloop
  endfacet
  facet normal 0 0 1
    outer loop
      vertex 10.9 -4.10001 2.7
      vertex 10.9 -16.3 2.7
      vertex 24.7 -16.3 2.7
    endloop
  endfacet
  facet normal 0 0 1
    outer loop
      vertex 9.7 -5.3 2.7
      vertex 10.9 -4.10001 2.7
      vertex 10.7824 -4.10577 2.7
    endloop
  endfacet
  facet normal 0 0 1
    outer loop
      vertex 10.9 -4.10001 2.7
      vertex 9.7 -5.3 2.7
      vertex 10.9 -16.3 2.7
    endloop
  endfacet
  facet normal 0 0 1
    outer loop
      vertex 9.7 -5.3 2.7
      vertex 10.7824 -4.10577 2.7
      vertex 10.6659 -4.12306 2.7
    endloop
  endfacet
  facet normal -0 0 1
    outer loop
      vertex 9.7 -15.1 2.7
      vertex 10.9 -16.3 2.7
      vertex 9.7 -5.3 2.7
    endloop
  endfacet
  facet normal 0 0 1
    outer loop
      vertex 9.7 -5.3 2.7
      vertex 10.6659 -4.12306 2.7
      vertex 10.5517 -4.15167 2.7
    endloop
  endfacet
  facet normal 0 0 1
    outer loop
      vertex 10.9 -16.3 2.7
      vertex 9.7 -15.1 2.7
      vertex 10.7824 -16.2942 2.7
    endloop
  endfacet
  facet normal 0 0 1
    outer loop
      vertex 9.7 -5.3 2.7
      vertex 10.5517 -4.15167 2.7
      vertex 10.4408 -4.19135 2.7
    endloop
  endfacet
  facet normal 0 0 1
    outer loop
      vertex 10.7824 -16.2942 2.7
      vertex 9.7 -15.1 2.7
      vertex 10.6659 -16.2769 2.7
    endloop
  endfacet
  facet normal 0 0 1
    outer loop
      vertex 9.7 -5.3 2.7
      vertex 10.4408 -4.19135 2.7
      vertex 10.3343 -4.2417 2.7
    endloop
  endfacet
  facet normal 0 0 1
    outer loop
      vertex 10.6659 -16.2769 2.7
      vertex 9.7 -15.1 2.7
      vertex 10.5517 -16.2483 2.7
    endloop
  endfacet
  facet normal 0 0 1
    outer loop
      vertex 9.7 -5.3 2.7
      vertex 10.3343 -4.2417 2.7
      vertex 10.2333 -4.30225 2.7
    endloop
  endfacet
  facet normal 0 0 1
    outer loop
      vertex 10.5517 -16.2483 2.7
      vertex 9.7 -15.1 2.7
      vertex 10.4408 -16.2086 2.7
    endloop
  endfacet
  facet normal 0 0 1
    outer loop
      vertex 9.7 -5.3 2.7
      vertex 10.2333 -4.30225 2.7
      vertex 10.1387 -4.37239 2.7
    endloop
  endfacet
  facet normal 0 0 1
    outer loop
      vertex 10.4408 -16.2086 2.7
      vertex 9.7 -15.1 2.7
      vertex 10.3343 -16.1583 2.7
    endloop
  endfacet
  facet normal 0 0 1
    outer loop
      vertex 9.7 -5.3 2.7
      vertex 10.1387 -4.37239 2.7
      vertex 10.0515 -4.45148 2.7
    endloop
  endfacet
  facet normal 0 0 1
    outer loop
      vertex 10.3343 -16.1583 2.7
      vertex 9.7 -15.1 2.7
      vertex 10.2333 -16.0977 2.7
    endloop
  endfacet
  facet normal 0 0 1
    outer loop
      vertex 9.7 -5.3 2.7
      vertex 10.0515 -4.45148 2.7
      vertex 9.97238 -4.53873 2.7
    endloop
  endfacet
  facet normal 0 0 1
    outer loop
      vertex 10.2333 -16.0977 2.7
      vertex 9.7 -15.1 2.7
      vertex 10.1387 -16.0276 2.7
    endloop
  endfacet
  facet normal 0 0 1
    outer loop
      vertex 9.7 -5.3 2.7
      vertex 9.97238 -4.53873 2.7
      vertex 9.90224 -4.63332 2.7
    endloop
  endfacet
  facet normal 0 0 1
    outer loop
      vertex 10.1387 -16.0276 2.7
      vertex 9.7 -15.1 2.7
      vertex 10.0515 -15.9485 2.7
    endloop
  endfacet
  facet normal 0 0 1
    outer loop
      vertex 9.7 -5.3 2.7
      vertex 9.90224 -4.63332 2.7
      vertex 9.84169 -4.73433 2.7
    endloop
  endfacet
  facet normal 0 0 1
    outer loop
      vertex 10.0515 -15.9485 2.7
      vertex 9.7 -15.1 2.7
      vertex 9.97238 -15.8613 2.7
    endloop
  endfacet
  facet normal 0 0 1
    outer loop
      vertex 9.7 -5.3 2.7
      vertex 9.84169 -4.73433 2.7
      vertex 9.79134 -4.84079 2.7
    endloop
  endfacet
  facet normal 0 0 1
    outer loop
      vertex 9.97238 -15.8613 2.7
      vertex 9.7 -15.1 2.7
      vertex 9.90224 -15.7667 2.7
    endloop
  endfacet
  facet normal 0 0 1
    outer loop
      vertex 9.7 -5.3 2.7
      vertex 9.79134 -4.84079 2.7
      vertex 9.75166 -4.95166 2.7
    endloop
  endfacet
  facet normal 0 0 1
    outer loop
      vertex 9.90224 -15.7667 2.7
      vertex 9.7 -15.1 2.7
      vertex 9.84169 -15.6657 2.7
    endloop
  endfacet
  facet normal 0 0 1
    outer loop
      vertex 9.7 -5.3 2.7
      vertex 9.75166 -4.95166 2.7
      vertex 9.72305 -5.06589 2.7
    endloop
  endfacet
  facet normal 0 0 1
    outer loop
      vertex 9.84169 -15.6657 2.7
      vertex 9.7 -15.1 2.7
      vertex 9.79134 -15.5592 2.7
    endloop
  endfacet
  facet normal 0 0 1
    outer loop
      vertex 9.7 -5.3 2.7
      vertex 9.72305 -5.06589 2.7
      vertex 9.70576 -5.18239 2.7
    endloop
  endfacet
  facet normal 0 0 1
    outer loop
      vertex 9.79134 -15.5592 2.7
      vertex 9.7 -15.1 2.7
      vertex 9.75166 -15.4483 2.7
    endloop
  endfacet
  facet normal 0 0 1
    outer loop
      vertex 9.75166 -15.4483 2.7
      vertex 9.7 -15.1 2.7
      vertex 9.72305 -15.3341 2.7
    endloop
  endfacet
  facet normal 0 0 1
    outer loop
      vertex 9.72305 -15.3341 2.7
      vertex 9.7 -15.1 2.7
      vertex 9.70576 -15.2176 2.7
    endloop
  endfacet
  facet normal 0 0 1
    outer loop
      vertex 6.89999 -17.9 2.7
      vertex 8.09999 -19.1 2.7
      vertex 8.09422 -18.9824 2.7
    endloop
  endfacet
  facet normal 0 0 1
    outer loop
      vertex 8.09999 -19.1 2.7
      vertex 6.89999 -17.9 2.7
      vertex 8.09999 -28.9 2.7
    endloop
  endfacet
  facet normal 0 0 1
    outer loop
      vertex 6.89999 -17.9 2.7
      vertex 8.09422 -18.9824 2.7
      vertex 8.07693 -18.8659 2.7
    endloop
  endfacet
  facet normal 0 0 1
    outer loop
      vertex 6.89999 -30.1 2.7
      vertex 8.09999 -28.9 2.7
      vertex 6.89999 -17.9 2.7
    endloop
  endfacet
  facet normal 0 0 1
    outer loop
      vertex 6.89999 -17.9 2.7
      vertex 8.07693 -18.8659 2.7
      vertex 8.04832 -18.7516 2.7
    endloop
  endfacet
  facet normal 0 0 1
    outer loop
      vertex 8.09999 -28.9 2.7
      vertex 6.89999 -30.1 2.7
      vertex 8.09422 -29.0176 2.7
    endloop
  endfacet
  facet normal 0 0 1
    outer loop
      vertex 6.89999 -17.9 2.7
      vertex 8.04832 -18.7516 2.7
      vertex 8.00865 -18.6408 2.7
    endloop
  endfacet
  facet normal 0 0 1
    outer loop
      vertex 8.09422 -29.0176 2.7
      vertex 6.89999 -30.1 2.7
      vertex 8.07693 -29.1341 2.7
    endloop
  endfacet
  facet normal 0 0 1
    outer loop
      vertex 6.89999 -17.9 2.7
      vertex 8.00865 -18.6408 2.7
      vertex 7.9583 -18.5343 2.7
    endloop
  endfacet
  facet normal 0 0 1
    outer loop
      vertex 8.07693 -29.1341 2.7
      vertex 6.89999 -30.1 2.7
      vertex 8.04832 -29.2483 2.7
    endloop
  endfacet
  facet normal 0 0 1
    outer loop
      vertex 6.89999 -17.9 2.7
      vertex 7.9583 -18.5343 2.7
      vertex 7.89775 -18.4333 2.7
    endloop
  endfacet
  facet normal 0 0 1
    outer loop
      vertex 8.04832 -29.2483 2.7
      vertex 6.89999 -30.1 2.7
      vertex 8.00865 -29.3592 2.7
    endloop
  endfacet
  facet normal 0 0 1
    outer loop
      vertex 6.89999 -17.9 2.7
      vertex 7.89775 -18.4333 2.7
      vertex 7.82761 -18.3387 2.7
    endloop
  endfacet
  facet normal 0 0 1
    outer loop
      vertex 8.00865 -29.3592 2.7
      vertex 6.89999 -30.1 2.7
      vertex 7.9583 -29.4657 2.7
    endloop
  endfacet
  facet normal 0 0 1
    outer loop
      vertex 6.89999 -17.9 2.7
      vertex 7.82761 -18.3387 2.7
      vertex 7.74852 -18.2515 2.7
    endloop
  endfacet
  facet normal 0 0 1
    outer loop
      vertex 7.9583 -29.4657 2.7
      vertex 6.89999 -30.1 2.7
      vertex 7.89775 -29.5667 2.7
    endloop
  endfacet
  facet normal 0 0 1
    outer loop
      vertex 6.89999 -17.9 2.7
      vertex 7.74852 -18.2515 2.7
      vertex 7.66127 -18.1724 2.7
    endloop
  endfacet
  facet normal 0 0 1
    outer loop
      vertex 7.89775 -29.5667 2.7
      vertex 6.89999 -30.1 2.7
      vertex 7.82761 -29.6613 2.7
    endloop
  endfacet
  facet normal 0 0 1
    outer loop
      vertex 6.89999 -17.9 2.7
      vertex 7.66127 -18.1724 2.7
      vertex 7.56668 -18.1022 2.7
    endloop
  endfacet
  facet normal 0 0 1
    outer loop
      vertex 7.82761 -29.6613 2.7
      vertex 6.89999 -30.1 2.7
      vertex 7.74852 -29.7485 2.7
    endloop
  endfacet
  facet normal 0 0 1
    outer loop
      vertex 6.89999 -17.9 2.7
      vertex 7.56668 -18.1022 2.7
      vertex 7.46567 -18.0417 2.7
    endloop
  endfacet
  facet normal 0 0 1
    outer loop
      vertex 7.74852 -29.7485 2.7
      vertex 6.89999 -30.1 2.7
      vertex 7.66127 -29.8276 2.7
    endloop
  endfacet
  facet normal 0 0 1
    outer loop
      vertex 6.89999 -17.9 2.7
      vertex 7.46567 -18.0417 2.7
      vertex 7.35921 -17.9913 2.7
    endloop
  endfacet
  facet normal 0 0 1
    outer loop
      vertex 7.66127 -29.8276 2.7
      vertex 6.89999 -30.1 2.7
      vertex 7.56668 -29.8977 2.7
    endloop
  endfacet
  facet normal 0 0 1
    outer loop
      vertex 6.89999 -17.9 2.7
      vertex 7.35921 -17.9913 2.7
      vertex 7.24834 -17.9517 2.7
    endloop
  endfacet
  facet normal 0 0 1
    outer loop
      vertex 7.56668 -29.8977 2.7
      vertex 6.89999 -30.1 2.7
      vertex 7.46567 -29.9583 2.7
    endloop
  endfacet
  facet normal 0 0 1
    outer loop
      vertex 6.89999 -17.9 2.7
      vertex 7.24834 -17.9517 2.7
      vertex 7.13411 -17.923 2.7
    endloop
  endfacet
  facet normal 0 0 1
    outer loop
      vertex 7.46567 -29.9583 2.7
      vertex 6.89999 -30.1 2.7
      vertex 7.35921 -30.0086 2.7
    endloop
  endfacet
  facet normal 0 0 1
    outer loop
      vertex 6.89999 -17.9 2.7
      vertex 7.13411 -17.923 2.7
      vertex 7.01761 -17.9058 2.7
    endloop
  endfacet
  facet normal 0 0 1
    outer loop
      vertex 7.35921 -30.0086 2.7
      vertex 6.89999 -30.1 2.7
      vertex 7.24834 -30.0483 2.7
    endloop
  endfacet
  facet normal 0 0 1
    outer loop
      vertex 7.24834 -30.0483 2.7
      vertex 6.89999 -30.1 2.7
      vertex 7.13411 -30.0769 2.7
    endloop
  endfacet
  facet normal 0 0 1
    outer loop
      vertex 7.13411 -30.0769 2.7
      vertex 6.89999 -30.1 2.7
      vertex 7.01761 -30.0942 2.7
    endloop
  endfacet
  facet normal -0 0 1
    outer loop
      vertex -6.89998 -17.9 2.7
      vertex 6.89999 -30.1 2.7
      vertex 6.89999 -17.9 2.7
    endloop
  endfacet
  facet normal 0 0 1
    outer loop
      vertex -6.89998 -17.9 2.7
      vertex -6.89998 -30.1 2.7
      vertex 6.89999 -30.1 2.7
    endloop
  endfacet
  facet normal 0 0 1
    outer loop
      vertex -8.09998 -19.1 2.7
      vertex -6.89998 -17.9 2.7
      vertex -7.01759 -17.9058 2.7
    endloop
  endfacet
  facet normal 0 0 1
    outer loop
      vertex -6.89998 -17.9 2.7
      vertex -8.09998 -19.1 2.7
      vertex -6.89998 -30.1 2.7
    endloop
  endfacet
  facet normal 0 0 1
    outer loop
      vertex -8.09998 -19.1 2.7
      vertex -7.01759 -17.9058 2.7
      vertex -7.13409 -17.923 2.7
    endloop
  endfacet
  facet normal -0 0 1
    outer loop
      vertex -8.09998 -28.9 2.7
      vertex -6.89998 -30.1 2.7
      vertex -8.09998 -19.1 2.7
    endloop
  endfacet
  facet normal 0 0 1
    outer loop
      vertex -8.09998 -19.1 2.7
      vertex -7.13409 -17.923 2.7
      vertex -7.24832 -17.9517 2.7
    endloop
  endfacet
  facet normal 0 0 1
    outer loop
      vertex -6.89998 -30.1 2.7
      vertex -8.09998 -28.9 2.7
      vertex -7.01759 -30.0942 2.7
    endloop
  endfacet
  facet normal 0 0 1
    outer loop
      vertex -8.09998 -19.1 2.7
      vertex -7.24832 -17.9517 2.7
      vertex -7.35919 -17.9913 2.7
    endloop
  endfacet
  facet normal 0 0 1
    outer loop
      vertex -7.01759 -30.0942 2.7
      vertex -8.09998 -28.9 2.7
      vertex -7.13409 -30.0769 2.7
    endloop
  endfacet
  facet normal 0 0 1
    outer loop
      vertex -8.09998 -19.1 2.7
      vertex -7.35919 -17.9913 2.7
      vertex -7.46565 -18.0417 2.7
    endloop
  endfacet
  facet normal 0 0 1
    outer loop
      vertex -7.13409 -30.0769 2.7
      vertex -8.09998 -28.9 2.7
      vertex -7.24832 -30.0483 2.7
    endloop
  endfacet
  facet normal 0 0 1
    outer loop
      vertex -8.09998 -19.1 2.7
      vertex -7.46565 -18.0417 2.7
      vertex -7.56667 -18.1022 2.7
    endloop
  endfacet
  facet normal 0 0 1
    outer loop
      vertex -7.24832 -30.0483 2.7
      vertex -8.09998 -28.9 2.7
      vertex -7.35919 -30.0086 2.7
    endloop
  endfacet
  facet normal 0 0 1
    outer loop
      vertex -8.09998 -19.1 2.7
      vertex -7.56667 -18.1022 2.7
      vertex -7.66125 -18.1724 2.7
    endloop
  endfacet
  facet normal 0 0 1
    outer loop
      vertex -7.35919 -30.0086 2.7
      vertex -8.09998 -28.9 2.7
      vertex -7.46565 -29.9583 2.7
    endloop
  endfacet
  facet normal 0 0 1
    outer loop
      vertex -8.09998 -19.1 2.7
      vertex -7.66125 -18.1724 2.7
      vertex -7.7485 -18.2515 2.7
    endloop
  endfacet
  facet normal 0 0 1
    outer loop
      vertex -7.46565 -29.9583 2.7
      vertex -8.09998 -28.9 2.7
      vertex -7.56667 -29.8977 2.7
    endloop
  endfacet
  facet normal 0 0 1
    outer loop
      vertex -8.09998 -19.1 2.7
      vertex -7.7485 -18.2515 2.7
      vertex -7.82759 -18.3387 2.7
    endloop
  endfacet
  facet normal 0 0 1
    outer loop
      vertex -7.56667 -29.8977 2.7
      vertex -8.09998 -28.9 2.7
      vertex -7.66125 -29.8276 2.7
    endloop
  endfacet
  facet normal 0 0 1
    outer loop
      vertex -8.09998 -19.1 2.7
      vertex -7.82759 -18.3387 2.7
      vertex -7.89774 -18.4333 2.7
    endloop
  endfacet
  facet normal 0 0 1
    outer loop
      vertex -7.66125 -29.8276 2.7
      vertex -8.09998 -28.9 2.7
      vertex -7.7485 -29.7485 2.7
    endloop
  endfacet
  facet normal 0 0 1
    outer loop
      vertex -8.09998 -19.1 2.7
      vertex -7.89774 -18.4333 2.7
      vertex -7.95828 -18.5343 2.7
    endloop
  endfacet
  facet normal 0 0 1
    outer loop
      vertex -7.7485 -29.7485 2.7
      vertex -8.09998 -28.9 2.7
      vertex -7.82759 -29.6613 2.7
    endloop
  endfacet
  facet normal 0 0 1
    outer loop
      vertex -8.09998 -19.1 2.7
      vertex -7.95828 -18.5343 2.7
      vertex -8.00864 -18.6408 2.7
    endloop
  endfacet
  facet normal 0 0 1
    outer loop
      vertex -7.82759 -29.6613 2.7
      vertex -8.09998 -28.9 2.7
      vertex -7.89774 -29.5667 2.7
    endloop
  endfacet
  facet normal 0 0 1
    outer loop
      vertex -8.09998 -19.1 2.7
      vertex -8.00864 -18.6408 2.7
      vertex -8.04831 -18.7516 2.7
    endloop
  endfacet
  facet normal 0 0 1
    outer loop
      vertex -7.89774 -29.5667 2.7
      vertex -8.09998 -28.9 2.7
      vertex -7.95828 -29.4657 2.7
    endloop
  endfacet
  facet normal 0 0 1
    outer loop
      vertex -8.09998 -19.1 2.7
      vertex -8.04831 -18.7516 2.7
      vertex -8.07692 -18.8659 2.7
    endloop
  endfacet
  facet normal 0 0 1
    outer loop
      vertex -7.95828 -29.4657 2.7
      vertex -8.09998 -28.9 2.7
      vertex -8.00864 -29.3592 2.7
    endloop
  endfacet
  facet normal 0 0 1
    outer loop
      vertex -8.09998 -19.1 2.7
      vertex -8.07692 -18.8659 2.7
      vertex -8.09421 -18.9824 2.7
    endloop
  endfacet
  facet normal 0 0 1
    outer loop
      vertex -8.00864 -29.3592 2.7
      vertex -8.09998 -28.9 2.7
      vertex -8.04831 -29.2483 2.7
    endloop
  endfacet
  facet normal 0 0 1
    outer loop
      vertex -8.04831 -29.2483 2.7
      vertex -8.09998 -28.9 2.7
      vertex -8.07692 -29.1341 2.7
    endloop
  endfacet
  facet normal 0 0 1
    outer loop
      vertex -8.07692 -29.1341 2.7
      vertex -8.09998 -28.9 2.7
      vertex -8.09421 -29.0176 2.7
    endloop
  endfacet
  facet normal 0 0 1
    outer loop
      vertex -10.9 -17.9 2.7
      vertex -9.7 -19.1 2.7
      vertex -9.70576 -18.9824 2.7
    endloop
  endfacet
  facet normal 0 0 1
    outer loop
      vertex -9.7 -19.1 2.7
      vertex -10.9 -17.9 2.7
      vertex -9.7 -28.9 2.7
    endloop
  endfacet
  facet normal 0 0 1
    outer loop
      vertex -10.9 -17.9 2.7
      vertex -9.70576 -18.9824 2.7
      vertex -9.72305 -18.8659 2.7
    endloop
  endfacet
  facet normal 0 0 1
    outer loop
      vertex -10.9 -30.1 2.7
      vertex -9.7 -28.9 2.7
      vertex -10.9 -17.9 2.7
    endloop
  endfacet
  facet normal 0 0 1
    outer loop
      vertex -10.9 -17.9 2.7
      vertex -9.72305 -18.8659 2.7
      vertex -9.75166 -18.7516 2.7
    endloop
  endfacet
  facet normal 0 0 1
    outer loop
      vertex -9.7 -28.9 2.7
      vertex -10.9 -30.1 2.7
      vertex -9.70576 -29.0176 2.7
    endloop
  endfacet
  facet normal 0 0 1
    outer loop
      vertex -10.9 -17.9 2.7
      vertex -9.75166 -18.7516 2.7
      vertex -9.79134 -18.6408 2.7
    endloop
  endfacet
  facet normal 0 0 1
    outer loop
      vertex -9.70576 -29.0176 2.7
      vertex -10.9 -30.1 2.7
      vertex -9.72305 -29.1341 2.7
    endloop
  endfacet
  facet normal 0 0 1
    outer loop
      vertex -10.9 -17.9 2.7
      vertex -9.79134 -18.6408 2.7
      vertex -9.84169 -18.5343 2.7
    endloop
  endfacet
  facet normal 0 0 1
    outer loop
      vertex -9.72305 -29.1341 2.7
      vertex -10.9 -30.1 2.7
      vertex -9.75166 -29.2483 2.7
    endloop
  endfacet
  facet normal 0 0 1
    outer loop
      vertex -10.9 -17.9 2.7
      vertex -9.84169 -18.5343 2.7
      vertex -9.90224 -18.4333 2.7
    endloop
  endfacet
  facet normal 0 0 1
    outer loop
      vertex -9.75166 -29.2483 2.7
      vertex -10.9 -30.1 2.7
      vertex -9.79134 -29.3592 2.7
    endloop
  endfacet
  facet normal 0 0 1
    outer loop
      vertex -10.9 -17.9 2.7
      vertex -9.90224 -18.4333 2.7
      vertex -9.97238 -18.3387 2.7
    endloop
  endfacet
  facet normal 0 0 1
    outer loop
      vertex -9.79134 -29.3592 2.7
      vertex -10.9 -30.1 2.7
      vertex -9.84169 -29.4657 2.7
    endloop
  endfacet
  facet normal 0 0 1
    outer loop
      vertex -10.9 -17.9 2.7
      vertex -9.97238 -18.3387 2.7
      vertex -10.0515 -18.2515 2.7
    endloop
  endfacet
  facet normal 0 0 1
    outer loop
      vertex -9.84169 -29.4657 2.7
      vertex -10.9 -30.1 2.7
      vertex -9.90224 -29.5667 2.7
    endloop
  endfacet
  facet normal 0 0 1
    outer loop
      vertex -10.9 -17.9 2.7
      vertex -10.0515 -18.2515 2.7
      vertex -10.1387 -18.1724 2.7
    endloop
  endfacet
  facet normal 0 0 1
    outer loop
      vertex -9.90224 -29.5667 2.7
      vertex -10.9 -30.1 2.7
      vertex -9.97238 -29.6613 2.7
    endloop
  endfacet
  facet normal 0 0 1
    outer loop
      vertex -10.9 -17.9 2.7
      vertex -10.1387 -18.1724 2.7
      vertex -10.2333 -18.1022 2.7
    endloop
  endfacet
  facet normal 0 0 1
    outer loop
      vertex -9.97238 -29.6613 2.7
      vertex -10.9 -30.1 2.7
      vertex -10.0515 -29.7485 2.7
    endloop
  endfacet
  facet normal 0 0 1
    outer loop
      vertex -10.9 -17.9 2.7
      vertex -10.2333 -18.1022 2.7
      vertex -10.3343 -18.0417 2.7
    endloop
  endfacet
  facet normal 0 0 1
    outer loop
      vertex -10.0515 -29.7485 2.7
      vertex -10.9 -30.1 2.7
      vertex -10.1387 -29.8276 2.7
    endloop
  endfacet
  facet normal 0 0 1
    outer loop
      vertex -10.9 -17.9 2.7
      vertex -10.3343 -18.0417 2.7
      vertex -10.4408 -17.9913 2.7
    endloop
  endfacet
  facet normal 0 0 1
    outer loop
      vertex -10.1387 -29.8276 2.7
      vertex -10.9 -30.1 2.7
      vertex -10.2333 -29.8977 2.7
    endloop
  endfacet
  facet normal 0 0 1
    outer loop
      vertex -10.9 -17.9 2.7
      vertex -10.4408 -17.9913 2.7
      vertex -10.5517 -17.9517 2.7
    endloop
  endfacet
  facet normal 0 0 1
    outer loop
      vertex -10.2333 -29.8977 2.7
      vertex -10.9 -30.1 2.7
      vertex -10.3343 -29.9583 2.7
    endloop
  endfacet
  facet normal 0 0 1
    outer loop
      vertex -10.9 -17.9 2.7
      vertex -10.5517 -17.9517 2.7
      vertex -10.6659 -17.923 2.7
    endloop
  endfacet
  facet normal 0 0 1
    outer loop
      vertex -10.3343 -29.9583 2.7
      vertex -10.9 -30.1 2.7
      vertex -10.4408 -30.0086 2.7
    endloop
  endfacet
  facet normal 0 0 1
    outer loop
      vertex -10.9 -17.9 2.7
      vertex -10.6659 -17.923 2.7
      vertex -10.7824 -17.9058 2.7
    endloop
  endfacet
  facet normal 0 0 1
    outer loop
      vertex -10.4408 -30.0086 2.7
      vertex -10.9 -30.1 2.7
      vertex -10.5517 -30.0483 2.7
    endloop
  endfacet
  facet normal 0 0 1
    outer loop
      vertex -10.5517 -30.0483 2.7
      vertex -10.9 -30.1 2.7
      vertex -10.6659 -30.0769 2.7
    endloop
  endfacet
  facet normal 0 0 1
    outer loop
      vertex -10.6659 -30.0769 2.7
      vertex -10.9 -30.1 2.7
      vertex -10.7824 -30.0942 2.7
    endloop
  endfacet
  facet normal -0 0 1
    outer loop
      vertex -24.7 -17.9 2.7
      vertex -10.9 -30.1 2.7
      vertex -10.9 -17.9 2.7
    endloop
  endfacet
  facet normal 0 0 1
    outer loop
      vertex -24.7 -17.9 2.7
      vertex -24.7 -30.1 2.7
      vertex -10.9 -30.1 2.7
    endloop
  endfacet
  facet normal 0 0 1
    outer loop
      vertex -25.9 -19.1 2.7
      vertex -24.7 -17.9 2.7
      vertex -24.8176 -17.9058 2.7
    endloop
  endfacet
  facet normal 0 0 1
    outer loop
      vertex -24.7 -17.9 2.7
      vertex -25.9 -19.1 2.7
      vertex -24.7 -30.1 2.7
    endloop
  endfacet
  facet normal 0 0 1
    outer loop
      vertex -25.9 -19.1 2.7
      vertex -24.8176 -17.9058 2.7
      vertex -24.9341 -17.923 2.7
    endloop
  endfacet
  facet normal -0 0 1
    outer loop
      vertex -25.9 -28.9 2.7
      vertex -24.7 -30.1 2.7
      vertex -25.9 -19.1 2.7
    endloop
  endfacet
  facet normal 0 0 1
    outer loop
      vertex -25.9 -19.1 2.7
      vertex -24.9341 -17.923 2.7
      vertex -25.0483 -17.9517 2.7
    endloop
  endfacet
  facet normal 0 0 1
    outer loop
      vertex -24.7 -30.1 2.7
      vertex -25.9 -28.9 2.7
      vertex -24.8176 -30.0942 2.7
    endloop
  endfacet
  facet normal 0 0 1
    outer loop
      vertex -25.9 -19.1 2.7
      vertex -25.0483 -17.9517 2.7
      vertex -25.1592 -17.9913 2.7
    endloop
  endfacet
  facet normal 0 0 1
    outer loop
      vertex -24.8176 -30.0942 2.7
      vertex -25.9 -28.9 2.7
      vertex -24.9341 -30.0769 2.7
    endloop
  endfacet
  facet normal 0 0 1
    outer loop
      vertex -25.9 -19.1 2.7
      vertex -25.1592 -17.9913 2.7
      vertex -25.2657 -18.0417 2.7
    endloop
  endfacet
  facet normal 0 0 1
    outer loop
      vertex -24.9341 -30.0769 2.7
      vertex -25.9 -28.9 2.7
      vertex -25.0483 -30.0483 2.7
    endloop
  endfacet
  facet normal 0 0 1
    outer loop
      vertex -25.9 -19.1 2.7
      vertex -25.2657 -18.0417 2.7
      vertex -25.3667 -18.1022 2.7
    endloop
  endfacet
  facet normal 0 0 1
    outer loop
      vertex -25.0483 -30.0483 2.7
      vertex -25.9 -28.9 2.7
      vertex -25.1592 -30.0086 2.7
    endloop
  endfacet
  facet normal 0 0 1
    outer loop
      vertex -25.9 -19.1 2.7
      vertex -25.3667 -18.1022 2.7
      vertex -25.4613 -18.1724 2.7
    endloop
  endfacet
  facet normal 0 0 1
    outer loop
      vertex -25.1592 -30.0086 2.7
      vertex -25.9 -28.9 2.7
      vertex -25.2657 -29.9583 2.7
    endloop
  endfacet
  facet normal 0 0 1
    outer loop
      vertex -25.9 -19.1 2.7
      vertex -25.4613 -18.1724 2.7
      vertex -25.5485 -18.2515 2.7
    endloop
  endfacet
  facet normal 0 0 1
    outer loop
      vertex -25.2657 -29.9583 2.7
      vertex -25.9 -28.9 2.7
      vertex -25.3667 -29.8977 2.7
    endloop
  endfacet
  facet normal 0 0 1
    outer loop
      vertex -25.9 -19.1 2.7
      vertex -25.5485 -18.2515 2.7
      vertex -25.6276 -18.3387 2.7
    endloop
  endfacet
  facet normal 0 0 1
    outer loop
      vertex -25.3667 -29.8977 2.7
      vertex -25.9 -28.9 2.7
      vertex -25.4613 -29.8276 2.7
    endloop
  endfacet
  facet normal 0 0 1
    outer loop
      vertex -25.9 -19.1 2.7
      vertex -25.6276 -18.3387 2.7
      vertex -25.6977 -18.4333 2.7
    endloop
  endfacet
  facet normal 0 0 1
    outer loop
      vertex -25.4613 -29.8276 2.7
      vertex -25.9 -28.9 2.7
      vertex -25.5485 -29.7485 2.7
    endloop
  endfacet
  facet normal 0 0 1
    outer loop
      vertex -25.9 -19.1 2.7
      vertex -25.6977 -18.4333 2.7
      vertex -25.7583 -18.5343 2.7
    endloop
  endfacet
  facet normal 0 0 1
    outer loop
      vertex -25.5485 -29.7485 2.7
      vertex -25.9 -28.9 2.7
      vertex -25.6276 -29.6613 2.7
    endloop
  endfacet
  facet normal 0 0 1
    outer loop
      vertex -25.9 -19.1 2.7
      vertex -25.7583 -18.5343 2.7
      vertex -25.8086 -18.6408 2.7
    endloop
  endfacet
  facet normal 0 0 1
    outer loop
      vertex -25.6276 -29.6613 2.7
      vertex -25.9 -28.9 2.7
      vertex -25.6977 -29.5667 2.7
    endloop
  endfacet
  facet normal 0 0 1
    outer loop
      vertex -25.9 -19.1 2.7
      vertex -25.8086 -18.6408 2.7
      vertex -25.8483 -18.7516 2.7
    endloop
  endfacet
  facet normal 0 0 1
    outer loop
      vertex -25.6977 -29.5667 2.7
      vertex -25.9 -28.9 2.7
      vertex -25.7583 -29.4657 2.7
    endloop
  endfacet
  facet normal 0 0 1
    outer loop
      vertex -25.9 -19.1 2.7
      vertex -25.8483 -18.7516 2.7
      vertex -25.8769 -18.8659 2.7
    endloop
  endfacet
  facet normal 0 0 1
    outer loop
      vertex -25.7583 -29.4657 2.7
      vertex -25.9 -28.9 2.7
      vertex -25.8086 -29.3592 2.7
    endloop
  endfacet
  facet normal 0 0 1
    outer loop
      vertex -25.9 -19.1 2.7
      vertex -25.8769 -18.8659 2.7
      vertex -25.8942 -18.9824 2.7
    endloop
  endfacet
  facet normal 0 0 1
    outer loop
      vertex -25.8086 -29.3592 2.7
      vertex -25.9 -28.9 2.7
      vertex -25.8483 -29.2483 2.7
    endloop
  endfacet
  facet normal 0 0 1
    outer loop
      vertex -25.8483 -29.2483 2.7
      vertex -25.9 -28.9 2.7
      vertex -25.8769 -29.1341 2.7
    endloop
  endfacet
  facet normal 0 0 1
    outer loop
      vertex -25.8769 -29.1341 2.7
      vertex -25.9 -28.9 2.7
      vertex -25.8942 -29.0176 2.7
    endloop
  endfacet
  facet normal 0 0 1
    outer loop
      vertex 24.7 -17.9 2.7
      vertex 25.9 -19.1 2.7
      vertex 25.8942 -18.9824 2.7
    endloop
  endfacet
  facet normal 0 0 1
    outer loop
      vertex 25.9 -19.1 2.7
      vertex 24.7 -17.9 2.7
      vertex 25.9 -28.9 2.7
    endloop
  endfacet
  facet normal 0 0 1
    outer loop
      vertex 24.7 -17.9 2.7
      vertex 25.8942 -18.9824 2.7
      vertex 25.8769 -18.8659 2.7
    endloop
  endfacet
  facet normal 0 0 1
    outer loop
      vertex 24.7 -30.1 2.7
      vertex 25.9 -28.9 2.7
      vertex 24.7 -17.9 2.7
    endloop
  endfacet
  facet normal 0 0 1
    outer loop
      vertex 24.7 -17.9 2.7
      vertex 25.8769 -18.8659 2.7
      vertex 25.8483 -18.7516 2.7
    endloop
  endfacet
  facet normal 0 0 1
    outer loop
      vertex 25.9 -28.9 2.7
      vertex 24.7 -30.1 2.7
      vertex 25.8942 -29.0176 2.7
    endloop
  endfacet
  facet normal 0 0 1
    outer loop
      vertex 24.7 -17.9 2.7
      vertex 25.8483 -18.7516 2.7
      vertex 25.8086 -18.6408 2.7
    endloop
  endfacet
  facet normal 0 0 1
    outer loop
      vertex 25.8942 -29.0176 2.7
      vertex 24.7 -30.1 2.7
      vertex 25.8769 -29.1341 2.7
    endloop
  endfacet
  facet normal 0 0 1
    outer loop
      vertex 24.7 -17.9 2.7
      vertex 25.8086 -18.6408 2.7
      vertex 25.7583 -18.5343 2.7
    endloop
  endfacet
  facet normal 0 0 1
    outer loop
      vertex 25.8769 -29.1341 2.7
      vertex 24.7 -30.1 2.7
      vertex 25.8483 -29.2483 2.7
    endloop
  endfacet
  facet normal 0 0 1
    outer loop
      vertex 24.7 -17.9 2.7
      vertex 25.7583 -18.5343 2.7
      vertex 25.6977 -18.4333 2.7
    endloop
  endfacet
  facet normal 0 0 1
    outer loop
      vertex 25.8483 -29.2483 2.7
      vertex 24.7 -30.1 2.7
      vertex 25.8086 -29.3592 2.7
    endloop
  endfacet
  facet normal 0 0 1
    outer loop
      vertex 24.7 -17.9 2.7
      vertex 25.6977 -18.4333 2.7
      vertex 25.6276 -18.3387 2.7
    endloop
  endfacet
  facet normal 0 0 1
    outer loop
      vertex 25.8086 -29.3592 2.7
      vertex 24.7 -30.1 2.7
      vertex 25.7583 -29.4657 2.7
    endloop
  endfacet
  facet normal 0 0 1
    outer loop
      vertex 24.7 -17.9 2.7
      vertex 25.6276 -18.3387 2.7
      vertex 25.5485 -18.2515 2.7
    endloop
  endfacet
  facet normal 0 0 1
    outer loop
      vertex 25.7583 -29.4657 2.7
      vertex 24.7 -30.1 2.7
      vertex 25.6977 -29.5667 2.7
    endloop
  endfacet
  facet normal 0 0 1
    outer loop
      vertex 24.7 -17.9 2.7
      vertex 25.5485 -18.2515 2.7
      vertex 25.4613 -18.1724 2.7
    endloop
  endfacet
  facet normal 0 0 1
    outer loop
      vertex 25.6977 -29.5667 2.7
      vertex 24.7 -30.1 2.7
      vertex 25.6276 -29.6613 2.7
    endloop
  endfacet
  facet normal 0 0 1
    outer loop
      vertex 24.7 -17.9 2.7
      vertex 25.4613 -18.1724 2.7
      vertex 25.3667 -18.1022 2.7
    endloop
  endfacet
  facet normal 0 0 1
    outer loop
      vertex 25.6276 -29.6613 2.7
      vertex 24.7 -30.1 2.7
      vertex 25.5485 -29.7485 2.7
    endloop
  endfacet
  facet normal 0 0 1
    outer loop
      vertex 24.7 -17.9 2.7
      vertex 25.3667 -18.1022 2.7
      vertex 25.2657 -18.0417 2.7
    endloop
  endfacet
  facet normal 0 0 1
    outer loop
      vertex 25.5485 -29.7485 2.7
      vertex 24.7 -30.1 2.7
      vertex 25.4613 -29.8276 2.7
    endloop
  endfacet
  facet normal 0 0 1
    outer loop
      vertex 24.7 -17.9 2.7
      vertex 25.2657 -18.0417 2.7
      vertex 25.1592 -17.9913 2.7
    endloop
  endfacet
  facet normal 0 0 1
    outer loop
      vertex 25.4613 -29.8276 2.7
      vertex 24.7 -30.1 2.7
      vertex 25.3667 -29.8977 2.7
    endloop
  endfacet
  facet normal 0 0 1
    outer loop
      vertex 24.7 -17.9 2.7
      vertex 25.1592 -17.9913 2.7
      vertex 25.0483 -17.9517 2.7
    endloop
  endfacet
  facet normal 0 0 1
    outer loop
      vertex 25.3667 -29.8977 2.7
      vertex 24.7 -30.1 2.7
      vertex 25.2657 -29.9583 2.7
    endloop
  endfacet
  facet normal 0 0 1
    outer loop
      vertex 24.7 -17.9 2.7
      vertex 25.0483 -17.9517 2.7
      vertex 24.9341 -17.923 2.7
    endloop
  endfacet
  facet normal 0 0 1
    outer loop
      vertex 25.2657 -29.9583 2.7
      vertex 24.7 -30.1 2.7
      vertex 25.1592 -30.0086 2.7
    endloop
  endfacet
  facet normal 0 0 1
    outer loop
      vertex 24.7 -17.9 2.7
      vertex 24.9341 -17.923 2.7
      vertex 24.8176 -17.9058 2.7
    endloop
  endfacet
  facet normal 0 0 1
    outer loop
      vertex 25.1592 -30.0086 2.7
      vertex 24.7 -30.1 2.7
      vertex 25.0483 -30.0483 2.7
    endloop
  endfacet
  facet normal 0 0 1
    outer loop
      vertex 25.0483 -30.0483 2.7
      vertex 24.7 -30.1 2.7
      vertex 24.9341 -30.0769 2.7
    endloop
  endfacet
  facet normal 0 0 1
    outer loop
      vertex 24.9341 -30.0769 2.7
      vertex 24.7 -30.1 2.7
      vertex 24.8176 -30.0942 2.7
    endloop
  endfacet
  facet normal -0 0 1
    outer loop
      vertex 10.9 -17.9 2.7
      vertex 24.7 -30.1 2.7
      vertex 24.7 -17.9 2.7
    endloop
  endfacet
  facet normal 0 0 1
    outer loop
      vertex 10.9 -17.9 2.7
      vertex 10.9 -30.1 2.7
      vertex 24.7 -30.1 2.7
    endloop
  endfacet
  facet normal 0 0 1
    outer loop
      vertex 9.7 -19.1 2.7
      vertex 10.9 -17.9 2.7
      vertex 10.7824 -17.9058 2.7
    endloop
  endfacet
  facet normal 0 0 1
    outer loop
      vertex 10.9 -17.9 2.7
      vertex 9.7 -19.1 2.7
      vertex 10.9 -30.1 2.7
    endloop
  endfacet
  facet normal 0 0 1
    outer loop
      vertex 9.7 -19.1 2.7
      vertex 10.7824 -17.9058 2.7
      vertex 10.6659 -17.923 2.7
    endloop
  endfacet
  facet normal -0 0 1
    outer loop
      vertex 9.7 -28.9 2.7
      vertex 10.9 -30.1 2.7
      vertex 9.7 -19.1 2.7
    endloop
  endfacet
  facet normal 0 0 1
    outer loop
      vertex 9.7 -19.1 2.7
      vertex 10.6659 -17.923 2.7
      vertex 10.5517 -17.9517 2.7
    endloop
  endfacet
  facet normal 0 0 1
    outer loop
      vertex 10.9 -30.1 2.7
      vertex 9.7 -28.9 2.7
      vertex 10.7824 -30.0942 2.7
    endloop
  endfacet
  facet normal 0 0 1
    outer loop
      vertex 9.7 -19.1 2.7
      vertex 10.5517 -17.9517 2.7
      vertex 10.4408 -17.9913 2.7
    endloop
  endfacet
  facet normal 0 0 1
    outer loop
      vertex 10.7824 -30.0942 2.7
      vertex 9.7 -28.9 2.7
      vertex 10.6659 -30.0769 2.7
    endloop
  endfacet
  facet normal 0 0 1
    outer loop
      vertex 9.7 -19.1 2.7
      vertex 10.4408 -17.9913 2.7
      vertex 10.3343 -18.0417 2.7
    endloop
  endfacet
  facet normal 0 0 1
    outer loop
      vertex 10.6659 -30.0769 2.7
      vertex 9.7 -28.9 2.7
      vertex 10.5517 -30.0483 2.7
    endloop
  endfacet
  facet normal 0 0 1
    outer loop
      vertex 9.7 -19.1 2.7
      vertex 10.3343 -18.0417 2.7
      vertex 10.2333 -18.1022 2.7
    endloop
  endfacet
  facet normal 0 0 1
    outer loop
      vertex 10.5517 -30.0483 2.7
      vertex 9.7 -28.9 2.7
      vertex 10.4408 -30.0086 2.7
    endloop
  endfacet
  facet normal 0 0 1
    outer loop
      vertex 9.7 -19.1 2.7
      vertex 10.2333 -18.1022 2.7
      vertex 10.1387 -18.1724 2.7
    endloop
  endfacet
  facet normal 0 0 1
    outer loop
      vertex 10.4408 -30.0086 2.7
      vertex 9.7 -28.9 2.7
      vertex 10.3343 -29.9583 2.7
    endloop
  endfacet
  facet normal 0 0 1
    outer loop
      vertex 9.7 -19.1 2.7
      vertex 10.1387 -18.1724 2.7
      vertex 10.0515 -18.2515 2.7
    endloop
  endfacet
  facet normal 0 0 1
    outer loop
      vertex 10.3343 -29.9583 2.7
      vertex 9.7 -28.9 2.7
      vertex 10.2333 -29.8977 2.7
    endloop
  endfacet
  facet normal 0 0 1
    outer loop
      vertex 9.7 -19.1 2.7
      vertex 10.0515 -18.2515 2.7
      vertex 9.97238 -18.3387 2.7
    endloop
  endfacet
  facet normal 0 0 1
    outer loop
      vertex 10.2333 -29.8977 2.7
      vertex 9.7 -28.9 2.7
      vertex 10.1387 -29.8276 2.7
    endloop
  endfacet
  facet normal 0 0 1
    outer loop
      vertex 9.7 -19.1 2.7
      vertex 9.97238 -18.3387 2.7
      vertex 9.90224 -18.4333 2.7
    endloop
  endfacet
  facet normal 0 0 1
    outer loop
      vertex 10.1387 -29.8276 2.7
      vertex 9.7 -28.9 2.7
      vertex 10.0515 -29.7485 2.7
    endloop
  endfacet
  facet normal 0 0 1
    outer loop
      vertex 9.7 -19.1 2.7
      vertex 9.90224 -18.4333 2.7
      vertex 9.84169 -18.5343 2.7
    endloop
  endfacet
  facet normal 0 0 1
    outer loop
      vertex 10.0515 -29.7485 2.7
      vertex 9.7 -28.9 2.7
      vertex 9.97238 -29.6613 2.7
    endloop
  endfacet
  facet normal 0 0 1
    outer loop
      vertex 9.7 -19.1 2.7
      vertex 9.84169 -18.5343 2.7
      vertex 9.79134 -18.6408 2.7
    endloop
  endfacet
  facet normal 0 0 1
    outer loop
      vertex 9.97238 -29.6613 2.7
      vertex 9.7 -28.9 2.7
      vertex 9.90224 -29.5667 2.7
    endloop
  endfacet
  facet normal 0 0 1
    outer loop
      vertex 9.7 -19.1 2.7
      vertex 9.79134 -18.6408 2.7
      vertex 9.75166 -18.7516 2.7
    endloop
  endfacet
  facet normal 0 0 1
    outer loop
      vertex 9.90224 -29.5667 2.7
      vertex 9.7 -28.9 2.7
      vertex 9.84169 -29.4657 2.7
    endloop
  endfacet
  facet normal 0 0 1
    outer loop
      vertex 9.7 -19.1 2.7
      vertex 9.75166 -18.7516 2.7
      vertex 9.72305 -18.8659 2.7
    endloop
  endfacet
  facet normal 0 0 1
    outer loop
      vertex 9.84169 -29.4657 2.7
      vertex 9.7 -28.9 2.7
      vertex 9.79134 -29.3592 2.7
    endloop
  endfacet
  facet normal 0 0 1
    outer loop
      vertex 9.7 -19.1 2.7
      vertex 9.72305 -18.8659 2.7
      vertex 9.70576 -18.9824 2.7
    endloop
  endfacet
  facet normal 0 0 1
    outer loop
      vertex 9.79134 -29.3592 2.7
      vertex 9.7 -28.9 2.7
      vertex 9.75166 -29.2483 2.7
    endloop
  endfacet
  facet normal 0 0 1
    outer loop
      vertex 9.75166 -29.2483 2.7
      vertex 9.7 -28.9 2.7
      vertex 9.72305 -29.1341 2.7
    endloop
  endfacet
  facet normal 0 0 1
    outer loop
      vertex 9.72305 -29.1341 2.7
      vertex 9.7 -28.9 2.7
      vertex 9.70576 -29.0176 2.7
    endloop
  endfacet
  facet normal -0.146887 0.989153 0
    outer loop
      vertex -10.6659 -16.2769 2.7
      vertex -10.7824 -16.2942 3.3
      vertex -10.6659 -16.2769 3.3
    endloop
  endfacet
  facet normal -0.146887 0.989153 0
    outer loop
      vertex -10.7824 -16.2942 3.3
      vertex -10.6659 -16.2769 2.7
      vertex -10.7824 -16.2942 2.7
    endloop
  endfacet
  facet normal -0.242935 0.970042 0
    outer loop
      vertex -10.5517 -16.2483 2.7
      vertex -10.6659 -16.2769 3.3
      vertex -10.5517 -16.2483 3.3
    endloop
  endfacet
  facet normal -0.242935 0.970042 0
    outer loop
      vertex -10.6659 -16.2769 3.3
      vertex -10.5517 -16.2483 2.7
      vertex -10.6659 -16.2769 2.7
    endloop
  endfacet
  facet normal -0.337035 0.941492 0
    outer loop
      vertex -10.4408 -16.2086 2.7
      vertex -10.5517 -16.2483 3.3
      vertex -10.4408 -16.2086 3.3
    endloop
  endfacet
  facet normal -0.337035 0.941492 0
    outer loop
      vertex -10.5517 -16.2483 3.3
      vertex -10.4408 -16.2086 2.7
      vertex -10.5517 -16.2483 2.7
    endloop
  endfacet
  facet normal -0.427064 0.904221 0
    outer loop
      vertex -10.3343 -16.1583 2.7
      vertex -10.4408 -16.2086 3.3
      vertex -10.3343 -16.1583 3.3
    endloop
  endfacet
  facet normal -0.427064 0.904221 0
    outer loop
      vertex -10.4408 -16.2086 3.3
      vertex -10.3343 -16.1583 2.7
      vertex -10.4408 -16.2086 2.7
    endloop
  endfacet
  facet normal -0.514496 0.857493 0
    outer loop
      vertex -10.2333 -16.0977 2.7
      vertex -10.3343 -16.1583 3.3
      vertex -10.2333 -16.0977 3.3
    endloop
  endfacet
  facet normal -0.514496 0.857493 0
    outer loop
      vertex -10.3343 -16.1583 3.3
      vertex -10.2333 -16.0977 2.7
      vertex -10.3343 -16.1583 2.7
    endloop
  endfacet
  facet normal -0.59537 0.803452 0
    outer loop
      vertex -10.1387 -16.0276 2.7
      vertex -10.2333 -16.0977 3.3
      vertex -10.1387 -16.0276 3.3
    endloop
  endfacet
  facet normal -0.59537 0.803452 0
    outer loop
      vertex -10.2333 -16.0977 3.3
      vertex -10.1387 -16.0276 2.7
      vertex -10.2333 -16.0977 2.7
    endloop
  endfacet
  facet normal -0.671869 0.74067 0
    outer loop
      vertex -10.0515 -15.9485 2.7
      vertex -10.1387 -16.0276 3.3
      vertex -10.0515 -15.9485 3.3
    endloop
  endfacet
  facet normal -0.671869 0.74067 0
    outer loop
      vertex -10.1387 -16.0276 3.3
      vertex -10.0515 -15.9485 2.7
      vertex -10.1387 -16.0276 2.7
    endloop
  endfacet
  facet normal -0.740585 0.671962 0
    outer loop
      vertex -10.0515 -15.9485 2.7
      vertex -9.97238 -15.8613 3.3
      vertex -9.97238 -15.8613 2.7
    endloop
  endfacet
  facet normal -0.740585 0.671962 0
    outer loop
      vertex -9.97238 -15.8613 3.3
      vertex -10.0515 -15.9485 2.7
      vertex -10.0515 -15.9485 3.3
    endloop
  endfacet
  facet normal -0.803289 0.595589 0
    outer loop
      vertex -9.97238 -15.8613 2.7
      vertex -9.90224 -15.7667 3.3
      vertex -9.90224 -15.7667 2.7
    endloop
  endfacet
  facet normal -0.803289 0.595589 0
    outer loop
      vertex -9.90224 -15.7667 3.3
      vertex -9.97238 -15.8613 2.7
      vertex -9.97238 -15.8613 3.3
    endloop
  endfacet
  facet normal -0.85768 0.514184 0
    outer loop
      vertex -9.90224 -15.7667 2.7
      vertex -9.84169 -15.6657 3.3
      vertex -9.84169 -15.6657 2.7
    endloop
  endfacet
  facet normal -0.85768 0.514184 0
    outer loop
      vertex -9.84169 -15.6657 3.3
      vertex -9.90224 -15.7667 2.7
      vertex -9.90224 -15.7667 3.3
    endloop
  endfacet
  facet normal -0.904057 0.427411 0
    outer loop
      vertex -9.84169 -15.6657 2.7
      vertex -9.79134 -15.5592 3.3
      vertex -9.79134 -15.5592 2.7
    endloop
  endfacet
  facet normal -0.904057 0.427411 0
    outer loop
      vertex -9.79134 -15.5592 3.3
      vertex -9.84169 -15.6657 2.7
      vertex -9.84169 -15.6657 3.3
    endloop
  endfacet
  facet normal -0.941546 0.336885 0
    outer loop
      vertex -9.79134 -15.5592 2.7
      vertex -9.75166 -15.4483 3.3
      vertex -9.75166 -15.4483 2.7
    endloop
  endfacet
  facet normal -0.941546 0.336885 0
    outer loop
      vertex -9.75166 -15.4483 3.3
      vertex -9.79134 -15.5592 2.7
      vertex -9.79134 -15.5592 3.3
    endloop
  endfacet
  facet normal -0.970022 0.243015 0
    outer loop
      vertex -9.75166 -15.4483 2.7
      vertex -9.72305 -15.3341 3.3
      vertex -9.72305 -15.3341 2.7
    endloop
  endfacet
  facet normal -0.970022 0.243015 0
    outer loop
      vertex -9.72305 -15.3341 3.3
      vertex -9.75166 -15.4483 2.7
      vertex -9.75166 -15.4483 3.3
    endloop
  endfacet
  facet normal -0.989166 0.146804 0
    outer loop
      vertex -9.72305 -15.3341 2.7
      vertex -9.70576 -15.2176 3.3
      vertex -9.70576 -15.2176 2.7
    endloop
  endfacet
  facet normal -0.989166 0.146804 0
    outer loop
      vertex -9.70576 -15.2176 3.3
      vertex -9.72305 -15.3341 2.7
      vertex -9.72305 -15.3341 3.3
    endloop
  endfacet
  facet normal -0.998803 0.0489209 0
    outer loop
      vertex -9.70576 -15.2176 2.7
      vertex -9.7 -15.1 3.3
      vertex -9.7 -15.1 2.7
    endloop
  endfacet
  facet normal -0.998803 0.0489209 0
    outer loop
      vertex -9.7 -15.1 3.3
      vertex -9.70576 -15.2176 2.7
      vertex -9.70576 -15.2176 3.3
    endloop
  endfacet
  facet normal -1 0 0
    outer loop
      vertex -9.7 -15.1 2.7
      vertex -9.7 -5.3 3.3
      vertex -9.7 -5.3 2.7
    endloop
  endfacet
  facet normal -1 -0 0
    outer loop
      vertex -9.7 -5.3 3.3
      vertex -9.7 -15.1 2.7
      vertex -9.7 -15.1 3.3
    endloop
  endfacet
  facet normal -0.998803 -0.0489168 0
    outer loop
      vertex -9.7 -5.3 2.7
      vertex -9.70576 -5.18239 3.3
      vertex -9.70576 -5.18239 2.7
    endloop
  endfacet
  facet normal -0.998803 -0.0489168 0
    outer loop
      vertex -9.70576 -5.18239 3.3
      vertex -9.7 -5.3 2.7
      vertex -9.7 -5.3 3.3
    endloop
  endfacet
  facet normal -0.989166 -0.146804 0
    outer loop
      vertex -9.70576 -5.18239 2.7
      vertex -9.72305 -5.06589 3.3
      vertex -9.72305 -5.06589 2.7
    endloop
  endfacet
  facet normal -0.989166 -0.146804 0
    outer loop
      vertex -9.72305 -5.06589 3.3
      vertex -9.70576 -5.18239 2.7
      vertex -9.70576 -5.18239 3.3
    endloop
  endfacet
  facet normal -0.970038 -0.242955 0
    outer loop
      vertex -9.72305 -5.06589 2.7
      vertex -9.75166 -4.95166 3.3
      vertex -9.75166 -4.95166 2.7
    endloop
  endfacet
  facet normal -0.970038 -0.242955 0
    outer loop
      vertex -9.75166 -4.95166 3.3
      vertex -9.72305 -5.06589 2.7
      vertex -9.72305 -5.06589 3.3
    endloop
  endfacet
  facet normal -0.941517 -0.336966 0
    outer loop
      vertex -9.75166 -4.95166 2.7
      vertex -9.79134 -4.84079 3.3
      vertex -9.79134 -4.84079 2.7
    endloop
  endfacet
  facet normal -0.941517 -0.336966 0
    outer loop
      vertex -9.79134 -4.84079 3.3
      vertex -9.75166 -4.95166 2.7
      vertex -9.75166 -4.95166 3.3
    endloop
  endfacet
  facet normal -0.903995 -0.427542 0
    outer loop
      vertex -9.79134 -4.84079 2.7
      vertex -9.84169 -4.73433 3.3
      vertex -9.84169 -4.73433 2.7
    endloop
  endfacet
  facet normal -0.903995 -0.427542 0
    outer loop
      vertex -9.84169 -4.73433 3.3
      vertex -9.79134 -4.84079 2.7
      vertex -9.79134 -4.84079 3.3
    endloop
  endfacet
  facet normal -0.857703 -0.514146 0
    outer loop
      vertex -9.84169 -4.73433 2.7
      vertex -9.90224 -4.63332 3.3
      vertex -9.90224 -4.63332 2.7
    endloop
  endfacet
  facet normal -0.857703 -0.514146 0
    outer loop
      vertex -9.90224 -4.63332 3.3
      vertex -9.84169 -4.73433 2.7
      vertex -9.84169 -4.73433 3.3
    endloop
  endfacet
  facet normal -0.803259 -0.59563 0
    outer loop
      vertex -9.90224 -4.63332 2.7
      vertex -9.97238 -4.53873 3.3
      vertex -9.97238 -4.53873 2.7
    endloop
  endfacet
  facet normal -0.803259 -0.59563 0
    outer loop
      vertex -9.97238 -4.53873 3.3
      vertex -9.90224 -4.63332 2.7
      vertex -9.90224 -4.63332 3.3
    endloop
  endfacet
  facet normal -0.740777 -0.671751 0
    outer loop
      vertex -9.97238 -4.53873 2.7
      vertex -10.0515 -4.45148 3.3
      vertex -10.0515 -4.45148 2.7
    endloop
  endfacet
  facet normal -0.740777 -0.671751 0
    outer loop
      vertex -10.0515 -4.45148 3.3
      vertex -9.97238 -4.53873 2.7
      vertex -9.97238 -4.53873 3.3
    endloop
  endfacet
  facet normal -0.671823 -0.740712 0
    outer loop
      vertex -10.1387 -4.37239 2.7
      vertex -10.0515 -4.45148 3.3
      vertex -10.1387 -4.37239 3.3
    endloop
  endfacet
  facet normal -0.671823 -0.740712 -0
    outer loop
      vertex -10.0515 -4.45148 3.3
      vertex -10.1387 -4.37239 2.7
      vertex -10.0515 -4.45148 2.7
    endloop
  endfacet
  facet normal -0.595589 -0.803289 0
    outer loop
      vertex -10.2333 -4.30225 2.7
      vertex -10.1387 -4.37239 3.3
      vertex -10.2333 -4.30225 3.3
    endloop
  endfacet
  facet normal -0.595589 -0.803289 -0
    outer loop
      vertex -10.1387 -4.37239 3.3
      vertex -10.2333 -4.30225 2.7
      vertex -10.1387 -4.37239 2.7
    endloop
  endfacet
  facet normal -0.514184 -0.85768 0
    outer loop
      vertex -10.3343 -4.2417 2.7
      vertex -10.2333 -4.30225 3.3
      vertex -10.3343 -4.2417 3.3
    endloop
  endfacet
  facet normal -0.514184 -0.85768 -0
    outer loop
      vertex -10.2333 -4.30225 3.3
      vertex -10.3343 -4.2417 2.7
      vertex -10.2333 -4.30225 2.7
    endloop
  endfacet
  facet normal -0.427411 -0.904057 0
    outer loop
      vertex -10.4408 -4.19135 2.7
      vertex -10.3343 -4.2417 3.3
      vertex -10.4408 -4.19135 3.3
    endloop
  endfacet
  facet normal -0.427411 -0.904057 -0
    outer loop
      vertex -10.3343 -4.2417 3.3
      vertex -10.4408 -4.19135 2.7
      vertex -10.3343 -4.2417 2.7
    endloop
  endfacet
  facet normal -0.336885 -0.941546 0
    outer loop
      vertex -10.5517 -4.15167 2.7
      vertex -10.4408 -4.19135 3.3
      vertex -10.5517 -4.15167 3.3
    endloop
  endfacet
  facet normal -0.336885 -0.941546 -0
    outer loop
      vertex -10.4408 -4.19135 3.3
      vertex -10.5517 -4.15167 2.7
      vertex -10.4408 -4.19135 2.7
    endloop
  endfacet
  facet normal -0.243015 -0.970022 0
    outer loop
      vertex -10.6659 -4.12306 2.7
      vertex -10.5517 -4.15167 3.3
      vertex -10.6659 -4.12306 3.3
    endloop
  endfacet
  facet normal -0.243015 -0.970022 -0
    outer loop
      vertex -10.5517 -4.15167 3.3
      vertex -10.6659 -4.12306 2.7
      vertex -10.5517 -4.15167 2.7
    endloop
  endfacet
  facet normal -0.146804 -0.989166 0
    outer loop
      vertex -10.7824 -4.10577 2.7
      vertex -10.6659 -4.12306 3.3
      vertex -10.7824 -4.10577 3.3
    endloop
  endfacet
  facet normal -0.146804 -0.989166 -0
    outer loop
      vertex -10.6659 -4.12306 3.3
      vertex -10.7824 -4.10577 2.7
      vertex -10.6659 -4.12306 2.7
    endloop
  endfacet
  facet normal -0.0489209 -0.998803 0
    outer loop
      vertex -10.9 -4.10001 2.7
      vertex -10.7824 -4.10577 3.3
      vertex -10.9 -4.10001 3.3
    endloop
  endfacet
  facet normal -0.0489209 -0.998803 -0
    outer loop
      vertex -10.7824 -4.10577 3.3
      vertex -10.9 -4.10001 2.7
      vertex -10.7824 -4.10577 2.7
    endloop
  endfacet
  facet normal 0 -1 0
    outer loop
      vertex -24.7 -4.10001 2.7
      vertex -10.9 -4.10001 3.3
      vertex -24.7 -4.10001 3.3
    endloop
  endfacet
  facet normal 0 -1 -0
    outer loop
      vertex -10.9 -4.10001 3.3
      vertex -24.7 -4.10001 2.7
      vertex -10.9 -4.10001 2.7
    endloop
  endfacet
  facet normal 0.0489209 -0.998803 0
    outer loop
      vertex -24.8176 -4.10577 2.7
      vertex -24.7 -4.10001 3.3
      vertex -24.8176 -4.10577 3.3
    endloop
  endfacet
  facet normal 0.0489209 -0.998803 0
    outer loop
      vertex -24.7 -4.10001 3.3
      vertex -24.8176 -4.10577 2.7
      vertex -24.7 -4.10001 2.7
    endloop
  endfacet
  facet normal 0.146804 -0.989166 0
    outer loop
      vertex -24.9341 -4.12306 2.7
      vertex -24.8176 -4.10577 3.3
      vertex -24.9341 -4.12306 3.3
    endloop
  endfacet
  facet normal 0.146804 -0.989166 0
    outer loop
      vertex -24.8176 -4.10577 3.3
      vertex -24.9341 -4.12306 2.7
      vertex -24.8176 -4.10577 2.7
    endloop
  endfacet
  facet normal 0.243015 -0.970022 0
    outer loop
      vertex -25.0483 -4.15167 2.7
      vertex -24.9341 -4.12306 3.3
      vertex -25.0483 -4.15167 3.3
    endloop
  endfacet
  facet normal 0.243015 -0.970022 0
    outer loop
      vertex -24.9341 -4.12306 3.3
      vertex -25.0483 -4.15167 2.7
      vertex -24.9341 -4.12306 2.7
    endloop
  endfacet
  facet normal 0.336885 -0.941546 0
    outer loop
      vertex -25.1592 -4.19135 2.7
      vertex -25.0483 -4.15167 3.3
      vertex -25.1592 -4.19135 3.3
    endloop
  endfacet
  facet normal 0.336885 -0.941546 0
    outer loop
      vertex -25.0483 -4.15167 3.3
      vertex -25.1592 -4.19135 2.7
      vertex -25.0483 -4.15167 2.7
    endloop
  endfacet
  facet normal 0.427411 -0.904057 0
    outer loop
      vertex -25.2657 -4.2417 2.7
      vertex -25.1592 -4.19135 3.3
      vertex -25.2657 -4.2417 3.3
    endloop
  endfacet
  facet normal 0.427411 -0.904057 0
    outer loop
      vertex -25.1592 -4.19135 3.3
      vertex -25.2657 -4.2417 2.7
      vertex -25.1592 -4.19135 2.7
    endloop
  endfacet
  facet normal 0.514184 -0.85768 0
    outer loop
      vertex -25.3667 -4.30225 2.7
      vertex -25.2657 -4.2417 3.3
      vertex -25.3667 -4.30225 3.3
    endloop
  endfacet
  facet normal 0.514184 -0.85768 0
    outer loop
      vertex -25.2657 -4.2417 3.3
      vertex -25.3667 -4.30225 2.7
      vertex -25.2657 -4.2417 2.7
    endloop
  endfacet
  facet normal 0.595589 -0.803289 0
    outer loop
      vertex -25.4613 -4.37239 2.7
      vertex -25.3667 -4.30225 3.3
      vertex -25.4613 -4.37239 3.3
    endloop
  endfacet
  facet normal 0.595589 -0.803289 0
    outer loop
      vertex -25.3667 -4.30225 3.3
      vertex -25.4613 -4.37239 2.7
      vertex -25.3667 -4.30225 2.7
    endloop
  endfacet
  facet normal 0.671823 -0.740712 0
    outer loop
      vertex -25.5485 -4.45148 2.7
      vertex -25.4613 -4.37239 3.3
      vertex -25.5485 -4.45148 3.3
    endloop
  endfacet
  facet normal 0.671823 -0.740712 0
    outer loop
      vertex -25.4613 -4.37239 3.3
      vertex -25.5485 -4.45148 2.7
      vertex -25.4613 -4.37239 2.7
    endloop
  endfacet
  facet normal 0.740862 -0.671658 0
    outer loop
      vertex -25.6276 -4.53873 3.3
      vertex -25.5485 -4.45148 2.7
      vertex -25.5485 -4.45148 3.3
    endloop
  endfacet
  facet normal 0.740862 -0.671658 0
    outer loop
      vertex -25.5485 -4.45148 2.7
      vertex -25.6276 -4.53873 3.3
      vertex -25.6276 -4.53873 2.7
    endloop
  endfacet
  facet normal 0.803422 -0.59541 0
    outer loop
      vertex -25.6977 -4.63332 3.3
      vertex -25.6276 -4.53873 2.7
      vertex -25.6276 -4.53873 3.3
    endloop
  endfacet
  facet normal 0.803422 -0.59541 0
    outer loop
      vertex -25.6276 -4.53873 2.7
      vertex -25.6977 -4.63332 3.3
      vertex -25.6977 -4.63332 2.7
    endloop
  endfacet
  facet normal 0.857515 -0.514458 0
    outer loop
      vertex -25.7583 -4.73433 3.3
      vertex -25.6977 -4.63332 2.7
      vertex -25.6977 -4.63332 3.3
    endloop
  endfacet
  facet normal 0.857515 -0.514458 0
    outer loop
      vertex -25.6977 -4.63332 2.7
      vertex -25.7583 -4.73433 3.3
      vertex -25.7583 -4.73433 2.7
    endloop
  endfacet
  facet normal 0.904159 -0.427195 0
    outer loop
      vertex -25.8086 -4.84079 3.3
      vertex -25.7583 -4.73433 2.7
      vertex -25.7583 -4.73433 3.3
    endloop
  endfacet
  facet normal 0.904159 -0.427195 0
    outer loop
      vertex -25.7583 -4.73433 2.7
      vertex -25.8086 -4.84079 3.3
      vertex -25.8086 -4.84079 2.7
    endloop
  endfacet
  facet normal 0.941463 -0.337116 0
    outer loop
      vertex -25.8483 -4.95166 3.3
      vertex -25.8086 -4.84079 2.7
      vertex -25.8086 -4.84079 3.3
    endloop
  endfacet
  facet normal 0.941463 -0.337116 0
    outer loop
      vertex -25.8086 -4.84079 2.7
      vertex -25.8483 -4.95166 3.3
      vertex -25.8483 -4.95166 2.7
    endloop
  endfacet
  facet normal 0.970058 -0.242875 0
    outer loop
      vertex -25.8769 -5.06589 3.3
      vertex -25.8483 -4.95166 2.7
      vertex -25.8483 -4.95166 3.3
    endloop
  endfacet
  facet normal 0.970058 -0.242875 0
    outer loop
      vertex -25.8483 -4.95166 2.7
      vertex -25.8769 -5.06589 3.3
      vertex -25.8769 -5.06589 2.7
    endloop
  endfacet
  facet normal 0.989153 -0.146887 0
    outer loop
      vertex -25.8942 -5.18239 3.3
      vertex -25.8769 -5.06589 2.7
      vertex -25.8769 -5.06589 3.3
    endloop
  endfacet
  facet normal 0.989153 -0.146887 0
    outer loop
      vertex -25.8769 -5.06589 2.7
      vertex -25.8942 -5.18239 3.3
      vertex -25.8942 -5.18239 2.7
    endloop
  endfacet
  facet normal 0.998786 -0.0492557 0
    outer loop
      vertex -25.9 -5.3 3.3
      vertex -25.8942 -5.18239 2.7
      vertex -25.8942 -5.18239 3.3
    endloop
  endfacet
  facet normal 0.998786 -0.0492557 0
    outer loop
      vertex -25.8942 -5.18239 2.7
      vertex -25.9 -5.3 3.3
      vertex -25.9 -5.3 2.7
    endloop
  endfacet
  facet normal 1 -0 0
    outer loop
      vertex -25.9 -15.1 3.3
      vertex -25.9 -5.3 2.7
      vertex -25.9 -5.3 3.3
    endloop
  endfacet
  facet normal 1 0 0
    outer loop
      vertex -25.9 -5.3 2.7
      vertex -25.9 -15.1 3.3
      vertex -25.9 -15.1 2.7
    endloop
  endfacet
  facet normal 0.998786 0.0492599 0
    outer loop
      vertex -25.8942 -15.2176 3.3
      vertex -25.9 -15.1 2.7
      vertex -25.9 -15.1 3.3
    endloop
  endfacet
  facet normal 0.998786 0.0492599 0
    outer loop
      vertex -25.9 -15.1 2.7
      vertex -25.8942 -15.2176 3.3
      vertex -25.8942 -15.2176 2.7
    endloop
  endfacet
  facet normal 0.989153 0.146887 0
    outer loop
      vertex -25.8769 -15.3341 3.3
      vertex -25.8942 -15.2176 2.7
      vertex -25.8942 -15.2176 3.3
    endloop
  endfacet
  facet normal 0.989153 0.146887 0
    outer loop
      vertex -25.8942 -15.2176 2.7
      vertex -25.8769 -15.3341 3.3
      vertex -25.8769 -15.3341 2.7
    endloop
  endfacet
  facet normal 0.970042 0.242935 0
    outer loop
      vertex -25.8483 -15.4483 3.3
      vertex -25.8769 -15.3341 2.7
      vertex -25.8769 -15.3341 3.3
    endloop
  endfacet
  facet normal 0.970042 0.242935 0
    outer loop
      vertex -25.8769 -15.3341 2.7
      vertex -25.8483 -15.4483 3.3
      vertex -25.8483 -15.4483 2.7
    endloop
  endfacet
  facet normal 0.941492 0.337035 0
    outer loop
      vertex -25.8086 -15.5592 3.3
      vertex -25.8483 -15.4483 2.7
      vertex -25.8483 -15.4483 3.3
    endloop
  endfacet
  facet normal 0.941492 0.337035 0
    outer loop
      vertex -25.8483 -15.4483 2.7
      vertex -25.8086 -15.5592 3.3
      vertex -25.8086 -15.5592 2.7
    endloop
  endfacet
  facet normal 0.904221 0.427064 0
    outer loop
      vertex -25.7583 -15.6657 3.3
      vertex -25.8086 -15.5592 2.7
      vertex -25.8086 -15.5592 3.3
    endloop
  endfacet
  facet normal 0.904221 0.427064 0
    outer loop
      vertex -25.8086 -15.5592 2.7
      vertex -25.7583 -15.6657 3.3
      vertex -25.7583 -15.6657 2.7
    endloop
  endfacet
  facet normal 0.857493 0.514496 0
    outer loop
      vertex -25.6977 -15.7667 3.3
      vertex -25.7583 -15.6657 2.7
      vertex -25.7583 -15.6657 3.3
    endloop
  endfacet
  facet normal 0.857493 0.514496 0
    outer loop
      vertex -25.7583 -15.6657 2.7
      vertex -25.6977 -15.7667 3.3
      vertex -25.6977 -15.7667 2.7
    endloop
  endfacet
  facet normal 0.803452 0.59537 0
    outer loop
      vertex -25.6276 -15.8613 3.3
      vertex -25.6977 -15.7667 2.7
      vertex -25.6977 -15.7667 3.3
    endloop
  endfacet
  facet normal 0.803452 0.59537 0
    outer loop
      vertex -25.6977 -15.7667 2.7
      vertex -25.6276 -15.8613 3.3
      vertex -25.6276 -15.8613 2.7
    endloop
  endfacet
  facet normal 0.74067 0.671869 0
    outer loop
      vertex -25.5485 -15.9485 3.3
      vertex -25.6276 -15.8613 2.7
      vertex -25.6276 -15.8613 3.3
    endloop
  endfacet
  facet normal 0.74067 0.671869 0
    outer loop
      vertex -25.6276 -15.8613 2.7
      vertex -25.5485 -15.9485 3.3
      vertex -25.5485 -15.9485 2.7
    endloop
  endfacet
  facet normal 0.671869 0.74067 -0
    outer loop
      vertex -25.4613 -16.0276 2.7
      vertex -25.5485 -15.9485 3.3
      vertex -25.4613 -16.0276 3.3
    endloop
  endfacet
  facet normal 0.671869 0.74067 0
    outer loop
      vertex -25.5485 -15.9485 3.3
      vertex -25.4613 -16.0276 2.7
      vertex -25.5485 -15.9485 2.7
    endloop
  endfacet
  facet normal 0.59537 0.803452 -0
    outer loop
      vertex -25.3667 -16.0977 2.7
      vertex -25.4613 -16.0276 3.3
      vertex -25.3667 -16.0977 3.3
    endloop
  endfacet
  facet normal 0.59537 0.803452 0
    outer loop
      vertex -25.4613 -16.0276 3.3
      vertex -25.3667 -16.0977 2.7
      vertex -25.4613 -16.0276 2.7
    endloop
  endfacet
  facet normal 0.514496 0.857493 -0
    outer loop
      vertex -25.2657 -16.1583 2.7
      vertex -25.3667 -16.0977 3.3
      vertex -25.2657 -16.1583 3.3
    endloop
  endfacet
  facet normal 0.514496 0.857493 0
    outer loop
      vertex -25.3667 -16.0977 3.3
      vertex -25.2657 -16.1583 2.7
      vertex -25.3667 -16.0977 2.7
    endloop
  endfacet
  facet normal 0.427064 0.904221 -0
    outer loop
      vertex -25.1592 -16.2086 2.7
      vertex -25.2657 -16.1583 3.3
      vertex -25.1592 -16.2086 3.3
    endloop
  endfacet
  facet normal 0.427064 0.904221 0
    outer loop
      vertex -25.2657 -16.1583 3.3
      vertex -25.1592 -16.2086 2.7
      vertex -25.2657 -16.1583 2.7
    endloop
  endfacet
  facet normal 0.337035 0.941492 -0
    outer loop
      vertex -25.0483 -16.2483 2.7
      vertex -25.1592 -16.2086 3.3
      vertex -25.0483 -16.2483 3.3
    endloop
  endfacet
  facet normal 0.337035 0.941492 0
    outer loop
      vertex -25.1592 -16.2086 3.3
      vertex -25.0483 -16.2483 2.7
      vertex -25.1592 -16.2086 2.7
    endloop
  endfacet
  facet normal 0.242935 0.970042 -0
    outer loop
      vertex -24.9341 -16.2769 2.7
      vertex -25.0483 -16.2483 3.3
      vertex -24.9341 -16.2769 3.3
    endloop
  endfacet
  facet normal 0.242935 0.970042 0
    outer loop
      vertex -25.0483 -16.2483 3.3
      vertex -24.9341 -16.2769 2.7
      vertex -25.0483 -16.2483 2.7
    endloop
  endfacet
  facet normal 0.146887 0.989153 -0
    outer loop
      vertex -24.8176 -16.2942 2.7
      vertex -24.9341 -16.2769 3.3
      vertex -24.8176 -16.2942 3.3
    endloop
  endfacet
  facet normal 0.146887 0.989153 0
    outer loop
      vertex -24.9341 -16.2769 3.3
      vertex -24.8176 -16.2942 2.7
      vertex -24.9341 -16.2769 2.7
    endloop
  endfacet
  facet normal 0.0492599 0.998786 -0
    outer loop
      vertex -24.7 -16.3 2.7
      vertex -24.8176 -16.2942 3.3
      vertex -24.7 -16.3 3.3
    endloop
  endfacet
  facet normal 0.0492599 0.998786 0
    outer loop
      vertex -24.8176 -16.2942 3.3
      vertex -24.7 -16.3 2.7
      vertex -24.8176 -16.2942 2.7
    endloop
  endfacet
  facet normal 0 1 -0
    outer loop
      vertex -10.9 -16.3 2.7
      vertex -24.7 -16.3 3.3
      vertex -10.9 -16.3 3.3
    endloop
  endfacet
  facet normal 0 1 0
    outer loop
      vertex -24.7 -16.3 3.3
      vertex -10.9 -16.3 2.7
      vertex -24.7 -16.3 2.7
    endloop
  endfacet
  facet normal -0.0492599 0.998786 0
    outer loop
      vertex -10.7824 -16.2942 2.7
      vertex -10.9 -16.3 3.3
      vertex -10.7824 -16.2942 3.3
    endloop
  endfacet
  facet normal -0.0492599 0.998786 0
    outer loop
      vertex -10.9 -16.3 3.3
      vertex -10.7824 -16.2942 2.7
      vertex -10.9 -16.3 2.7
    endloop
  endfacet
  facet normal -0.146887 0.989153 0
    outer loop
      vertex 7.13411 -16.2769 2.7
      vertex 7.01761 -16.2942 3.3
      vertex 7.13411 -16.2769 3.3
    endloop
  endfacet
  facet normal -0.146887 0.989153 0
    outer loop
      vertex 7.01761 -16.2942 3.3
      vertex 7.13411 -16.2769 2.7
      vertex 7.01761 -16.2942 2.7
    endloop
  endfacet
  facet normal -0.242875 0.970058 0
    outer loop
      vertex 7.24834 -16.2483 2.7
      vertex 7.13411 -16.2769 3.3
      vertex 7.24834 -16.2483 3.3
    endloop
  endfacet
  facet normal -0.242875 0.970058 0
    outer loop
      vertex 7.13411 -16.2769 3.3
      vertex 7.24834 -16.2483 2.7
      vertex 7.13411 -16.2769 2.7
    endloop
  endfacet
  facet normal -0.337116 0.941463 0
    outer loop
      vertex 7.35921 -16.2086 2.7
      vertex 7.24834 -16.2483 3.3
      vertex 7.35921 -16.2086 3.3
    endloop
  endfacet
  facet normal -0.337116 0.941463 0
    outer loop
      vertex 7.24834 -16.2483 3.3
      vertex 7.35921 -16.2086 2.7
      vertex 7.24834 -16.2483 2.7
    endloop
  endfacet
  facet normal -0.427195 0.904159 0
    outer loop
      vertex 7.46567 -16.1583 2.7
      vertex 7.35921 -16.2086 3.3
      vertex 7.46567 -16.1583 3.3
    endloop
  endfacet
  facet normal -0.427195 0.904159 0
    outer loop
      vertex 7.35921 -16.2086 3.3
      vertex 7.46567 -16.1583 2.7
      vertex 7.35921 -16.2086 2.7
    endloop
  endfacet
  facet normal -0.514458 0.857515 0
    outer loop
      vertex 7.56668 -16.0977 2.7
      vertex 7.46567 -16.1583 3.3
      vertex 7.56668 -16.0977 3.3
    endloop
  endfacet
  facet normal -0.514458 0.857515 0
    outer loop
      vertex 7.46567 -16.1583 3.3
      vertex 7.56668 -16.0977 2.7
      vertex 7.46567 -16.1583 2.7
    endloop
  endfacet
  facet normal -0.59541 0.803422 0
    outer loop
      vertex 7.66127 -16.0276 2.7
      vertex 7.56668 -16.0977 3.3
      vertex 7.66127 -16.0276 3.3
    endloop
  endfacet
  facet normal -0.59541 0.803422 0
    outer loop
      vertex 7.56668 -16.0977 3.3
      vertex 7.66127 -16.0276 2.7
      vertex 7.56668 -16.0977 2.7
    endloop
  endfacet
  facet normal -0.671658 0.740862 0
    outer loop
      vertex 7.74852 -15.9485 2.7
      vertex 7.66127 -16.0276 3.3
      vertex 7.74852 -15.9485 3.3
    endloop
  endfacet
  facet normal -0.671658 0.740862 0
    outer loop
      vertex 7.66127 -16.0276 3.3
      vertex 7.74852 -15.9485 2.7
      vertex 7.66127 -16.0276 2.7
    endloop
  endfacet
  facet normal -0.740712 0.671823 0
    outer loop
      vertex 7.74852 -15.9485 2.7
      vertex 7.82761 -15.8613 3.3
      vertex 7.82761 -15.8613 2.7
    endloop
  endfacet
  facet normal -0.740712 0.671823 0
    outer loop
      vertex 7.82761 -15.8613 3.3
      vertex 7.74852 -15.9485 2.7
      vertex 7.74852 -15.9485 3.3
    endloop
  endfacet
  facet normal -0.803289 0.595589 0
    outer loop
      vertex 7.82761 -15.8613 2.7
      vertex 7.89775 -15.7667 3.3
      vertex 7.89775 -15.7667 2.7
    endloop
  endfacet
  facet normal -0.803289 0.595589 0
    outer loop
      vertex 7.89775 -15.7667 3.3
      vertex 7.82761 -15.8613 2.7
      vertex 7.82761 -15.8613 3.3
    endloop
  endfacet
  facet normal -0.85768 0.514184 0
    outer loop
      vertex 7.89775 -15.7667 2.7
      vertex 7.9583 -15.6657 3.3
      vertex 7.9583 -15.6657 2.7
    endloop
  endfacet
  facet normal -0.85768 0.514184 0
    outer loop
      vertex 7.9583 -15.6657 3.3
      vertex 7.89775 -15.7667 2.7
      vertex 7.89775 -15.7667 3.3
    endloop
  endfacet
  facet normal -0.904057 0.427411 0
    outer loop
      vertex 7.9583 -15.6657 2.7
      vertex 8.00865 -15.5592 3.3
      vertex 8.00865 -15.5592 2.7
    endloop
  endfacet
  facet normal -0.904057 0.427411 0
    outer loop
      vertex 8.00865 -15.5592 3.3
      vertex 7.9583 -15.6657 2.7
      vertex 7.9583 -15.6657 3.3
    endloop
  endfacet
  facet normal -0.941573 0.33681 0
    outer loop
      vertex 8.00865 -15.5592 2.7
      vertex 8.04832 -15.4483 3.3
      vertex 8.04832 -15.4483 2.7
    endloop
  endfacet
  facet normal -0.941573 0.33681 0
    outer loop
      vertex 8.04832 -15.4483 3.3
      vertex 8.00865 -15.5592 2.7
      vertex 8.00865 -15.5592 3.3
    endloop
  endfacet
  facet normal -0.970022 0.243015 0
    outer loop
      vertex 8.04832 -15.4483 2.7
      vertex 8.07693 -15.3341 3.3
      vertex 8.07693 -15.3341 2.7
    endloop
  endfacet
  facet normal -0.970022 0.243015 0
    outer loop
      vertex 8.07693 -15.3341 3.3
      vertex 8.04832 -15.4483 2.7
      vertex 8.04832 -15.4483 3.3
    endloop
  endfacet
  facet normal -0.989166 0.146804 0
    outer loop
      vertex 8.07693 -15.3341 2.7
      vertex 8.09422 -15.2176 3.3
      vertex 8.09422 -15.2176 2.7
    endloop
  endfacet
  facet normal -0.989166 0.146804 0
    outer loop
      vertex 8.09422 -15.2176 3.3
      vertex 8.07693 -15.3341 2.7
      vertex 8.07693 -15.3341 3.3
    endloop
  endfacet
  facet normal -0.998799 0.0490057 0
    outer loop
      vertex 8.09422 -15.2176 2.7
      vertex 8.09999 -15.1 3.3
      vertex 8.09999 -15.1 2.7
    endloop
  endfacet
  facet normal -0.998799 0.0490057 0
    outer loop
      vertex 8.09999 -15.1 3.3
      vertex 8.09422 -15.2176 2.7
      vertex 8.09422 -15.2176 3.3
    endloop
  endfacet
  facet normal -1 0 0
    outer loop
      vertex 8.09999 -15.1 2.7
      vertex 8.09999 -5.3 3.3
      vertex 8.09999 -5.3 2.7
    endloop
  endfacet
  facet normal -1 -0 0
    outer loop
      vertex 8.09999 -5.3 3.3
      vertex 8.09999 -15.1 2.7
      vertex 8.09999 -15.1 3.3
    endloop
  endfacet
  facet normal -0.998799 -0.0490015 0
    outer loop
      vertex 8.09999 -5.3 2.7
      vertex 8.09422 -5.18239 3.3
      vertex 8.09422 -5.18239 2.7
    endloop
  endfacet
  facet normal -0.998799 -0.0490015 0
    outer loop
      vertex 8.09422 -5.18239 3.3
      vertex 8.09999 -5.3 2.7
      vertex 8.09999 -5.3 3.3
    endloop
  endfacet
  facet normal -0.989166 -0.146804 0
    outer loop
      vertex 8.09422 -5.18239 2.7
      vertex 8.07693 -5.06589 3.3
      vertex 8.07693 -5.06589 2.7
    endloop
  endfacet
  facet normal -0.989166 -0.146804 0
    outer loop
      vertex 8.07693 -5.06589 3.3
      vertex 8.09422 -5.18239 2.7
      vertex 8.09422 -5.18239 3.3
    endloop
  endfacet
  facet normal -0.970038 -0.242955 0
    outer loop
      vertex 8.07693 -5.06589 2.7
      vertex 8.04832 -4.95166 3.3
      vertex 8.04832 -4.95166 2.7
    endloop
  endfacet
  facet normal -0.970038 -0.242955 0
    outer loop
      vertex 8.04832 -4.95166 3.3
      vertex 8.07693 -5.06589 2.7
      vertex 8.07693 -5.06589 3.3
    endloop
  endfacet
  facet normal -0.941544 -0.33689 0
    outer loop
      vertex 8.04832 -4.95166 2.7
      vertex 8.00865 -4.84079 3.3
      vertex 8.00865 -4.84079 2.7
    endloop
  endfacet
  facet normal -0.941544 -0.33689 0
    outer loop
      vertex 8.00865 -4.84079 3.3
      vertex 8.04832 -4.95166 2.7
      vertex 8.04832 -4.95166 3.3
    endloop
  endfacet
  facet normal -0.903995 -0.427542 0
    outer loop
      vertex 8.00865 -4.84079 2.7
      vertex 7.9583 -4.73433 3.3
      vertex 7.9583 -4.73433 2.7
    endloop
  endfacet
  facet normal -0.903995 -0.427542 0
    outer loop
      vertex 7.9583 -4.73433 3.3
      vertex 8.00865 -4.84079 2.7
      vertex 8.00865 -4.84079 3.3
    endloop
  endfacet
  facet normal -0.857703 -0.514146 0
    outer loop
      vertex 7.9583 -4.73433 2.7
      vertex 7.89775 -4.63332 3.3
      vertex 7.89775 -4.63332 2.7
    endloop
  endfacet
  facet normal -0.857703 -0.514146 0
    outer loop
      vertex 7.89775 -4.63332 3.3
      vertex 7.9583 -4.73433 2.7
      vertex 7.9583 -4.73433 3.3
    endloop
  endfacet
  facet normal -0.803259 -0.59563 0
    outer loop
      vertex 7.89775 -4.63332 2.7
      vertex 7.82761 -4.53873 3.3
      vertex 7.82761 -4.53873 2.7
    endloop
  endfacet
  facet normal -0.803259 -0.59563 0
    outer loop
      vertex 7.82761 -4.53873 3.3
      vertex 7.89775 -4.63332 2.7
      vertex 7.89775 -4.63332 3.3
    endloop
  endfacet
  facet normal -0.740904 -0.671611 0
    outer loop
      vertex 7.82761 -4.53873 2.7
      vertex 7.74852 -4.45148 3.3
      vertex 7.74852 -4.45148 2.7
    endloop
  endfacet
  facet normal -0.740904 -0.671611 0
    outer loop
      vertex 7.74852 -4.45148 3.3
      vertex 7.82761 -4.53873 2.7
      vertex 7.82761 -4.53873 3.3
    endloop
  endfacet
  facet normal -0.671611 -0.740904 0
    outer loop
      vertex 7.66127 -4.37239 2.7
      vertex 7.74852 -4.45148 3.3
      vertex 7.66127 -4.37239 3.3
    endloop
  endfacet
  facet normal -0.671611 -0.740904 -0
    outer loop
      vertex 7.74852 -4.45148 3.3
      vertex 7.66127 -4.37239 2.7
      vertex 7.74852 -4.45148 2.7
    endloop
  endfacet
  facet normal -0.59563 -0.803259 0
    outer loop
      vertex 7.56668 -4.30225 2.7
      vertex 7.66127 -4.37239 3.3
      vertex 7.56668 -4.30225 3.3
    endloop
  endfacet
  facet normal -0.59563 -0.803259 -0
    outer loop
      vertex 7.66127 -4.37239 3.3
      vertex 7.56668 -4.30225 2.7
      vertex 7.66127 -4.37239 2.7
    endloop
  endfacet
  facet normal -0.514146 -0.857703 0
    outer loop
      vertex 7.46567 -4.2417 2.7
      vertex 7.56668 -4.30225 3.3
      vertex 7.46567 -4.2417 3.3
    endloop
  endfacet
  facet normal -0.514146 -0.857703 -0
    outer loop
      vertex 7.56668 -4.30225 3.3
      vertex 7.46567 -4.2417 2.7
      vertex 7.56668 -4.30225 2.7
    endloop
  endfacet
  facet normal -0.427542 -0.903995 0
    outer loop
      vertex 7.35921 -4.19135 2.7
      vertex 7.46567 -4.2417 3.3
      vertex 7.35921 -4.19135 3.3
    endloop
  endfacet
  facet normal -0.427542 -0.903995 -0
    outer loop
      vertex 7.46567 -4.2417 3.3
      vertex 7.35921 -4.19135 2.7
      vertex 7.46567 -4.2417 2.7
    endloop
  endfacet
  facet normal -0.336966 -0.941517 0
    outer loop
      vertex 7.24834 -4.15167 2.7
      vertex 7.35921 -4.19135 3.3
      vertex 7.24834 -4.15167 3.3
    endloop
  endfacet
  facet normal -0.336966 -0.941517 -0
    outer loop
      vertex 7.35921 -4.19135 3.3
      vertex 7.24834 -4.15167 2.7
      vertex 7.35921 -4.19135 2.7
    endloop
  endfacet
  facet normal -0.242955 -0.970038 0
    outer loop
      vertex 7.13411 -4.12306 2.7
      vertex 7.24834 -4.15167 3.3
      vertex 7.13411 -4.12306 3.3
    endloop
  endfacet
  facet normal -0.242955 -0.970038 -0
    outer loop
      vertex 7.24834 -4.15167 3.3
      vertex 7.13411 -4.12306 2.7
      vertex 7.24834 -4.15167 2.7
    endloop
  endfacet
  facet normal -0.146804 -0.989166 0
    outer loop
      vertex 7.01761 -4.10577 2.7
      vertex 7.13411 -4.12306 3.3
      vertex 7.01761 -4.10577 3.3
    endloop
  endfacet
  facet normal -0.146804 -0.989166 -0
    outer loop
      vertex 7.13411 -4.12306 3.3
      vertex 7.01761 -4.10577 2.7
      vertex 7.13411 -4.12306 2.7
    endloop
  endfacet
  facet normal -0.0489126 -0.998803 0
    outer loop
      vertex 6.89999 -4.10001 2.7
      vertex 7.01761 -4.10577 3.3
      vertex 6.89999 -4.10001 3.3
    endloop
  endfacet
  facet normal -0.0489126 -0.998803 -0
    outer loop
      vertex 7.01761 -4.10577 3.3
      vertex 6.89999 -4.10001 2.7
      vertex 7.01761 -4.10577 2.7
    endloop
  endfacet
  facet normal 0 -1 0
    outer loop
      vertex -6.89998 -4.10001 2.7
      vertex 6.89999 -4.10001 3.3
      vertex -6.89998 -4.10001 3.3
    endloop
  endfacet
  facet normal 0 -1 -0
    outer loop
      vertex 6.89999 -4.10001 3.3
      vertex -6.89998 -4.10001 2.7
      vertex 6.89999 -4.10001 2.7
    endloop
  endfacet
  facet normal 0.0489168 -0.998803 0
    outer loop
      vertex -7.01759 -4.10577 2.7
      vertex -6.89998 -4.10001 3.3
      vertex -7.01759 -4.10577 3.3
    endloop
  endfacet
  facet normal 0.0489168 -0.998803 0
    outer loop
      vertex -6.89998 -4.10001 3.3
      vertex -7.01759 -4.10577 2.7
      vertex -6.89998 -4.10001 2.7
    endloop
  endfacet
  facet normal 0.146804 -0.989166 0
    outer loop
      vertex -7.13409 -4.12306 2.7
      vertex -7.01759 -4.10577 3.3
      vertex -7.13409 -4.12306 3.3
    endloop
  endfacet
  facet normal 0.146804 -0.989166 0
    outer loop
      vertex -7.01759 -4.10577 3.3
      vertex -7.13409 -4.12306 2.7
      vertex -7.01759 -4.10577 2.7
    endloop
  endfacet
  facet normal 0.242955 -0.970038 0
    outer loop
      vertex -7.24832 -4.15167 2.7
      vertex -7.13409 -4.12306 3.3
      vertex -7.24832 -4.15167 3.3
    endloop
  endfacet
  facet normal 0.242955 -0.970038 0
    outer loop
      vertex -7.13409 -4.12306 3.3
      vertex -7.24832 -4.15167 2.7
      vertex -7.13409 -4.12306 2.7
    endloop
  endfacet
  facet normal 0.336966 -0.941517 0
    outer loop
      vertex -7.35919 -4.19135 2.7
      vertex -7.24832 -4.15167 3.3
      vertex -7.35919 -4.19135 3.3
    endloop
  endfacet
  facet normal 0.336966 -0.941517 0
    outer loop
      vertex -7.24832 -4.15167 3.3
      vertex -7.35919 -4.19135 2.7
      vertex -7.24832 -4.15167 2.7
    endloop
  endfacet
  facet normal 0.427542 -0.903995 0
    outer loop
      vertex -7.46565 -4.2417 2.7
      vertex -7.35919 -4.19135 3.3
      vertex -7.46565 -4.2417 3.3
    endloop
  endfacet
  facet normal 0.427542 -0.903995 0
    outer loop
      vertex -7.35919 -4.19135 3.3
      vertex -7.46565 -4.2417 2.7
      vertex -7.35919 -4.19135 2.7
    endloop
  endfacet
  facet normal 0.514109 -0.857725 0
    outer loop
      vertex -7.56667 -4.30225 2.7
      vertex -7.46565 -4.2417 3.3
      vertex -7.56667 -4.30225 3.3
    endloop
  endfacet
  facet normal 0.514109 -0.857725 0
    outer loop
      vertex -7.46565 -4.2417 3.3
      vertex -7.56667 -4.30225 2.7
      vertex -7.46565 -4.2417 2.7
    endloop
  endfacet
  facet normal 0.59567 -0.803229 0
    outer loop
      vertex -7.66125 -4.37239 2.7
      vertex -7.56667 -4.30225 3.3
      vertex -7.66125 -4.37239 3.3
    endloop
  endfacet
  facet normal 0.59567 -0.803229 0
    outer loop
      vertex -7.56667 -4.30225 3.3
      vertex -7.66125 -4.37239 2.7
      vertex -7.56667 -4.30225 2.7
    endloop
  endfacet
  facet normal 0.671611 -0.740904 0
    outer loop
      vertex -7.7485 -4.45148 2.7
      vertex -7.66125 -4.37239 3.3
      vertex -7.7485 -4.45148 3.3
    endloop
  endfacet
  facet normal 0.671611 -0.740904 0
    outer loop
      vertex -7.66125 -4.37239 3.3
      vertex -7.7485 -4.45148 2.7
      vertex -7.66125 -4.37239 2.7
    endloop
  endfacet
  facet normal 0.740904 -0.671611 0
    outer loop
      vertex -7.82759 -4.53873 3.3
      vertex -7.7485 -4.45148 2.7
      vertex -7.7485 -4.45148 3.3
    endloop
  endfacet
  facet normal 0.740904 -0.671611 0
    outer loop
      vertex -7.7485 -4.45148 2.7
      vertex -7.82759 -4.53873 3.3
      vertex -7.82759 -4.53873 2.7
    endloop
  endfacet
  facet normal 0.803219 -0.595684 0
    outer loop
      vertex -7.89774 -4.63332 3.3
      vertex -7.82759 -4.53873 2.7
      vertex -7.82759 -4.53873 3.3
    endloop
  endfacet
  facet normal 0.803219 -0.595684 0
    outer loop
      vertex -7.82759 -4.53873 2.7
      vertex -7.89774 -4.63332 3.3
      vertex -7.89774 -4.63332 2.7
    endloop
  endfacet
  facet normal 0.85774 -0.514084 0
    outer loop
      vertex -7.95828 -4.73433 3.3
      vertex -7.89774 -4.63332 2.7
      vertex -7.89774 -4.63332 3.3
    endloop
  endfacet
  facet normal 0.85774 -0.514084 0
    outer loop
      vertex -7.89774 -4.63332 2.7
      vertex -7.95828 -4.73433 3.3
      vertex -7.95828 -4.73433 2.7
    endloop
  endfacet
  facet normal 0.903962 -0.427612 0
    outer loop
      vertex -8.00864 -4.84079 3.3
      vertex -7.95828 -4.73433 2.7
      vertex -7.95828 -4.73433 3.3
    endloop
  endfacet
  facet normal 0.903962 -0.427612 0
    outer loop
      vertex -7.95828 -4.73433 2.7
      vertex -8.00864 -4.84079 3.3
      vertex -8.00864 -4.84079 2.7
    endloop
  endfacet
  facet normal 0.941544 -0.33689 0
    outer loop
      vertex -8.04831 -4.95166 3.3
      vertex -8.00864 -4.84079 2.7
      vertex -8.00864 -4.84079 3.3
    endloop
  endfacet
  facet normal 0.941544 -0.33689 0
    outer loop
      vertex -8.00864 -4.84079 2.7
      vertex -8.04831 -4.95166 3.3
      vertex -8.04831 -4.95166 2.7
    endloop
  endfacet
  facet normal 0.970038 -0.242955 0
    outer loop
      vertex -8.07692 -5.06589 3.3
      vertex -8.04831 -4.95166 2.7
      vertex -8.04831 -4.95166 3.3
    endloop
  endfacet
  facet normal 0.970038 -0.242955 0
    outer loop
      vertex -8.04831 -4.95166 2.7
      vertex -8.07692 -5.06589 3.3
      vertex -8.07692 -5.06589 2.7
    endloop
  endfacet
  facet normal 0.989166 -0.146804 0
    outer loop
      vertex -8.09421 -5.18239 3.3
      vertex -8.07692 -5.06589 2.7
      vertex -8.07692 -5.06589 3.3
    endloop
  endfacet
  facet normal 0.989166 -0.146804 0
    outer loop
      vertex -8.07692 -5.06589 2.7
      vertex -8.09421 -5.18239 3.3
      vertex -8.09421 -5.18239 2.7
    endloop
  endfacet
  facet normal 0.998799 -0.0490015 0
    outer loop
      vertex -8.09998 -5.3 3.3
      vertex -8.09421 -5.18239 2.7
      vertex -8.09421 -5.18239 3.3
    endloop
  endfacet
  facet normal 0.998799 -0.0490015 0
    outer loop
      vertex -8.09421 -5.18239 2.7
      vertex -8.09998 -5.3 3.3
      vertex -8.09998 -5.3 2.7
    endloop
  endfacet
  facet normal 1 -0 0
    outer loop
      vertex -8.09998 -15.1 3.3
      vertex -8.09998 -5.3 2.7
      vertex -8.09998 -5.3 3.3
    endloop
  endfacet
  facet normal 1 0 0
    outer loop
      vertex -8.09998 -5.3 2.7
      vertex -8.09998 -15.1 3.3
      vertex -8.09998 -15.1 2.7
    endloop
  endfacet
  facet normal 0.998799 0.0490057 0
    outer loop
      vertex -8.09421 -15.2176 3.3
      vertex -8.09998 -15.1 2.7
      vertex -8.09998 -15.1 3.3
    endloop
  endfacet
  facet normal 0.998799 0.0490057 0
    outer loop
      vertex -8.09998 -15.1 2.7
      vertex -8.09421 -15.2176 3.3
      vertex -8.09421 -15.2176 2.7
    endloop
  endfacet
  facet normal 0.989166 0.146804 0
    outer loop
      vertex -8.07692 -15.3341 3.3
      vertex -8.09421 -15.2176 2.7
      vertex -8.09421 -15.2176 3.3
    endloop
  endfacet
  facet normal 0.989166 0.146804 0
    outer loop
      vertex -8.09421 -15.2176 2.7
      vertex -8.07692 -15.3341 3.3
      vertex -8.07692 -15.3341 2.7
    endloop
  endfacet
  facet normal 0.970022 0.243015 0
    outer loop
      vertex -8.04831 -15.4483 3.3
      vertex -8.07692 -15.3341 2.7
      vertex -8.07692 -15.3341 3.3
    endloop
  endfacet
  facet normal 0.970022 0.243015 0
    outer loop
      vertex -8.07692 -15.3341 2.7
      vertex -8.04831 -15.4483 3.3
      vertex -8.04831 -15.4483 2.7
    endloop
  endfacet
  facet normal 0.941573 0.33681 0
    outer loop
      vertex -8.00864 -15.5592 3.3
      vertex -8.04831 -15.4483 2.7
      vertex -8.04831 -15.4483 3.3
    endloop
  endfacet
  facet normal 0.941573 0.33681 0
    outer loop
      vertex -8.04831 -15.4483 2.7
      vertex -8.00864 -15.5592 3.3
      vertex -8.00864 -15.5592 2.7
    endloop
  endfacet
  facet normal 0.904025 0.427481 0
    outer loop
      vertex -7.95828 -15.6657 3.3
      vertex -8.00864 -15.5592 2.7
      vertex -8.00864 -15.5592 3.3
    endloop
  endfacet
  facet normal 0.904025 0.427481 0
    outer loop
      vertex -8.00864 -15.5592 2.7
      vertex -7.95828 -15.6657 3.3
      vertex -7.95828 -15.6657 2.7
    endloop
  endfacet
  facet normal 0.857718 0.514121 0
    outer loop
      vertex -7.89774 -15.7667 3.3
      vertex -7.95828 -15.6657 2.7
      vertex -7.95828 -15.6657 3.3
    endloop
  endfacet
  facet normal 0.857718 0.514121 0
    outer loop
      vertex -7.95828 -15.6657 2.7
      vertex -7.89774 -15.7667 3.3
      vertex -7.89774 -15.7667 2.7
    endloop
  endfacet
  facet normal 0.803249 0.595644 0
    outer loop
      vertex -7.82759 -15.8613 3.3
      vertex -7.89774 -15.7667 2.7
      vertex -7.89774 -15.7667 3.3
    endloop
  endfacet
  facet normal 0.803249 0.595644 0
    outer loop
      vertex -7.89774 -15.7667 2.7
      vertex -7.82759 -15.8613 3.3
      vertex -7.82759 -15.8613 2.7
    endloop
  endfacet
  facet normal 0.740712 0.671823 0
    outer loop
      vertex -7.7485 -15.9485 3.3
      vertex -7.82759 -15.8613 2.7
      vertex -7.82759 -15.8613 3.3
    endloop
  endfacet
  facet normal 0.740712 0.671823 0
    outer loop
      vertex -7.82759 -15.8613 2.7
      vertex -7.7485 -15.9485 3.3
      vertex -7.7485 -15.9485 2.7
    endloop
  endfacet
  facet normal 0.671658 0.740862 -0
    outer loop
      vertex -7.66125 -16.0276 2.7
      vertex -7.7485 -15.9485 3.3
      vertex -7.66125 -16.0276 3.3
    endloop
  endfacet
  facet normal 0.671658 0.740862 0
    outer loop
      vertex -7.7485 -15.9485 3.3
      vertex -7.66125 -16.0276 2.7
      vertex -7.7485 -15.9485 2.7
    endloop
  endfacet
  facet normal 0.595451 0.803392 -0
    outer loop
      vertex -7.56667 -16.0977 2.7
      vertex -7.66125 -16.0276 3.3
      vertex -7.56667 -16.0977 3.3
    endloop
  endfacet
  facet normal 0.595451 0.803392 0
    outer loop
      vertex -7.66125 -16.0276 3.3
      vertex -7.56667 -16.0977 2.7
      vertex -7.66125 -16.0276 2.7
    endloop
  endfacet
  facet normal 0.514421 0.857538 -0
    outer loop
      vertex -7.46565 -16.1583 2.7
      vertex -7.56667 -16.0977 3.3
      vertex -7.46565 -16.1583 3.3
    endloop
  endfacet
  facet normal 0.514421 0.857538 0
    outer loop
      vertex -7.56667 -16.0977 3.3
      vertex -7.46565 -16.1583 2.7
      vertex -7.56667 -16.0977 2.7
    endloop
  endfacet
  facet normal 0.427195 0.904159 -0
    outer loop
      vertex -7.35919 -16.2086 2.7
      vertex -7.46565 -16.1583 3.3
      vertex -7.35919 -16.2086 3.3
    endloop
  endfacet
  facet normal 0.427195 0.904159 0
    outer loop
      vertex -7.46565 -16.1583 3.3
      vertex -7.35919 -16.2086 2.7
      vertex -7.46565 -16.1583 2.7
    endloop
  endfacet
  facet normal 0.337116 0.941463 -0
    outer loop
      vertex -7.24832 -16.2483 2.7
      vertex -7.35919 -16.2086 3.3
      vertex -7.24832 -16.2483 3.3
    endloop
  endfacet
  facet normal 0.337116 0.941463 0
    outer loop
      vertex -7.35919 -16.2086 3.3
      vertex -7.24832 -16.2483 2.7
      vertex -7.35919 -16.2086 2.7
    endloop
  endfacet
  facet normal 0.242875 0.970058 -0
    outer loop
      vertex -7.13409 -16.2769 2.7
      vertex -7.24832 -16.2483 3.3
      vertex -7.13409 -16.2769 3.3
    endloop
  endfacet
  facet normal 0.242875 0.970058 0
    outer loop
      vertex -7.24832 -16.2483 3.3
      vertex -7.13409 -16.2769 2.7
      vertex -7.24832 -16.2483 2.7
    endloop
  endfacet
  facet normal 0.146887 0.989153 -0
    outer loop
      vertex -7.01759 -16.2942 2.7
      vertex -7.13409 -16.2769 3.3
      vertex -7.01759 -16.2942 3.3
    endloop
  endfacet
  facet normal 0.146887 0.989153 0
    outer loop
      vertex -7.13409 -16.2769 3.3
      vertex -7.01759 -16.2942 2.7
      vertex -7.13409 -16.2769 2.7
    endloop
  endfacet
  facet normal 0.0492557 0.998786 -0
    outer loop
      vertex -6.89998 -16.3 2.7
      vertex -7.01759 -16.2942 3.3
      vertex -6.89998 -16.3 3.3
    endloop
  endfacet
  facet normal 0.0492557 0.998786 0
    outer loop
      vertex -7.01759 -16.2942 3.3
      vertex -6.89998 -16.3 2.7
      vertex -7.01759 -16.2942 2.7
    endloop
  endfacet
  facet normal 0 1 -0
    outer loop
      vertex 6.89999 -16.3 2.7
      vertex -6.89998 -16.3 3.3
      vertex 6.89999 -16.3 3.3
    endloop
  endfacet
  facet normal 0 1 0
    outer loop
      vertex -6.89998 -16.3 3.3
      vertex 6.89999 -16.3 2.7
      vertex -6.89998 -16.3 2.7
    endloop
  endfacet
  facet normal -0.0492515 0.998786 0
    outer loop
      vertex 7.01761 -16.2942 2.7
      vertex 6.89999 -16.3 3.3
      vertex 7.01761 -16.2942 3.3
    endloop
  endfacet
  facet normal -0.0492515 0.998786 0
    outer loop
      vertex 6.89999 -16.3 3.3
      vertex 7.01761 -16.2942 2.7
      vertex 6.89999 -16.3 2.7
    endloop
  endfacet
  facet normal -0.146887 0.989153 0
    outer loop
      vertex 24.9341 -16.2769 2.7
      vertex 24.8176 -16.2942 3.3
      vertex 24.9341 -16.2769 3.3
    endloop
  endfacet
  facet normal -0.146887 0.989153 0
    outer loop
      vertex 24.8176 -16.2942 3.3
      vertex 24.9341 -16.2769 2.7
      vertex 24.8176 -16.2942 2.7
    endloop
  endfacet
  facet normal -0.242935 0.970042 0
    outer loop
      vertex 25.0483 -16.2483 2.7
      vertex 24.9341 -16.2769 3.3
      vertex 25.0483 -16.2483 3.3
    endloop
  endfacet
  facet normal -0.242935 0.970042 0
    outer loop
      vertex 24.9341 -16.2769 3.3
      vertex 25.0483 -16.2483 2.7
      vertex 24.9341 -16.2769 2.7
    endloop
  endfacet
  facet normal -0.337035 0.941492 0
    outer loop
      vertex 25.1592 -16.2086 2.7
      vertex 25.0483 -16.2483 3.3
      vertex 25.1592 -16.2086 3.3
    endloop
  endfacet
  facet normal -0.337035 0.941492 0
    outer loop
      vertex 25.0483 -16.2483 3.3
      vertex 25.1592 -16.2086 2.7
      vertex 25.0483 -16.2483 2.7
    endloop
  endfacet
  facet normal -0.427064 0.904221 0
    outer loop
      vertex 25.2657 -16.1583 2.7
      vertex 25.1592 -16.2086 3.3
      vertex 25.2657 -16.1583 3.3
    endloop
  endfacet
  facet normal -0.427064 0.904221 0
    outer loop
      vertex 25.1592 -16.2086 3.3
      vertex 25.2657 -16.1583 2.7
      vertex 25.1592 -16.2086 2.7
    endloop
  endfacet
  facet normal -0.514496 0.857493 0
    outer loop
      vertex 25.3667 -16.0977 2.7
      vertex 25.2657 -16.1583 3.3
      vertex 25.3667 -16.0977 3.3
    endloop
  endfacet
  facet normal -0.514496 0.857493 0
    outer loop
      vertex 25.2657 -16.1583 3.3
      vertex 25.3667 -16.0977 2.7
      vertex 25.2657 -16.1583 2.7
    endloop
  endfacet
  facet normal -0.59537 0.803452 0
    outer loop
      vertex 25.4613 -16.0276 2.7
      vertex 25.3667 -16.0977 3.3
      vertex 25.4613 -16.0276 3.3
    endloop
  endfacet
  facet normal -0.59537 0.803452 0
    outer loop
      vertex 25.3667 -16.0977 3.3
      vertex 25.4613 -16.0276 2.7
      vertex 25.3667 -16.0977 2.7
    endloop
  endfacet
  facet normal -0.671869 0.74067 0
    outer loop
      vertex 25.5485 -15.9485 2.7
      vertex 25.4613 -16.0276 3.3
      vertex 25.5485 -15.9485 3.3
    endloop
  endfacet
  facet normal -0.671869 0.74067 0
    outer loop
      vertex 25.4613 -16.0276 3.3
      vertex 25.5485 -15.9485 2.7
      vertex 25.4613 -16.0276 2.7
    endloop
  endfacet
  facet normal -0.74067 0.671869 0
    outer loop
      vertex 25.5485 -15.9485 2.7
      vertex 25.6276 -15.8613 3.3
      vertex 25.6276 -15.8613 2.7
    endloop
  endfacet
  facet normal -0.74067 0.671869 0
    outer loop
      vertex 25.6276 -15.8613 3.3
      vertex 25.5485 -15.9485 2.7
      vertex 25.5485 -15.9485 3.3
    endloop
  endfacet
  facet normal -0.803452 0.59537 0
    outer loop
      vertex 25.6276 -15.8613 2.7
      vertex 25.6977 -15.7667 3.3
      vertex 25.6977 -15.7667 2.7
    endloop
  endfacet
  facet normal -0.803452 0.59537 0
    outer loop
      vertex 25.6977 -15.7667 3.3
      vertex 25.6276 -15.8613 2.7
      vertex 25.6276 -15.8613 3.3
    endloop
  endfacet
  facet normal -0.857493 0.514496 0
    outer loop
      vertex 25.6977 -15.7667 2.7
      vertex 25.7583 -15.6657 3.3
      vertex 25.7583 -15.6657 2.7
    endloop
  endfacet
  facet normal -0.857493 0.514496 0
    outer loop
      vertex 25.7583 -15.6657 3.3
      vertex 25.6977 -15.7667 2.7
      vertex 25.6977 -15.7667 3.3
    endloop
  endfacet
  facet normal -0.904221 0.427064 0
    outer loop
      vertex 25.7583 -15.6657 2.7
      vertex 25.8086 -15.5592 3.3
      vertex 25.8086 -15.5592 2.7
    endloop
  endfacet
  facet normal -0.904221 0.427064 0
    outer loop
      vertex 25.8086 -15.5592 3.3
      vertex 25.7583 -15.6657 2.7
      vertex 25.7583 -15.6657 3.3
    endloop
  endfacet
  facet normal -0.941492 0.337035 0
    outer loop
      vertex 25.8086 -15.5592 2.7
      vertex 25.8483 -15.4483 3.3
      vertex 25.8483 -15.4483 2.7
    endloop
  endfacet
  facet normal -0.941492 0.337035 0
    outer loop
      vertex 25.8483 -15.4483 3.3
      vertex 25.8086 -15.5592 2.7
      vertex 25.8086 -15.5592 3.3
    endloop
  endfacet
  facet normal -0.970042 0.242935 0
    outer loop
      vertex 25.8483 -15.4483 2.7
      vertex 25.8769 -15.3341 3.3
      vertex 25.8769 -15.3341 2.7
    endloop
  endfacet
  facet normal -0.970042 0.242935 0
    outer loop
      vertex 25.8769 -15.3341 3.3
      vertex 25.8483 -15.4483 2.7
      vertex 25.8483 -15.4483 3.3
    endloop
  endfacet
  facet normal -0.989153 0.146887 0
    outer loop
      vertex 25.8769 -15.3341 2.7
      vertex 25.8942 -15.2176 3.3
      vertex 25.8942 -15.2176 2.7
    endloop
  endfacet
  facet normal -0.989153 0.146887 0
    outer loop
      vertex 25.8942 -15.2176 3.3
      vertex 25.8769 -15.3341 2.7
      vertex 25.8769 -15.3341 3.3
    endloop
  endfacet
  facet normal -0.998786 0.0492599 0
    outer loop
      vertex 25.8942 -15.2176 2.7
      vertex 25.9 -15.1 3.3
      vertex 25.9 -15.1 2.7
    endloop
  endfacet
  facet normal -0.998786 0.0492599 0
    outer loop
      vertex 25.9 -15.1 3.3
      vertex 25.8942 -15.2176 2.7
      vertex 25.8942 -15.2176 3.3
    endloop
  endfacet
  facet normal -1 0 0
    outer loop
      vertex 25.9 -15.1 2.7
      vertex 25.9 -5.3 3.3
      vertex 25.9 -5.3 2.7
    endloop
  endfacet
  facet normal -1 -0 0
    outer loop
      vertex 25.9 -5.3 3.3
      vertex 25.9 -15.1 2.7
      vertex 25.9 -15.1 3.3
    endloop
  endfacet
  facet normal -0.998786 -0.0492557 0
    outer loop
      vertex 25.9 -5.3 2.7
      vertex 25.8942 -5.18239 3.3
      vertex 25.8942 -5.18239 2.7
    endloop
  endfacet
  facet normal -0.998786 -0.0492557 0
    outer loop
      vertex 25.8942 -5.18239 3.3
      vertex 25.9 -5.3 2.7
      vertex 25.9 -5.3 3.3
    endloop
  endfacet
  facet normal -0.989153 -0.146887 0
    outer loop
      vertex 25.8942 -5.18239 2.7
      vertex 25.8769 -5.06589 3.3
      vertex 25.8769 -5.06589 2.7
    endloop
  endfacet
  facet normal -0.989153 -0.146887 0
    outer loop
      vertex 25.8769 -5.06589 3.3
      vertex 25.8942 -5.18239 2.7
      vertex 25.8942 -5.18239 3.3
    endloop
  endfacet
  facet normal -0.970058 -0.242875 0
    outer loop
      vertex 25.8769 -5.06589 2.7
      vertex 25.8483 -4.95166 3.3
      vertex 25.8483 -4.95166 2.7
    endloop
  endfacet
  facet normal -0.970058 -0.242875 0
    outer loop
      vertex 25.8483 -4.95166 3.3
      vertex 25.8769 -5.06589 2.7
      vertex 25.8769 -5.06589 3.3
    endloop
  endfacet
  facet normal -0.941463 -0.337116 0
    outer loop
      vertex 25.8483 -4.95166 2.7
      vertex 25.8086 -4.84079 3.3
      vertex 25.8086 -4.84079 2.7
    endloop
  endfacet
  facet normal -0.941463 -0.337116 0
    outer loop
      vertex 25.8086 -4.84079 3.3
      vertex 25.8483 -4.95166 2.7
      vertex 25.8483 -4.95166 3.3
    endloop
  endfacet
  facet normal -0.904159 -0.427195 0
    outer loop
      vertex 25.8086 -4.84079 2.7
      vertex 25.7583 -4.73433 3.3
      vertex 25.7583 -4.73433 2.7
    endloop
  endfacet
  facet normal -0.904159 -0.427195 0
    outer loop
      vertex 25.7583 -4.73433 3.3
      vertex 25.8086 -4.84079 2.7
      vertex 25.8086 -4.84079 3.3
    endloop
  endfacet
  facet normal -0.857515 -0.514458 0
    outer loop
      vertex 25.7583 -4.73433 2.7
      vertex 25.6977 -4.63332 3.3
      vertex 25.6977 -4.63332 2.7
    endloop
  endfacet
  facet normal -0.857515 -0.514458 0
    outer loop
      vertex 25.6977 -4.63332 3.3
      vertex 25.7583 -4.73433 2.7
      vertex 25.7583 -4.73433 3.3
    endloop
  endfacet
  facet normal -0.803422 -0.59541 0
    outer loop
      vertex 25.6977 -4.63332 2.7
      vertex 25.6276 -4.53873 3.3
      vertex 25.6276 -4.53873 2.7
    endloop
  endfacet
  facet normal -0.803422 -0.59541 0
    outer loop
      vertex 25.6276 -4.53873 3.3
      vertex 25.6977 -4.63332 2.7
      vertex 25.6977 -4.63332 3.3
    endloop
  endfacet
  facet normal -0.740862 -0.671658 0
    outer loop
      vertex 25.6276 -4.53873 2.7
      vertex 25.5485 -4.45148 3.3
      vertex 25.5485 -4.45148 2.7
    endloop
  endfacet
  facet normal -0.740862 -0.671658 0
    outer loop
      vertex 25.5485 -4.45148 3.3
      vertex 25.6276 -4.53873 2.7
      vertex 25.6276 -4.53873 3.3
    endloop
  endfacet
  facet normal -0.671823 -0.740712 0
    outer loop
      vertex 25.4613 -4.37239 2.7
      vertex 25.5485 -4.45148 3.3
      vertex 25.4613 -4.37239 3.3
    endloop
  endfacet
  facet normal -0.671823 -0.740712 -0
    outer loop
      vertex 25.5485 -4.45148 3.3
      vertex 25.4613 -4.37239 2.7
      vertex 25.5485 -4.45148 2.7
    endloop
  endfacet
  facet normal -0.595589 -0.803289 0
    outer loop
      vertex 25.3667 -4.30225 2.7
      vertex 25.4613 -4.37239 3.3
      vertex 25.3667 -4.30225 3.3
    endloop
  endfacet
  facet normal -0.595589 -0.803289 -0
    outer loop
      vertex 25.4613 -4.37239 3.3
      vertex 25.3667 -4.30225 2.7
      vertex 25.4613 -4.37239 2.7
    endloop
  endfacet
  facet normal -0.514184 -0.85768 0
    outer loop
      vertex 25.2657 -4.2417 2.7
      vertex 25.3667 -4.30225 3.3
      vertex 25.2657 -4.2417 3.3
    endloop
  endfacet
  facet normal -0.514184 -0.85768 -0
    outer loop
      vertex 25.3667 -4.30225 3.3
      vertex 25.2657 -4.2417 2.7
      vertex 25.3667 -4.30225 2.7
    endloop
  endfacet
  facet normal -0.427411 -0.904057 0
    outer loop
      vertex 25.1592 -4.19135 2.7
      vertex 25.2657 -4.2417 3.3
      vertex 25.1592 -4.19135 3.3
    endloop
  endfacet
  facet normal -0.427411 -0.904057 -0
    outer loop
      vertex 25.2657 -4.2417 3.3
      vertex 25.1592 -4.19135 2.7
      vertex 25.2657 -4.2417 2.7
    endloop
  endfacet
  facet normal -0.336885 -0.941546 0
    outer loop
      vertex 25.0483 -4.15167 2.7
      vertex 25.1592 -4.19135 3.3
      vertex 25.0483 -4.15167 3.3
    endloop
  endfacet
  facet normal -0.336885 -0.941546 -0
    outer loop
      vertex 25.1592 -4.19135 3.3
      vertex 25.0483 -4.15167 2.7
      vertex 25.1592 -4.19135 2.7
    endloop
  endfacet
  facet normal -0.243015 -0.970022 0
    outer loop
      vertex 24.9341 -4.12306 2.7
      vertex 25.0483 -4.15167 3.3
      vertex 24.9341 -4.12306 3.3
    endloop
  endfacet
  facet normal -0.243015 -0.970022 -0
    outer loop
      vertex 25.0483 -4.15167 3.3
      vertex 24.9341 -4.12306 2.7
      vertex 25.0483 -4.15167 2.7
    endloop
  endfacet
  facet normal -0.146804 -0.989166 0
    outer loop
      vertex 24.8176 -4.10577 2.7
      vertex 24.9341 -4.12306 3.3
      vertex 24.8176 -4.10577 3.3
    endloop
  endfacet
  facet normal -0.146804 -0.989166 -0
    outer loop
      vertex 24.9341 -4.12306 3.3
      vertex 24.8176 -4.10577 2.7
      vertex 24.9341 -4.12306 2.7
    endloop
  endfacet
  facet normal -0.0489209 -0.998803 0
    outer loop
      vertex 24.7 -4.10001 2.7
      vertex 24.8176 -4.10577 3.3
      vertex 24.7 -4.10001 3.3
    endloop
  endfacet
  facet normal -0.0489209 -0.998803 -0
    outer loop
      vertex 24.8176 -4.10577 3.3
      vertex 24.7 -4.10001 2.7
      vertex 24.8176 -4.10577 2.7
    endloop
  endfacet
  facet normal 0 -1 0
    outer loop
      vertex 10.9 -4.10001 2.7
      vertex 24.7 -4.10001 3.3
      vertex 10.9 -4.10001 3.3
    endloop
  endfacet
  facet normal 0 -1 -0
    outer loop
      vertex 24.7 -4.10001 3.3
      vertex 10.9 -4.10001 2.7
      vertex 24.7 -4.10001 2.7
    endloop
  endfacet
  facet normal 0.0489209 -0.998803 0
    outer loop
      vertex 10.7824 -4.10577 2.7
      vertex 10.9 -4.10001 3.3
      vertex 10.7824 -4.10577 3.3
    endloop
  endfacet
  facet normal 0.0489209 -0.998803 0
    outer loop
      vertex 10.9 -4.10001 3.3
      vertex 10.7824 -4.10577 2.7
      vertex 10.9 -4.10001 2.7
    endloop
  endfacet
  facet normal 0.146804 -0.989166 0
    outer loop
      vertex 10.6659 -4.12306 2.7
      vertex 10.7824 -4.10577 3.3
      vertex 10.6659 -4.12306 3.3
    endloop
  endfacet
  facet normal 0.146804 -0.989166 0
    outer loop
      vertex 10.7824 -4.10577 3.3
      vertex 10.6659 -4.12306 2.7
      vertex 10.7824 -4.10577 2.7
    endloop
  endfacet
  facet normal 0.243015 -0.970022 0
    outer loop
      vertex 10.5517 -4.15167 2.7
      vertex 10.6659 -4.12306 3.3
      vertex 10.5517 -4.15167 3.3
    endloop
  endfacet
  facet normal 0.243015 -0.970022 0
    outer loop
      vertex 10.6659 -4.12306 3.3
      vertex 10.5517 -4.15167 2.7
      vertex 10.6659 -4.12306 2.7
    endloop
  endfacet
  facet normal 0.336885 -0.941546 0
    outer loop
      vertex 10.4408 -4.19135 2.7
      vertex 10.5517 -4.15167 3.3
      vertex 10.4408 -4.19135 3.3
    endloop
  endfacet
  facet normal 0.336885 -0.941546 0
    outer loop
      vertex 10.5517 -4.15167 3.3
      vertex 10.4408 -4.19135 2.7
      vertex 10.5517 -4.15167 2.7
    endloop
  endfacet
  facet normal 0.427411 -0.904057 0
    outer loop
      vertex 10.3343 -4.2417 2.7
      vertex 10.4408 -4.19135 3.3
      vertex 10.3343 -4.2417 3.3
    endloop
  endfacet
  facet normal 0.427411 -0.904057 0
    outer loop
      vertex 10.4408 -4.19135 3.3
      vertex 10.3343 -4.2417 2.7
      vertex 10.4408 -4.19135 2.7
    endloop
  endfacet
  facet normal 0.514184 -0.85768 0
    outer loop
      vertex 10.2333 -4.30225 2.7
      vertex 10.3343 -4.2417 3.3
      vertex 10.2333 -4.30225 3.3
    endloop
  endfacet
  facet normal 0.514184 -0.85768 0
    outer loop
      vertex 10.3343 -4.2417 3.3
      vertex 10.2333 -4.30225 2.7
      vertex 10.3343 -4.2417 2.7
    endloop
  endfacet
  facet normal 0.595589 -0.803289 0
    outer loop
      vertex 10.1387 -4.37239 2.7
      vertex 10.2333 -4.30225 3.3
      vertex 10.1387 -4.37239 3.3
    endloop
  endfacet
  facet normal 0.595589 -0.803289 0
    outer loop
      vertex 10.2333 -4.30225 3.3
      vertex 10.1387 -4.37239 2.7
      vertex 10.2333 -4.30225 2.7
    endloop
  endfacet
  facet normal 0.671823 -0.740712 0
    outer loop
      vertex 10.0515 -4.45148 2.7
      vertex 10.1387 -4.37239 3.3
      vertex 10.0515 -4.45148 3.3
    endloop
  endfacet
  facet normal 0.671823 -0.740712 0
    outer loop
      vertex 10.1387 -4.37239 3.3
      vertex 10.0515 -4.45148 2.7
      vertex 10.1387 -4.37239 2.7
    endloop
  endfacet
  facet normal 0.740777 -0.671751 0
    outer loop
      vertex 9.97238 -4.53873 3.3
      vertex 10.0515 -4.45148 2.7
      vertex 10.0515 -4.45148 3.3
    endloop
  endfacet
  facet normal 0.740777 -0.671751 0
    outer loop
      vertex 10.0515 -4.45148 2.7
      vertex 9.97238 -4.53873 3.3
      vertex 9.97238 -4.53873 2.7
    endloop
  endfacet
  facet normal 0.803259 -0.59563 0
    outer loop
      vertex 9.90224 -4.63332 3.3
      vertex 9.97238 -4.53873 2.7
      vertex 9.97238 -4.53873 3.3
    endloop
  endfacet
  facet normal 0.803259 -0.59563 0
    outer loop
      vertex 9.97238 -4.53873 2.7
      vertex 9.90224 -4.63332 3.3
      vertex 9.90224 -4.63332 2.7
    endloop
  endfacet
  facet normal 0.857703 -0.514146 0
    outer loop
      vertex 9.84169 -4.73433 3.3
      vertex 9.90224 -4.63332 2.7
      vertex 9.90224 -4.63332 3.3
    endloop
  endfacet
  facet normal 0.857703 -0.514146 0
    outer loop
      vertex 9.90224 -4.63332 2.7
      vertex 9.84169 -4.73433 3.3
      vertex 9.84169 -4.73433 2.7
    endloop
  endfacet
  facet normal 0.903995 -0.427542 0
    outer loop
      vertex 9.79134 -4.84079 3.3
      vertex 9.84169 -4.73433 2.7
      vertex 9.84169 -4.73433 3.3
    endloop
  endfacet
  facet normal 0.903995 -0.427542 0
    outer loop
      vertex 9.84169 -4.73433 2.7
      vertex 9.79134 -4.84079 3.3
      vertex 9.79134 -4.84079 2.7
    endloop
  endfacet
  facet normal 0.941517 -0.336966 0
    outer loop
      vertex 9.75166 -4.95166 3.3
      vertex 9.79134 -4.84079 2.7
      vertex 9.79134 -4.84079 3.3
    endloop
  endfacet
  facet normal 0.941517 -0.336966 0
    outer loop
      vertex 9.79134 -4.84079 2.7
      vertex 9.75166 -4.95166 3.3
      vertex 9.75166 -4.95166 2.7
    endloop
  endfacet
  facet normal 0.970038 -0.242955 0
    outer loop
      vertex 9.72305 -5.06589 3.3
      vertex 9.75166 -4.95166 2.7
      vertex 9.75166 -4.95166 3.3
    endloop
  endfacet
  facet normal 0.970038 -0.242955 0
    outer loop
      vertex 9.75166 -4.95166 2.7
      vertex 9.72305 -5.06589 3.3
      vertex 9.72305 -5.06589 2.7
    endloop
  endfacet
  facet normal 0.989166 -0.146804 0
    outer loop
      vertex 9.70576 -5.18239 3.3
      vertex 9.72305 -5.06589 2.7
      vertex 9.72305 -5.06589 3.3
    endloop
  endfacet
  facet normal 0.989166 -0.146804 0
    outer loop
      vertex 9.72305 -5.06589 2.7
      vertex 9.70576 -5.18239 3.3
      vertex 9.70576 -5.18239 2.7
    endloop
  endfacet
  facet normal 0.998803 -0.0489168 0
    outer loop
      vertex 9.7 -5.3 3.3
      vertex 9.70576 -5.18239 2.7
      vertex 9.70576 -5.18239 3.3
    endloop
  endfacet
  facet normal 0.998803 -0.0489168 0
    outer loop
      vertex 9.70576 -5.18239 2.7
      vertex 9.7 -5.3 3.3
      vertex 9.7 -5.3 2.7
    endloop
  endfacet
  facet normal 1 -0 0
    outer loop
      vertex 9.7 -15.1 3.3
      vertex 9.7 -5.3 2.7
      vertex 9.7 -5.3 3.3
    endloop
  endfacet
  facet normal 1 0 0
    outer loop
      vertex 9.7 -5.3 2.7
      vertex 9.7 -15.1 3.3
      vertex 9.7 -15.1 2.7
    endloop
  endfacet
  facet normal 0.998803 0.0489209 0
    outer loop
      vertex 9.70576 -15.2176 3.3
      vertex 9.7 -15.1 2.7
      vertex 9.7 -15.1 3.3
    endloop
  endfacet
  facet normal 0.998803 0.0489209 0
    outer loop
      vertex 9.7 -15.1 2.7
      vertex 9.70576 -15.2176 3.3
      vertex 9.70576 -15.2176 2.7
    endloop
  endfacet
  facet normal 0.989166 0.146804 0
    outer loop
      vertex 9.72305 -15.3341 3.3
      vertex 9.70576 -15.2176 2.7
      vertex 9.70576 -15.2176 3.3
    endloop
  endfacet
  facet normal 0.989166 0.146804 0
    outer loop
      vertex 9.70576 -15.2176 2.7
      vertex 9.72305 -15.3341 3.3
      vertex 9.72305 -15.3341 2.7
    endloop
  endfacet
  facet normal 0.970022 0.243015 0
    outer loop
      vertex 9.75166 -15.4483 3.3
      vertex 9.72305 -15.3341 2.7
      vertex 9.72305 -15.3341 3.3
    endloop
  endfacet
  facet normal 0.970022 0.243015 0
    outer loop
      vertex 9.72305 -15.3341 2.7
      vertex 9.75166 -15.4483 3.3
      vertex 9.75166 -15.4483 2.7
    endloop
  endfacet
  facet normal 0.941546 0.336885 0
    outer loop
      vertex 9.79134 -15.5592 3.3
      vertex 9.75166 -15.4483 2.7
      vertex 9.75166 -15.4483 3.3
    endloop
  endfacet
  facet normal 0.941546 0.336885 0
    outer loop
      vertex 9.75166 -15.4483 2.7
      vertex 9.79134 -15.5592 3.3
      vertex 9.79134 -15.5592 2.7
    endloop
  endfacet
  facet normal 0.904057 0.427411 0
    outer loop
      vertex 9.84169 -15.6657 3.3
      vertex 9.79134 -15.5592 2.7
      vertex 9.79134 -15.5592 3.3
    endloop
  endfacet
  facet normal 0.904057 0.427411 0
    outer loop
      vertex 9.79134 -15.5592 2.7
      vertex 9.84169 -15.6657 3.3
      vertex 9.84169 -15.6657 2.7
    endloop
  endfacet
  facet normal 0.85768 0.514184 0
    outer loop
      vertex 9.90224 -15.7667 3.3
      vertex 9.84169 -15.6657 2.7
      vertex 9.84169 -15.6657 3.3
    endloop
  endfacet
  facet normal 0.85768 0.514184 0
    outer loop
      vertex 9.84169 -15.6657 2.7
      vertex 9.90224 -15.7667 3.3
      vertex 9.90224 -15.7667 2.7
    endloop
  endfacet
  facet normal 0.803289 0.595589 0
    outer loop
      vertex 9.97238 -15.8613 3.3
      vertex 9.90224 -15.7667 2.7
      vertex 9.90224 -15.7667 3.3
    endloop
  endfacet
  facet normal 0.803289 0.595589 0
    outer loop
      vertex 9.90224 -15.7667 2.7
      vertex 9.97238 -15.8613 3.3
      vertex 9.97238 -15.8613 2.7
    endloop
  endfacet
  facet normal 0.740585 0.671962 0
    outer loop
      vertex 10.0515 -15.9485 3.3
      vertex 9.97238 -15.8613 2.7
      vertex 9.97238 -15.8613 3.3
    endloop
  endfacet
  facet normal 0.740585 0.671962 0
    outer loop
      vertex 9.97238 -15.8613 2.7
      vertex 10.0515 -15.9485 3.3
      vertex 10.0515 -15.9485 2.7
    endloop
  endfacet
  facet normal 0.671869 0.74067 -0
    outer loop
      vertex 10.1387 -16.0276 2.7
      vertex 10.0515 -15.9485 3.3
      vertex 10.1387 -16.0276 3.3
    endloop
  endfacet
  facet normal 0.671869 0.74067 0
    outer loop
      vertex 10.0515 -15.9485 3.3
      vertex 10.1387 -16.0276 2.7
      vertex 10.0515 -15.9485 2.7
    endloop
  endfacet
  facet normal 0.59537 0.803452 -0
    outer loop
      vertex 10.2333 -16.0977 2.7
      vertex 10.1387 -16.0276 3.3
      vertex 10.2333 -16.0977 3.3
    endloop
  endfacet
  facet normal 0.59537 0.803452 0
    outer loop
      vertex 10.1387 -16.0276 3.3
      vertex 10.2333 -16.0977 2.7
      vertex 10.1387 -16.0276 2.7
    endloop
  endfacet
  facet normal 0.514496 0.857493 -0
    outer loop
      vertex 10.3343 -16.1583 2.7
      vertex 10.2333 -16.0977 3.3
      vertex 10.3343 -16.1583 3.3
    endloop
  endfacet
  facet normal 0.514496 0.857493 0
    outer loop
      vertex 10.2333 -16.0977 3.3
      vertex 10.3343 -16.1583 2.7
      vertex 10.2333 -16.0977 2.7
    endloop
  endfacet
  facet normal 0.427064 0.904221 -0
    outer loop
      vertex 10.4408 -16.2086 2.7
      vertex 10.3343 -16.1583 3.3
      vertex 10.4408 -16.2086 3.3
    endloop
  endfacet
  facet normal 0.427064 0.904221 0
    outer loop
      vertex 10.3343 -16.1583 3.3
      vertex 10.4408 -16.2086 2.7
      vertex 10.3343 -16.1583 2.7
    endloop
  endfacet
  facet normal 0.337035 0.941492 -0
    outer loop
      vertex 10.5517 -16.2483 2.7
      vertex 10.4408 -16.2086 3.3
      vertex 10.5517 -16.2483 3.3
    endloop
  endfacet
  facet normal 0.337035 0.941492 0
    outer loop
      vertex 10.4408 -16.2086 3.3
      vertex 10.5517 -16.2483 2.7
      vertex 10.4408 -16.2086 2.7
    endloop
  endfacet
  facet normal 0.242935 0.970042 -0
    outer loop
      vertex 10.6659 -16.2769 2.7
      vertex 10.5517 -16.2483 3.3
      vertex 10.6659 -16.2769 3.3
    endloop
  endfacet
  facet normal 0.242935 0.970042 0
    outer loop
      vertex 10.5517 -16.2483 3.3
      vertex 10.6659 -16.2769 2.7
      vertex 10.5517 -16.2483 2.7
    endloop
  endfacet
  facet normal 0.146887 0.989153 -0
    outer loop
      vertex 10.7824 -16.2942 2.7
      vertex 10.6659 -16.2769 3.3
      vertex 10.7824 -16.2942 3.3
    endloop
  endfacet
  facet normal 0.146887 0.989153 0
    outer loop
      vertex 10.6659 -16.2769 3.3
      vertex 10.7824 -16.2942 2.7
      vertex 10.6659 -16.2769 2.7
    endloop
  endfacet
  facet normal 0.0492599 0.998786 -0
    outer loop
      vertex 10.9 -16.3 2.7
      vertex 10.7824 -16.2942 3.3
      vertex 10.9 -16.3 3.3
    endloop
  endfacet
  facet normal 0.0492599 0.998786 0
    outer loop
      vertex 10.7824 -16.2942 3.3
      vertex 10.9 -16.3 2.7
      vertex 10.7824 -16.2942 2.7
    endloop
  endfacet
  facet normal 0 1 -0
    outer loop
      vertex 24.7 -16.3 2.7
      vertex 10.9 -16.3 3.3
      vertex 24.7 -16.3 3.3
    endloop
  endfacet
  facet normal 0 1 0
    outer loop
      vertex 10.9 -16.3 3.3
      vertex 24.7 -16.3 2.7
      vertex 10.9 -16.3 2.7
    endloop
  endfacet
  facet normal -0.0492599 0.998786 0
    outer loop
      vertex 24.8176 -16.2942 2.7
      vertex 24.7 -16.3 3.3
      vertex 24.8176 -16.2942 3.3
    endloop
  endfacet
  facet normal -0.0492599 0.998786 0
    outer loop
      vertex 24.7 -16.3 3.3
      vertex 24.8176 -16.2942 2.7
      vertex 24.7 -16.3 2.7
    endloop
  endfacet
  facet normal -0.146887 0.989153 0
    outer loop
      vertex -10.6659 -30.0769 2.7
      vertex -10.7824 -30.0942 3.3
      vertex -10.6659 -30.0769 3.3
    endloop
  endfacet
  facet normal -0.146887 0.989153 0
    outer loop
      vertex -10.7824 -30.0942 3.3
      vertex -10.6659 -30.0769 2.7
      vertex -10.7824 -30.0942 2.7
    endloop
  endfacet
  facet normal -0.242935 0.970042 0
    outer loop
      vertex -10.5517 -30.0483 2.7
      vertex -10.6659 -30.0769 3.3
      vertex -10.5517 -30.0483 3.3
    endloop
  endfacet
  facet normal -0.242935 0.970042 0
    outer loop
      vertex -10.6659 -30.0769 3.3
      vertex -10.5517 -30.0483 2.7
      vertex -10.6659 -30.0769 2.7
    endloop
  endfacet
  facet normal -0.337035 0.941492 0
    outer loop
      vertex -10.4408 -30.0086 2.7
      vertex -10.5517 -30.0483 3.3
      vertex -10.4408 -30.0086 3.3
    endloop
  endfacet
  facet normal -0.337035 0.941492 0
    outer loop
      vertex -10.5517 -30.0483 3.3
      vertex -10.4408 -30.0086 2.7
      vertex -10.5517 -30.0483 2.7
    endloop
  endfacet
  facet normal -0.427064 0.904221 0
    outer loop
      vertex -10.3343 -29.9583 2.7
      vertex -10.4408 -30.0086 3.3
      vertex -10.3343 -29.9583 3.3
    endloop
  endfacet
  facet normal -0.427064 0.904221 0
    outer loop
      vertex -10.4408 -30.0086 3.3
      vertex -10.3343 -29.9583 2.7
      vertex -10.4408 -30.0086 2.7
    endloop
  endfacet
  facet normal -0.514496 0.857493 0
    outer loop
      vertex -10.2333 -29.8977 2.7
      vertex -10.3343 -29.9583 3.3
      vertex -10.2333 -29.8977 3.3
    endloop
  endfacet
  facet normal -0.514496 0.857493 0
    outer loop
      vertex -10.3343 -29.9583 3.3
      vertex -10.2333 -29.8977 2.7
      vertex -10.3343 -29.9583 2.7
    endloop
  endfacet
  facet normal -0.59537 0.803452 0
    outer loop
      vertex -10.1387 -29.8276 2.7
      vertex -10.2333 -29.8977 3.3
      vertex -10.1387 -29.8276 3.3
    endloop
  endfacet
  facet normal -0.59537 0.803452 0
    outer loop
      vertex -10.2333 -29.8977 3.3
      vertex -10.1387 -29.8276 2.7
      vertex -10.2333 -29.8977 2.7
    endloop
  endfacet
  facet normal -0.671869 0.74067 0
    outer loop
      vertex -10.0515 -29.7485 2.7
      vertex -10.1387 -29.8276 3.3
      vertex -10.0515 -29.7485 3.3
    endloop
  endfacet
  facet normal -0.671869 0.74067 0
    outer loop
      vertex -10.1387 -29.8276 3.3
      vertex -10.0515 -29.7485 2.7
      vertex -10.1387 -29.8276 2.7
    endloop
  endfacet
  facet normal -0.740585 0.671962 0
    outer loop
      vertex -10.0515 -29.7485 2.7
      vertex -9.97238 -29.6613 3.3
      vertex -9.97238 -29.6613 2.7
    endloop
  endfacet
  facet normal -0.740585 0.671962 0
    outer loop
      vertex -9.97238 -29.6613 3.3
      vertex -10.0515 -29.7485 2.7
      vertex -10.0515 -29.7485 3.3
    endloop
  endfacet
  facet normal -0.803289 0.595589 0
    outer loop
      vertex -9.97238 -29.6613 2.7
      vertex -9.90224 -29.5667 3.3
      vertex -9.90224 -29.5667 2.7
    endloop
  endfacet
  facet normal -0.803289 0.595589 0
    outer loop
      vertex -9.90224 -29.5667 3.3
      vertex -9.97238 -29.6613 2.7
      vertex -9.97238 -29.6613 3.3
    endloop
  endfacet
  facet normal -0.85768 0.514184 0
    outer loop
      vertex -9.90224 -29.5667 2.7
      vertex -9.84169 -29.4657 3.3
      vertex -9.84169 -29.4657 2.7
    endloop
  endfacet
  facet normal -0.85768 0.514184 0
    outer loop
      vertex -9.84169 -29.4657 3.3
      vertex -9.90224 -29.5667 2.7
      vertex -9.90224 -29.5667 3.3
    endloop
  endfacet
  facet normal -0.904057 0.427411 0
    outer loop
      vertex -9.84169 -29.4657 2.7
      vertex -9.79134 -29.3592 3.3
      vertex -9.79134 -29.3592 2.7
    endloop
  endfacet
  facet normal -0.904057 0.427411 0
    outer loop
      vertex -9.79134 -29.3592 3.3
      vertex -9.84169 -29.4657 2.7
      vertex -9.84169 -29.4657 3.3
    endloop
  endfacet
  facet normal -0.941546 0.336885 0
    outer loop
      vertex -9.79134 -29.3592 2.7
      vertex -9.75166 -29.2483 3.3
      vertex -9.75166 -29.2483 2.7
    endloop
  endfacet
  facet normal -0.941546 0.336885 0
    outer loop
      vertex -9.75166 -29.2483 3.3
      vertex -9.79134 -29.3592 2.7
      vertex -9.79134 -29.3592 3.3
    endloop
  endfacet
  facet normal -0.970022 0.243015 0
    outer loop
      vertex -9.75166 -29.2483 2.7
      vertex -9.72305 -29.1341 3.3
      vertex -9.72305 -29.1341 2.7
    endloop
  endfacet
  facet normal -0.970022 0.243015 0
    outer loop
      vertex -9.72305 -29.1341 3.3
      vertex -9.75166 -29.2483 2.7
      vertex -9.75166 -29.2483 3.3
    endloop
  endfacet
  facet normal -0.989166 0.146804 0
    outer loop
      vertex -9.72305 -29.1341 2.7
      vertex -9.70576 -29.0176 3.3
      vertex -9.70576 -29.0176 2.7
    endloop
  endfacet
  facet normal -0.989166 0.146804 0
    outer loop
      vertex -9.70576 -29.0176 3.3
      vertex -9.72305 -29.1341 2.7
      vertex -9.72305 -29.1341 3.3
    endloop
  endfacet
  facet normal -0.998803 0.0489209 0
    outer loop
      vertex -9.70576 -29.0176 2.7
      vertex -9.7 -28.9 3.3
      vertex -9.7 -28.9 2.7
    endloop
  endfacet
  facet normal -0.998803 0.0489209 0
    outer loop
      vertex -9.7 -28.9 3.3
      vertex -9.70576 -29.0176 2.7
      vertex -9.70576 -29.0176 3.3
    endloop
  endfacet
  facet normal -1 0 0
    outer loop
      vertex -9.7 -28.9 2.7
      vertex -9.7 -19.1 3.3
      vertex -9.7 -19.1 2.7
    endloop
  endfacet
  facet normal -1 -0 0
    outer loop
      vertex -9.7 -19.1 3.3
      vertex -9.7 -28.9 2.7
      vertex -9.7 -28.9 3.3
    endloop
  endfacet
  facet normal -0.998803 -0.0489209 0
    outer loop
      vertex -9.7 -19.1 2.7
      vertex -9.70576 -18.9824 3.3
      vertex -9.70576 -18.9824 2.7
    endloop
  endfacet
  facet normal -0.998803 -0.0489209 0
    outer loop
      vertex -9.70576 -18.9824 3.3
      vertex -9.7 -19.1 2.7
      vertex -9.7 -19.1 3.3
    endloop
  endfacet
  facet normal -0.989166 -0.146804 0
    outer loop
      vertex -9.70576 -18.9824 2.7
      vertex -9.72305 -18.8659 3.3
      vertex -9.72305 -18.8659 2.7
    endloop
  endfacet
  facet normal -0.989166 -0.146804 0
    outer loop
      vertex -9.72305 -18.8659 3.3
      vertex -9.70576 -18.9824 2.7
      vertex -9.70576 -18.9824 3.3
    endloop
  endfacet
  facet normal -0.970073 -0.242815 0
    outer loop
      vertex -9.72305 -18.8659 2.7
      vertex -9.75166 -18.7516 3.3
      vertex -9.75166 -18.7516 2.7
    endloop
  endfacet
  facet normal -0.970073 -0.242815 0
    outer loop
      vertex -9.75166 -18.7516 3.3
      vertex -9.72305 -18.8659 2.7
      vertex -9.72305 -18.8659 3.3
    endloop
  endfacet
  facet normal -0.941449 -0.337154 0
    outer loop
      vertex -9.75166 -18.7516 2.7
      vertex -9.79134 -18.6408 3.3
      vertex -9.79134 -18.6408 2.7
    endloop
  endfacet
  facet normal -0.941449 -0.337154 0
    outer loop
      vertex -9.79134 -18.6408 3.3
      vertex -9.75166 -18.7516 2.7
      vertex -9.75166 -18.7516 3.3
    endloop
  endfacet
  facet normal -0.904057 -0.427411 0
    outer loop
      vertex -9.79134 -18.6408 2.7
      vertex -9.84169 -18.5343 3.3
      vertex -9.84169 -18.5343 2.7
    endloop
  endfacet
  facet normal -0.904057 -0.427411 0
    outer loop
      vertex -9.84169 -18.5343 3.3
      vertex -9.79134 -18.6408 2.7
      vertex -9.79134 -18.6408 3.3
    endloop
  endfacet
  facet normal -0.85768 -0.514184 0
    outer loop
      vertex -9.84169 -18.5343 2.7
      vertex -9.90224 -18.4333 3.3
      vertex -9.90224 -18.4333 2.7
    endloop
  endfacet
  facet normal -0.85768 -0.514184 0
    outer loop
      vertex -9.90224 -18.4333 3.3
      vertex -9.84169 -18.5343 2.7
      vertex -9.84169 -18.5343 3.3
    endloop
  endfacet
  facet normal -0.803289 -0.595589 0
    outer loop
      vertex -9.90224 -18.4333 2.7
      vertex -9.97238 -18.3387 3.3
      vertex -9.97238 -18.3387 2.7
    endloop
  endfacet
  facet normal -0.803289 -0.595589 0
    outer loop
      vertex -9.97238 -18.3387 3.3
      vertex -9.90224 -18.4333 2.7
      vertex -9.90224 -18.4333 3.3
    endloop
  endfacet
  facet normal -0.740585 -0.671962 0
    outer loop
      vertex -9.97238 -18.3387 2.7
      vertex -10.0515 -18.2515 3.3
      vertex -10.0515 -18.2515 2.7
    endloop
  endfacet
  facet normal -0.740585 -0.671962 0
    outer loop
      vertex -10.0515 -18.2515 3.3
      vertex -9.97238 -18.3387 2.7
      vertex -9.97238 -18.3387 3.3
    endloop
  endfacet
  facet normal -0.671869 -0.74067 0
    outer loop
      vertex -10.1387 -18.1724 2.7
      vertex -10.0515 -18.2515 3.3
      vertex -10.1387 -18.1724 3.3
    endloop
  endfacet
  facet normal -0.671869 -0.74067 -0
    outer loop
      vertex -10.0515 -18.2515 3.3
      vertex -10.1387 -18.1724 2.7
      vertex -10.0515 -18.2515 2.7
    endloop
  endfacet
  facet normal -0.595918 -0.803046 0
    outer loop
      vertex -10.2333 -18.1022 2.7
      vertex -10.1387 -18.1724 3.3
      vertex -10.2333 -18.1022 3.3
    endloop
  endfacet
  facet normal -0.595918 -0.803046 -0
    outer loop
      vertex -10.1387 -18.1724 3.3
      vertex -10.2333 -18.1022 2.7
      vertex -10.1387 -18.1724 2.7
    endloop
  endfacet
  facet normal -0.513871 -0.857867 0
    outer loop
      vertex -10.3343 -18.0417 2.7
      vertex -10.2333 -18.1022 3.3
      vertex -10.3343 -18.0417 3.3
    endloop
  endfacet
  facet normal -0.513871 -0.857867 -0
    outer loop
      vertex -10.2333 -18.1022 3.3
      vertex -10.3343 -18.0417 2.7
      vertex -10.2333 -18.1022 2.7
    endloop
  endfacet
  facet normal -0.427758 -0.903893 0
    outer loop
      vertex -10.4408 -17.9913 2.7
      vertex -10.3343 -18.0417 3.3
      vertex -10.4408 -17.9913 3.3
    endloop
  endfacet
  facet normal -0.427758 -0.903893 -0
    outer loop
      vertex -10.3343 -18.0417 3.3
      vertex -10.4408 -17.9913 2.7
      vertex -10.3343 -18.0417 2.7
    endloop
  endfacet
  facet normal -0.336283 -0.941761 0
    outer loop
      vertex -10.5517 -17.9517 2.7
      vertex -10.4408 -17.9913 3.3
      vertex -10.5517 -17.9517 3.3
    endloop
  endfacet
  facet normal -0.336283 -0.941761 -0
    outer loop
      vertex -10.4408 -17.9913 3.3
      vertex -10.5517 -17.9517 2.7
      vertex -10.4408 -17.9913 2.7
    endloop
  endfacet
  facet normal -0.243734 -0.969842 0
    outer loop
      vertex -10.6659 -17.923 2.7
      vertex -10.5517 -17.9517 3.3
      vertex -10.6659 -17.923 3.3
    endloop
  endfacet
  facet normal -0.243734 -0.969842 -0
    outer loop
      vertex -10.5517 -17.9517 3.3
      vertex -10.6659 -17.923 2.7
      vertex -10.5517 -17.9517 2.7
    endloop
  endfacet
  facet normal -0.146056 -0.989276 0
    outer loop
      vertex -10.7824 -17.9058 2.7
      vertex -10.6659 -17.923 3.3
      vertex -10.7824 -17.9058 3.3
    endloop
  endfacet
  facet normal -0.146056 -0.989276 -0
    outer loop
      vertex -10.6659 -17.923 3.3
      vertex -10.7824 -17.9058 2.7
      vertex -10.6659 -17.923 2.7
    endloop
  endfacet
  facet normal -0.0492599 -0.998786 0
    outer loop
      vertex -10.9 -17.9 2.7
      vertex -10.7824 -17.9058 3.3
      vertex -10.9 -17.9 3.3
    endloop
  endfacet
  facet normal -0.0492599 -0.998786 -0
    outer loop
      vertex -10.7824 -17.9058 3.3
      vertex -10.9 -17.9 2.7
      vertex -10.7824 -17.9058 2.7
    endloop
  endfacet
  facet normal 0 -1 0
    outer loop
      vertex -24.7 -17.9 2.7
      vertex -10.9 -17.9 3.3
      vertex -24.7 -17.9 3.3
    endloop
  endfacet
  facet normal 0 -1 -0
    outer loop
      vertex -10.9 -17.9 3.3
      vertex -24.7 -17.9 2.7
      vertex -10.9 -17.9 2.7
    endloop
  endfacet
  facet normal 0.0492599 -0.998786 0
    outer loop
      vertex -24.8176 -17.9058 2.7
      vertex -24.7 -17.9 3.3
      vertex -24.8176 -17.9058 3.3
    endloop
  endfacet
  facet normal 0.0492599 -0.998786 0
    outer loop
      vertex -24.7 -17.9 3.3
      vertex -24.8176 -17.9058 2.7
      vertex -24.7 -17.9 2.7
    endloop
  endfacet
  facet normal 0.146056 -0.989276 0
    outer loop
      vertex -24.9341 -17.923 2.7
      vertex -24.8176 -17.9058 3.3
      vertex -24.9341 -17.923 3.3
    endloop
  endfacet
  facet normal 0.146056 -0.989276 0
    outer loop
      vertex -24.8176 -17.9058 3.3
      vertex -24.9341 -17.923 2.7
      vertex -24.8176 -17.9058 2.7
    endloop
  endfacet
  facet normal 0.243734 -0.969842 0
    outer loop
      vertex -25.0483 -17.9517 2.7
      vertex -24.9341 -17.923 3.3
      vertex -25.0483 -17.9517 3.3
    endloop
  endfacet
  facet normal 0.243734 -0.969842 0
    outer loop
      vertex -24.9341 -17.923 3.3
      vertex -25.0483 -17.9517 2.7
      vertex -24.9341 -17.923 2.7
    endloop
  endfacet
  facet normal 0.336283 -0.941761 0
    outer loop
      vertex -25.1592 -17.9913 2.7
      vertex -25.0483 -17.9517 3.3
      vertex -25.1592 -17.9913 3.3
    endloop
  endfacet
  facet normal 0.336283 -0.941761 0
    outer loop
      vertex -25.0483 -17.9517 3.3
      vertex -25.1592 -17.9913 2.7
      vertex -25.0483 -17.9517 2.7
    endloop
  endfacet
  facet normal 0.427758 -0.903893 0
    outer loop
      vertex -25.2657 -18.0417 2.7
      vertex -25.1592 -17.9913 3.3
      vertex -25.2657 -18.0417 3.3
    endloop
  endfacet
  facet normal 0.427758 -0.903893 0
    outer loop
      vertex -25.1592 -17.9913 3.3
      vertex -25.2657 -18.0417 2.7
      vertex -25.1592 -17.9913 2.7
    endloop
  endfacet
  facet normal 0.513871 -0.857867 0
    outer loop
      vertex -25.3667 -18.1022 2.7
      vertex -25.2657 -18.0417 3.3
      vertex -25.3667 -18.1022 3.3
    endloop
  endfacet
  facet normal 0.513871 -0.857867 0
    outer loop
      vertex -25.2657 -18.0417 3.3
      vertex -25.3667 -18.1022 2.7
      vertex -25.2657 -18.0417 2.7
    endloop
  endfacet
  facet normal 0.595918 -0.803046 0
    outer loop
      vertex -25.4613 -18.1724 2.7
      vertex -25.3667 -18.1022 3.3
      vertex -25.4613 -18.1724 3.3
    endloop
  endfacet
  facet normal 0.595918 -0.803046 0
    outer loop
      vertex -25.3667 -18.1022 3.3
      vertex -25.4613 -18.1724 2.7
      vertex -25.3667 -18.1022 2.7
    endloop
  endfacet
  facet normal 0.671869 -0.74067 0
    outer loop
      vertex -25.5485 -18.2515 2.7
      vertex -25.4613 -18.1724 3.3
      vertex -25.5485 -18.2515 3.3
    endloop
  endfacet
  facet normal 0.671869 -0.74067 0
    outer loop
      vertex -25.4613 -18.1724 3.3
      vertex -25.5485 -18.2515 2.7
      vertex -25.4613 -18.1724 2.7
    endloop
  endfacet
  facet normal 0.74067 -0.671869 0
    outer loop
      vertex -25.6276 -18.3387 3.3
      vertex -25.5485 -18.2515 2.7
      vertex -25.5485 -18.2515 3.3
    endloop
  endfacet
  facet normal 0.74067 -0.671869 0
    outer loop
      vertex -25.5485 -18.2515 2.7
      vertex -25.6276 -18.3387 3.3
      vertex -25.6276 -18.3387 2.7
    endloop
  endfacet
  facet normal 0.803452 -0.59537 0
    outer loop
      vertex -25.6977 -18.4333 3.3
      vertex -25.6276 -18.3387 2.7
      vertex -25.6276 -18.3387 3.3
    endloop
  endfacet
  facet normal 0.803452 -0.59537 0
    outer loop
      vertex -25.6276 -18.3387 2.7
      vertex -25.6977 -18.4333 3.3
      vertex -25.6977 -18.4333 2.7
    endloop
  endfacet
  facet normal 0.857493 -0.514496 0
    outer loop
      vertex -25.7583 -18.5343 3.3
      vertex -25.6977 -18.4333 2.7
      vertex -25.6977 -18.4333 3.3
    endloop
  endfacet
  facet normal 0.857493 -0.514496 0
    outer loop
      vertex -25.6977 -18.4333 2.7
      vertex -25.7583 -18.5343 3.3
      vertex -25.7583 -18.5343 2.7
    endloop
  endfacet
  facet normal 0.904221 -0.427064 0
    outer loop
      vertex -25.8086 -18.6408 3.3
      vertex -25.7583 -18.5343 2.7
      vertex -25.7583 -18.5343 3.3
    endloop
  endfacet
  facet normal 0.904221 -0.427064 0
    outer loop
      vertex -25.7583 -18.5343 2.7
      vertex -25.8086 -18.6408 3.3
      vertex -25.8086 -18.6408 2.7
    endloop
  endfacet
  facet normal 0.941395 -0.337305 0
    outer loop
      vertex -25.8483 -18.7516 3.3
      vertex -25.8086 -18.6408 2.7
      vertex -25.8086 -18.6408 3.3
    endloop
  endfacet
  facet normal 0.941395 -0.337305 0
    outer loop
      vertex -25.8086 -18.6408 2.7
      vertex -25.8483 -18.7516 3.3
      vertex -25.8483 -18.7516 2.7
    endloop
  endfacet
  facet normal 0.970093 -0.242735 0
    outer loop
      vertex -25.8769 -18.8659 3.3
      vertex -25.8483 -18.7516 2.7
      vertex -25.8483 -18.7516 3.3
    endloop
  endfacet
  facet normal 0.970093 -0.242735 0
    outer loop
      vertex -25.8483 -18.7516 2.7
      vertex -25.8769 -18.8659 3.3
      vertex -25.8769 -18.8659 2.7
    endloop
  endfacet
  facet normal 0.989153 -0.146887 0
    outer loop
      vertex -25.8942 -18.9824 3.3
      vertex -25.8769 -18.8659 2.7
      vertex -25.8769 -18.8659 3.3
    endloop
  endfacet
  facet normal 0.989153 -0.146887 0
    outer loop
      vertex -25.8769 -18.8659 2.7
      vertex -25.8942 -18.9824 3.3
      vertex -25.8942 -18.9824 2.7
    endloop
  endfacet
  facet normal 0.998786 -0.0492599 0
    outer loop
      vertex -25.9 -19.1 3.3
      vertex -25.8942 -18.9824 2.7
      vertex -25.8942 -18.9824 3.3
    endloop
  endfacet
  facet normal 0.998786 -0.0492599 0
    outer loop
      vertex -25.8942 -18.9824 2.7
      vertex -25.9 -19.1 3.3
      vertex -25.9 -19.1 2.7
    endloop
  endfacet
  facet normal 1 -0 0
    outer loop
      vertex -25.9 -28.9 3.3
      vertex -25.9 -19.1 2.7
      vertex -25.9 -19.1 3.3
    endloop
  endfacet
  facet normal 1 0 0
    outer loop
      vertex -25.9 -19.1 2.7
      vertex -25.9 -28.9 3.3
      vertex -25.9 -28.9 2.7
    endloop
  endfacet
  facet normal 0.998786 0.0492599 0
    outer loop
      vertex -25.8942 -29.0176 3.3
      vertex -25.9 -28.9 2.7
      vertex -25.9 -28.9 3.3
    endloop
  endfacet
  facet normal 0.998786 0.0492599 0
    outer loop
      vertex -25.9 -28.9 2.7
      vertex -25.8942 -29.0176 3.3
      vertex -25.8942 -29.0176 2.7
    endloop
  endfacet
  facet normal 0.989153 0.146887 0
    outer loop
      vertex -25.8769 -29.1341 3.3
      vertex -25.8942 -29.0176 2.7
      vertex -25.8942 -29.0176 3.3
    endloop
  endfacet
  facet normal 0.989153 0.146887 0
    outer loop
      vertex -25.8942 -29.0176 2.7
      vertex -25.8769 -29.1341 3.3
      vertex -25.8769 -29.1341 2.7
    endloop
  endfacet
  facet normal 0.970042 0.242935 0
    outer loop
      vertex -25.8483 -29.2483 3.3
      vertex -25.8769 -29.1341 2.7
      vertex -25.8769 -29.1341 3.3
    endloop
  endfacet
  facet normal 0.970042 0.242935 0
    outer loop
      vertex -25.8769 -29.1341 2.7
      vertex -25.8483 -29.2483 3.3
      vertex -25.8483 -29.2483 2.7
    endloop
  endfacet
  facet normal 0.941492 0.337035 0
    outer loop
      vertex -25.8086 -29.3592 3.3
      vertex -25.8483 -29.2483 2.7
      vertex -25.8483 -29.2483 3.3
    endloop
  endfacet
  facet normal 0.941492 0.337035 0
    outer loop
      vertex -25.8483 -29.2483 2.7
      vertex -25.8086 -29.3592 3.3
      vertex -25.8086 -29.3592 2.7
    endloop
  endfacet
  facet normal 0.904221 0.427064 0
    outer loop
      vertex -25.7583 -29.4657 3.3
      vertex -25.8086 -29.3592 2.7
      vertex -25.8086 -29.3592 3.3
    endloop
  endfacet
  facet normal 0.904221 0.427064 0
    outer loop
      vertex -25.8086 -29.3592 2.7
      vertex -25.7583 -29.4657 3.3
      vertex -25.7583 -29.4657 2.7
    endloop
  endfacet
  facet normal 0.857493 0.514496 0
    outer loop
      vertex -25.6977 -29.5667 3.3
      vertex -25.7583 -29.4657 2.7
      vertex -25.7583 -29.4657 3.3
    endloop
  endfacet
  facet normal 0.857493 0.514496 0
    outer loop
      vertex -25.7583 -29.4657 2.7
      vertex -25.6977 -29.5667 3.3
      vertex -25.6977 -29.5667 2.7
    endloop
  endfacet
  facet normal 0.803452 0.59537 0
    outer loop
      vertex -25.6276 -29.6613 3.3
      vertex -25.6977 -29.5667 2.7
      vertex -25.6977 -29.5667 3.3
    endloop
  endfacet
  facet normal 0.803452 0.59537 0
    outer loop
      vertex -25.6977 -29.5667 2.7
      vertex -25.6276 -29.6613 3.3
      vertex -25.6276 -29.6613 2.7
    endloop
  endfacet
  facet normal 0.74067 0.671869 0
    outer loop
      vertex -25.5485 -29.7485 3.3
      vertex -25.6276 -29.6613 2.7
      vertex -25.6276 -29.6613 3.3
    endloop
  endfacet
  facet normal 0.74067 0.671869 0
    outer loop
      vertex -25.6276 -29.6613 2.7
      vertex -25.5485 -29.7485 3.3
      vertex -25.5485 -29.7485 2.7
    endloop
  endfacet
  facet normal 0.671869 0.74067 -0
    outer loop
      vertex -25.4613 -29.8276 2.7
      vertex -25.5485 -29.7485 3.3
      vertex -25.4613 -29.8276 3.3
    endloop
  endfacet
  facet normal 0.671869 0.74067 0
    outer loop
      vertex -25.5485 -29.7485 3.3
      vertex -25.4613 -29.8276 2.7
      vertex -25.5485 -29.7485 2.7
    endloop
  endfacet
  facet normal 0.59537 0.803452 -0
    outer loop
      vertex -25.3667 -29.8977 2.7
      vertex -25.4613 -29.8276 3.3
      vertex -25.3667 -29.8977 3.3
    endloop
  endfacet
  facet normal 0.59537 0.803452 0
    outer loop
      vertex -25.4613 -29.8276 3.3
      vertex -25.3667 -29.8977 2.7
      vertex -25.4613 -29.8276 2.7
    endloop
  endfacet
  facet normal 0.514496 0.857493 -0
    outer loop
      vertex -25.2657 -29.9583 2.7
      vertex -25.3667 -29.8977 3.3
      vertex -25.2657 -29.9583 3.3
    endloop
  endfacet
  facet normal 0.514496 0.857493 0
    outer loop
      vertex -25.3667 -29.8977 3.3
      vertex -25.2657 -29.9583 2.7
      vertex -25.3667 -29.8977 2.7
    endloop
  endfacet
  facet normal 0.427064 0.904221 -0
    outer loop
      vertex -25.1592 -30.0086 2.7
      vertex -25.2657 -29.9583 3.3
      vertex -25.1592 -30.0086 3.3
    endloop
  endfacet
  facet normal 0.427064 0.904221 0
    outer loop
      vertex -25.2657 -29.9583 3.3
      vertex -25.1592 -30.0086 2.7
      vertex -25.2657 -29.9583 2.7
    endloop
  endfacet
  facet normal 0.337035 0.941492 -0
    outer loop
      vertex -25.0483 -30.0483 2.7
      vertex -25.1592 -30.0086 3.3
      vertex -25.0483 -30.0483 3.3
    endloop
  endfacet
  facet normal 0.337035 0.941492 0
    outer loop
      vertex -25.1592 -30.0086 3.3
      vertex -25.0483 -30.0483 2.7
      vertex -25.1592 -30.0086 2.7
    endloop
  endfacet
  facet normal 0.242935 0.970042 -0
    outer loop
      vertex -24.9341 -30.0769 2.7
      vertex -25.0483 -30.0483 3.3
      vertex -24.9341 -30.0769 3.3
    endloop
  endfacet
  facet normal 0.242935 0.970042 0
    outer loop
      vertex -25.0483 -30.0483 3.3
      vertex -24.9341 -30.0769 2.7
      vertex -25.0483 -30.0483 2.7
    endloop
  endfacet
  facet normal 0.146887 0.989153 -0
    outer loop
      vertex -24.8176 -30.0942 2.7
      vertex -24.9341 -30.0769 3.3
      vertex -24.8176 -30.0942 3.3
    endloop
  endfacet
  facet normal 0.146887 0.989153 0
    outer loop
      vertex -24.9341 -30.0769 3.3
      vertex -24.8176 -30.0942 2.7
      vertex -24.9341 -30.0769 2.7
    endloop
  endfacet
  facet normal 0.0492599 0.998786 -0
    outer loop
      vertex -24.7 -30.1 2.7
      vertex -24.8176 -30.0942 3.3
      vertex -24.7 -30.1 3.3
    endloop
  endfacet
  facet normal 0.0492599 0.998786 0
    outer loop
      vertex -24.8176 -30.0942 3.3
      vertex -24.7 -30.1 2.7
      vertex -24.8176 -30.0942 2.7
    endloop
  endfacet
  facet normal 0 1 -0
    outer loop
      vertex -10.9 -30.1 2.7
      vertex -24.7 -30.1 3.3
      vertex -10.9 -30.1 3.3
    endloop
  endfacet
  facet normal 0 1 0
    outer loop
      vertex -24.7 -30.1 3.3
      vertex -10.9 -30.1 2.7
      vertex -24.7 -30.1 2.7
    endloop
  endfacet
  facet normal -0.0492599 0.998786 0
    outer loop
      vertex -10.7824 -30.0942 2.7
      vertex -10.9 -30.1 3.3
      vertex -10.7824 -30.0942 3.3
    endloop
  endfacet
  facet normal -0.0492599 0.998786 0
    outer loop
      vertex -10.9 -30.1 3.3
      vertex -10.7824 -30.0942 2.7
      vertex -10.9 -30.1 2.7
    endloop
  endfacet
  facet normal -0.146887 0.989153 0
    outer loop
      vertex 7.13411 -30.0769 2.7
      vertex 7.01761 -30.0942 3.3
      vertex 7.13411 -30.0769 3.3
    endloop
  endfacet
  facet normal -0.146887 0.989153 0
    outer loop
      vertex 7.01761 -30.0942 3.3
      vertex 7.13411 -30.0769 2.7
      vertex 7.01761 -30.0942 2.7
    endloop
  endfacet
  facet normal -0.242875 0.970058 0
    outer loop
      vertex 7.24834 -30.0483 2.7
      vertex 7.13411 -30.0769 3.3
      vertex 7.24834 -30.0483 3.3
    endloop
  endfacet
  facet normal -0.242875 0.970058 0
    outer loop
      vertex 7.13411 -30.0769 3.3
      vertex 7.24834 -30.0483 2.7
      vertex 7.13411 -30.0769 2.7
    endloop
  endfacet
  facet normal -0.337116 0.941463 0
    outer loop
      vertex 7.35921 -30.0086 2.7
      vertex 7.24834 -30.0483 3.3
      vertex 7.35921 -30.0086 3.3
    endloop
  endfacet
  facet normal -0.337116 0.941463 0
    outer loop
      vertex 7.24834 -30.0483 3.3
      vertex 7.35921 -30.0086 2.7
      vertex 7.24834 -30.0483 2.7
    endloop
  endfacet
  facet normal -0.427195 0.904159 0
    outer loop
      vertex 7.46567 -29.9583 2.7
      vertex 7.35921 -30.0086 3.3
      vertex 7.46567 -29.9583 3.3
    endloop
  endfacet
  facet normal -0.427195 0.904159 0
    outer loop
      vertex 7.35921 -30.0086 3.3
      vertex 7.46567 -29.9583 2.7
      vertex 7.35921 -30.0086 2.7
    endloop
  endfacet
  facet normal -0.514458 0.857515 0
    outer loop
      vertex 7.56668 -29.8977 2.7
      vertex 7.46567 -29.9583 3.3
      vertex 7.56668 -29.8977 3.3
    endloop
  endfacet
  facet normal -0.514458 0.857515 0
    outer loop
      vertex 7.46567 -29.9583 3.3
      vertex 7.56668 -29.8977 2.7
      vertex 7.46567 -29.9583 2.7
    endloop
  endfacet
  facet normal -0.59541 0.803422 0
    outer loop
      vertex 7.66127 -29.8276 2.7
      vertex 7.56668 -29.8977 3.3
      vertex 7.66127 -29.8276 3.3
    endloop
  endfacet
  facet normal -0.59541 0.803422 0
    outer loop
      vertex 7.56668 -29.8977 3.3
      vertex 7.66127 -29.8276 2.7
      vertex 7.56668 -29.8977 2.7
    endloop
  endfacet
  facet normal -0.671658 0.740862 0
    outer loop
      vertex 7.74852 -29.7485 2.7
      vertex 7.66127 -29.8276 3.3
      vertex 7.74852 -29.7485 3.3
    endloop
  endfacet
  facet normal -0.671658 0.740862 0
    outer loop
      vertex 7.66127 -29.8276 3.3
      vertex 7.74852 -29.7485 2.7
      vertex 7.66127 -29.8276 2.7
    endloop
  endfacet
  facet normal -0.740712 0.671823 0
    outer loop
      vertex 7.74852 -29.7485 2.7
      vertex 7.82761 -29.6613 3.3
      vertex 7.82761 -29.6613 2.7
    endloop
  endfacet
  facet normal -0.740712 0.671823 0
    outer loop
      vertex 7.82761 -29.6613 3.3
      vertex 7.74852 -29.7485 2.7
      vertex 7.74852 -29.7485 3.3
    endloop
  endfacet
  facet normal -0.803289 0.595589 0
    outer loop
      vertex 7.82761 -29.6613 2.7
      vertex 7.89775 -29.5667 3.3
      vertex 7.89775 -29.5667 2.7
    endloop
  endfacet
  facet normal -0.803289 0.595589 0
    outer loop
      vertex 7.89775 -29.5667 3.3
      vertex 7.82761 -29.6613 2.7
      vertex 7.82761 -29.6613 3.3
    endloop
  endfacet
  facet normal -0.85768 0.514184 0
    outer loop
      vertex 7.89775 -29.5667 2.7
      vertex 7.9583 -29.4657 3.3
      vertex 7.9583 -29.4657 2.7
    endloop
  endfacet
  facet normal -0.85768 0.514184 0
    outer loop
      vertex 7.9583 -29.4657 3.3
      vertex 7.89775 -29.5667 2.7
      vertex 7.89775 -29.5667 3.3
    endloop
  endfacet
  facet normal -0.904057 0.427411 0
    outer loop
      vertex 7.9583 -29.4657 2.7
      vertex 8.00865 -29.3592 3.3
      vertex 8.00865 -29.3592 2.7
    endloop
  endfacet
  facet normal -0.904057 0.427411 0
    outer loop
      vertex 8.00865 -29.3592 3.3
      vertex 7.9583 -29.4657 2.7
      vertex 7.9583 -29.4657 3.3
    endloop
  endfacet
  facet normal -0.941573 0.33681 0
    outer loop
      vertex 8.00865 -29.3592 2.7
      vertex 8.04832 -29.2483 3.3
      vertex 8.04832 -29.2483 2.7
    endloop
  endfacet
  facet normal -0.941573 0.33681 0
    outer loop
      vertex 8.04832 -29.2483 3.3
      vertex 8.00865 -29.3592 2.7
      vertex 8.00865 -29.3592 3.3
    endloop
  endfacet
  facet normal -0.970022 0.243015 0
    outer loop
      vertex 8.04832 -29.2483 2.7
      vertex 8.07693 -29.1341 3.3
      vertex 8.07693 -29.1341 2.7
    endloop
  endfacet
  facet normal -0.970022 0.243015 0
    outer loop
      vertex 8.07693 -29.1341 3.3
      vertex 8.04832 -29.2483 2.7
      vertex 8.04832 -29.2483 3.3
    endloop
  endfacet
  facet normal -0.989166 0.146804 0
    outer loop
      vertex 8.07693 -29.1341 2.7
      vertex 8.09422 -29.0176 3.3
      vertex 8.09422 -29.0176 2.7
    endloop
  endfacet
  facet normal -0.989166 0.146804 0
    outer loop
      vertex 8.09422 -29.0176 3.3
      vertex 8.07693 -29.1341 2.7
      vertex 8.07693 -29.1341 3.3
    endloop
  endfacet
  facet normal -0.998799 0.0490057 0
    outer loop
      vertex 8.09422 -29.0176 2.7
      vertex 8.09999 -28.9 3.3
      vertex 8.09999 -28.9 2.7
    endloop
  endfacet
  facet normal -0.998799 0.0490057 0
    outer loop
      vertex 8.09999 -28.9 3.3
      vertex 8.09422 -29.0176 2.7
      vertex 8.09422 -29.0176 3.3
    endloop
  endfacet
  facet normal -1 0 0
    outer loop
      vertex 8.09999 -28.9 2.7
      vertex 8.09999 -19.1 3.3
      vertex 8.09999 -19.1 2.7
    endloop
  endfacet
  facet normal -1 -0 0
    outer loop
      vertex 8.09999 -19.1 3.3
      vertex 8.09999 -28.9 2.7
      vertex 8.09999 -28.9 3.3
    endloop
  endfacet
  facet normal -0.998799 -0.0490057 0
    outer loop
      vertex 8.09999 -19.1 2.7
      vertex 8.09422 -18.9824 3.3
      vertex 8.09422 -18.9824 2.7
    endloop
  endfacet
  facet normal -0.998799 -0.0490057 0
    outer loop
      vertex 8.09422 -18.9824 3.3
      vertex 8.09999 -19.1 2.7
      vertex 8.09999 -19.1 3.3
    endloop
  endfacet
  facet normal -0.989166 -0.146804 0
    outer loop
      vertex 8.09422 -18.9824 2.7
      vertex 8.07693 -18.8659 3.3
      vertex 8.07693 -18.8659 2.7
    endloop
  endfacet
  facet normal -0.989166 -0.146804 0
    outer loop
      vertex 8.07693 -18.8659 3.3
      vertex 8.09422 -18.9824 2.7
      vertex 8.09422 -18.9824 3.3
    endloop
  endfacet
  facet normal -0.970073 -0.242815 0
    outer loop
      vertex 8.07693 -18.8659 2.7
      vertex 8.04832 -18.7516 3.3
      vertex 8.04832 -18.7516 2.7
    endloop
  endfacet
  facet normal -0.970073 -0.242815 0
    outer loop
      vertex 8.04832 -18.7516 3.3
      vertex 8.07693 -18.8659 2.7
      vertex 8.07693 -18.8659 3.3
    endloop
  endfacet
  facet normal -0.941476 -0.337079 0
    outer loop
      vertex 8.04832 -18.7516 2.7
      vertex 8.00865 -18.6408 3.3
      vertex 8.00865 -18.6408 2.7
    endloop
  endfacet
  facet normal -0.941476 -0.337079 0
    outer loop
      vertex 8.00865 -18.6408 3.3
      vertex 8.04832 -18.7516 2.7
      vertex 8.04832 -18.7516 3.3
    endloop
  endfacet
  facet normal -0.904057 -0.427411 0
    outer loop
      vertex 8.00865 -18.6408 2.7
      vertex 7.9583 -18.5343 3.3
      vertex 7.9583 -18.5343 2.7
    endloop
  endfacet
  facet normal -0.904057 -0.427411 0
    outer loop
      vertex 7.9583 -18.5343 3.3
      vertex 8.00865 -18.6408 2.7
      vertex 8.00865 -18.6408 3.3
    endloop
  endfacet
  facet normal -0.85768 -0.514184 0
    outer loop
      vertex 7.9583 -18.5343 2.7
      vertex 7.89775 -18.4333 3.3
      vertex 7.89775 -18.4333 2.7
    endloop
  endfacet
  facet normal -0.85768 -0.514184 0
    outer loop
      vertex 7.89775 -18.4333 3.3
      vertex 7.9583 -18.5343 2.7
      vertex 7.9583 -18.5343 3.3
    endloop
  endfacet
  facet normal -0.803289 -0.595589 0
    outer loop
      vertex 7.89775 -18.4333 2.7
      vertex 7.82761 -18.3387 3.3
      vertex 7.82761 -18.3387 2.7
    endloop
  endfacet
  facet normal -0.803289 -0.595589 0
    outer loop
      vertex 7.82761 -18.3387 3.3
      vertex 7.89775 -18.4333 2.7
      vertex 7.89775 -18.4333 3.3
    endloop
  endfacet
  facet normal -0.740712 -0.671823 0
    outer loop
      vertex 7.82761 -18.3387 2.7
      vertex 7.74852 -18.2515 3.3
      vertex 7.74852 -18.2515 2.7
    endloop
  endfacet
  facet normal -0.740712 -0.671823 0
    outer loop
      vertex 7.74852 -18.2515 3.3
      vertex 7.82761 -18.3387 2.7
      vertex 7.82761 -18.3387 3.3
    endloop
  endfacet
  facet normal -0.671658 -0.740862 0
    outer loop
      vertex 7.66127 -18.1724 2.7
      vertex 7.74852 -18.2515 3.3
      vertex 7.66127 -18.1724 3.3
    endloop
  endfacet
  facet normal -0.671658 -0.740862 -0
    outer loop
      vertex 7.74852 -18.2515 3.3
      vertex 7.66127 -18.1724 2.7
      vertex 7.74852 -18.2515 2.7
    endloop
  endfacet
  facet normal -0.595958 -0.803015 0
    outer loop
      vertex 7.56668 -18.1022 2.7
      vertex 7.66127 -18.1724 3.3
      vertex 7.56668 -18.1022 3.3
    endloop
  endfacet
  facet normal -0.595958 -0.803015 -0
    outer loop
      vertex 7.66127 -18.1724 3.3
      vertex 7.56668 -18.1022 2.7
      vertex 7.66127 -18.1724 2.7
    endloop
  endfacet
  facet normal -0.513834 -0.85789 0
    outer loop
      vertex 7.46567 -18.0417 2.7
      vertex 7.56668 -18.1022 3.3
      vertex 7.46567 -18.0417 3.3
    endloop
  endfacet
  facet normal -0.513834 -0.85789 -0
    outer loop
      vertex 7.56668 -18.1022 3.3
      vertex 7.46567 -18.0417 2.7
      vertex 7.56668 -18.1022 2.7
    endloop
  endfacet
  facet normal -0.427889 -0.903831 0
    outer loop
      vertex 7.35921 -17.9913 2.7
      vertex 7.46567 -18.0417 3.3
      vertex 7.35921 -17.9913 3.3
    endloop
  endfacet
  facet normal -0.427889 -0.903831 -0
    outer loop
      vertex 7.46567 -18.0417 3.3
      vertex 7.35921 -17.9913 2.7
      vertex 7.46567 -18.0417 2.7
    endloop
  endfacet
  facet normal -0.336363 -0.941732 0
    outer loop
      vertex 7.24834 -17.9517 2.7
      vertex 7.35921 -17.9913 3.3
      vertex 7.24834 -17.9517 3.3
    endloop
  endfacet
  facet normal -0.336363 -0.941732 -0
    outer loop
      vertex 7.35921 -17.9913 3.3
      vertex 7.24834 -17.9517 2.7
      vertex 7.35921 -17.9913 2.7
    endloop
  endfacet
  facet normal -0.243674 -0.969857 0
    outer loop
      vertex 7.13411 -17.923 2.7
      vertex 7.24834 -17.9517 3.3
      vertex 7.13411 -17.923 3.3
    endloop
  endfacet
  facet normal -0.243674 -0.969857 -0
    outer loop
      vertex 7.24834 -17.9517 3.3
      vertex 7.13411 -17.923 2.7
      vertex 7.24834 -17.9517 2.7
    endloop
  endfacet
  facet normal -0.146056 -0.989276 0
    outer loop
      vertex 7.01761 -17.9058 2.7
      vertex 7.13411 -17.923 3.3
      vertex 7.01761 -17.9058 3.3
    endloop
  endfacet
  facet normal -0.146056 -0.989276 -0
    outer loop
      vertex 7.13411 -17.923 3.3
      vertex 7.01761 -17.9058 2.7
      vertex 7.13411 -17.923 2.7
    endloop
  endfacet
  facet normal -0.0492515 -0.998786 0
    outer loop
      vertex 6.89999 -17.9 2.7
      vertex 7.01761 -17.9058 3.3
      vertex 6.89999 -17.9 3.3
    endloop
  endfacet
  facet normal -0.0492515 -0.998786 -0
    outer loop
      vertex 7.01761 -17.9058 3.3
      vertex 6.89999 -17.9 2.7
      vertex 7.01761 -17.9058 2.7
    endloop
  endfacet
  facet normal 0 -1 0
    outer loop
      vertex -6.89998 -17.9 2.7
      vertex 6.89999 -17.9 3.3
      vertex -6.89998 -17.9 3.3
    endloop
  endfacet
  facet normal 0 -1 -0
    outer loop
      vertex 6.89999 -17.9 3.3
      vertex -6.89998 -17.9 2.7
      vertex 6.89999 -17.9 2.7
    endloop
  endfacet
  facet normal 0.0492557 -0.998786 0
    outer loop
      vertex -7.01759 -17.9058 2.7
      vertex -6.89998 -17.9 3.3
      vertex -7.01759 -17.9058 3.3
    endloop
  endfacet
  facet normal 0.0492557 -0.998786 0
    outer loop
      vertex -6.89998 -17.9 3.3
      vertex -7.01759 -17.9058 2.7
      vertex -6.89998 -17.9 2.7
    endloop
  endfacet
  facet normal 0.146056 -0.989276 0
    outer loop
      vertex -7.13409 -17.923 2.7
      vertex -7.01759 -17.9058 3.3
      vertex -7.13409 -17.923 3.3
    endloop
  endfacet
  facet normal 0.146056 -0.989276 0
    outer loop
      vertex -7.01759 -17.9058 3.3
      vertex -7.13409 -17.923 2.7
      vertex -7.01759 -17.9058 2.7
    endloop
  endfacet
  facet normal 0.243674 -0.969857 0
    outer loop
      vertex -7.24832 -17.9517 2.7
      vertex -7.13409 -17.923 3.3
      vertex -7.24832 -17.9517 3.3
    endloop
  endfacet
  facet normal 0.243674 -0.969857 0
    outer loop
      vertex -7.13409 -17.923 3.3
      vertex -7.24832 -17.9517 2.7
      vertex -7.13409 -17.923 2.7
    endloop
  endfacet
  facet normal 0.336363 -0.941732 0
    outer loop
      vertex -7.35919 -17.9913 2.7
      vertex -7.24832 -17.9517 3.3
      vertex -7.35919 -17.9913 3.3
    endloop
  endfacet
  facet normal 0.336363 -0.941732 0
    outer loop
      vertex -7.24832 -17.9517 3.3
      vertex -7.35919 -17.9913 2.7
      vertex -7.24832 -17.9517 2.7
    endloop
  endfacet
  facet normal 0.427889 -0.903831 0
    outer loop
      vertex -7.46565 -18.0417 2.7
      vertex -7.35919 -17.9913 3.3
      vertex -7.46565 -18.0417 3.3
    endloop
  endfacet
  facet normal 0.427889 -0.903831 0
    outer loop
      vertex -7.35919 -17.9913 3.3
      vertex -7.46565 -18.0417 2.7
      vertex -7.35919 -17.9913 2.7
    endloop
  endfacet
  facet normal 0.513796 -0.857912 0
    outer loop
      vertex -7.56667 -18.1022 2.7
      vertex -7.46565 -18.0417 3.3
      vertex -7.56667 -18.1022 3.3
    endloop
  endfacet
  facet normal 0.513796 -0.857912 0
    outer loop
      vertex -7.46565 -18.0417 3.3
      vertex -7.56667 -18.1022 2.7
      vertex -7.46565 -18.0417 2.7
    endloop
  endfacet
  facet normal 0.595999 -0.802985 0
    outer loop
      vertex -7.66125 -18.1724 2.7
      vertex -7.56667 -18.1022 3.3
      vertex -7.66125 -18.1724 3.3
    endloop
  endfacet
  facet normal 0.595999 -0.802985 0
    outer loop
      vertex -7.56667 -18.1022 3.3
      vertex -7.66125 -18.1724 2.7
      vertex -7.56667 -18.1022 2.7
    endloop
  endfacet
  facet normal 0.671658 -0.740862 0
    outer loop
      vertex -7.7485 -18.2515 2.7
      vertex -7.66125 -18.1724 3.3
      vertex -7.7485 -18.2515 3.3
    endloop
  endfacet
  facet normal 0.671658 -0.740862 0
    outer loop
      vertex -7.66125 -18.1724 3.3
      vertex -7.7485 -18.2515 2.7
      vertex -7.66125 -18.1724 2.7
    endloop
  endfacet
  facet normal 0.740712 -0.671823 0
    outer loop
      vertex -7.82759 -18.3387 3.3
      vertex -7.7485 -18.2515 2.7
      vertex -7.7485 -18.2515 3.3
    endloop
  endfacet
  facet normal 0.740712 -0.671823 0
    outer loop
      vertex -7.7485 -18.2515 2.7
      vertex -7.82759 -18.3387 3.3
      vertex -7.82759 -18.3387 2.7
    endloop
  endfacet
  facet normal 0.803249 -0.595644 0
    outer loop
      vertex -7.89774 -18.4333 3.3
      vertex -7.82759 -18.3387 2.7
      vertex -7.82759 -18.3387 3.3
    endloop
  endfacet
  facet normal 0.803249 -0.595644 0
    outer loop
      vertex -7.82759 -18.3387 2.7
      vertex -7.89774 -18.4333 3.3
      vertex -7.89774 -18.4333 2.7
    endloop
  endfacet
  facet normal 0.857718 -0.514121 0
    outer loop
      vertex -7.95828 -18.5343 3.3
      vertex -7.89774 -18.4333 2.7
      vertex -7.89774 -18.4333 3.3
    endloop
  endfacet
  facet normal 0.857718 -0.514121 0
    outer loop
      vertex -7.89774 -18.4333 2.7
      vertex -7.95828 -18.5343 3.3
      vertex -7.95828 -18.5343 2.7
    endloop
  endfacet
  facet normal 0.904025 -0.427481 0
    outer loop
      vertex -8.00864 -18.6408 3.3
      vertex -7.95828 -18.5343 2.7
      vertex -7.95828 -18.5343 3.3
    endloop
  endfacet
  facet normal 0.904025 -0.427481 0
    outer loop
      vertex -7.95828 -18.5343 2.7
      vertex -8.00864 -18.6408 3.3
      vertex -8.00864 -18.6408 2.7
    endloop
  endfacet
  facet normal 0.941476 -0.337079 0
    outer loop
      vertex -8.04831 -18.7516 3.3
      vertex -8.00864 -18.6408 2.7
      vertex -8.00864 -18.6408 3.3
    endloop
  endfacet
  facet normal 0.941476 -0.337079 0
    outer loop
      vertex -8.00864 -18.6408 2.7
      vertex -8.04831 -18.7516 3.3
      vertex -8.04831 -18.7516 2.7
    endloop
  endfacet
  facet normal 0.970073 -0.242815 0
    outer loop
      vertex -8.07692 -18.8659 3.3
      vertex -8.04831 -18.7516 2.7
      vertex -8.04831 -18.7516 3.3
    endloop
  endfacet
  facet normal 0.970073 -0.242815 0
    outer loop
      vertex -8.04831 -18.7516 2.7
      vertex -8.07692 -18.8659 3.3
      vertex -8.07692 -18.8659 2.7
    endloop
  endfacet
  facet normal 0.989166 -0.146804 0
    outer loop
      vertex -8.09421 -18.9824 3.3
      vertex -8.07692 -18.8659 2.7
      vertex -8.07692 -18.8659 3.3
    endloop
  endfacet
  facet normal 0.989166 -0.146804 0
    outer loop
      vertex -8.07692 -18.8659 2.7
      vertex -8.09421 -18.9824 3.3
      vertex -8.09421 -18.9824 2.7
    endloop
  endfacet
  facet normal 0.998799 -0.0490057 0
    outer loop
      vertex -8.09998 -19.1 3.3
      vertex -8.09421 -18.9824 2.7
      vertex -8.09421 -18.9824 3.3
    endloop
  endfacet
  facet normal 0.998799 -0.0490057 0
    outer loop
      vertex -8.09421 -18.9824 2.7
      vertex -8.09998 -19.1 3.3
      vertex -8.09998 -19.1 2.7
    endloop
  endfacet
  facet normal 1 -0 0
    outer loop
      vertex -8.09998 -28.9 3.3
      vertex -8.09998 -19.1 2.7
      vertex -8.09998 -19.1 3.3
    endloop
  endfacet
  facet normal 1 0 0
    outer loop
      vertex -8.09998 -19.1 2.7
      vertex -8.09998 -28.9 3.3
      vertex -8.09998 -28.9 2.7
    endloop
  endfacet
  facet normal 0.998799 0.0490057 0
    outer loop
      vertex -8.09421 -29.0176 3.3
      vertex -8.09998 -28.9 2.7
      vertex -8.09998 -28.9 3.3
    endloop
  endfacet
  facet normal 0.998799 0.0490057 0
    outer loop
      vertex -8.09998 -28.9 2.7
      vertex -8.09421 -29.0176 3.3
      vertex -8.09421 -29.0176 2.7
    endloop
  endfacet
  facet normal 0.989166 0.146804 0
    outer loop
      vertex -8.07692 -29.1341 3.3
      vertex -8.09421 -29.0176 2.7
      vertex -8.09421 -29.0176 3.3
    endloop
  endfacet
  facet normal 0.989166 0.146804 0
    outer loop
      vertex -8.09421 -29.0176 2.7
      vertex -8.07692 -29.1341 3.3
      vertex -8.07692 -29.1341 2.7
    endloop
  endfacet
  facet normal 0.970022 0.243015 0
    outer loop
      vertex -8.04831 -29.2483 3.3
      vertex -8.07692 -29.1341 2.7
      vertex -8.07692 -29.1341 3.3
    endloop
  endfacet
  facet normal 0.970022 0.243015 0
    outer loop
      vertex -8.07692 -29.1341 2.7
      vertex -8.04831 -29.2483 3.3
      vertex -8.04831 -29.2483 2.7
    endloop
  endfacet
  facet normal 0.941573 0.33681 0
    outer loop
      vertex -8.00864 -29.3592 3.3
      vertex -8.04831 -29.2483 2.7
      vertex -8.04831 -29.2483 3.3
    endloop
  endfacet
  facet normal 0.941573 0.33681 0
    outer loop
      vertex -8.04831 -29.2483 2.7
      vertex -8.00864 -29.3592 3.3
      vertex -8.00864 -29.3592 2.7
    endloop
  endfacet
  facet normal 0.904025 0.427481 0
    outer loop
      vertex -7.95828 -29.4657 3.3
      vertex -8.00864 -29.3592 2.7
      vertex -8.00864 -29.3592 3.3
    endloop
  endfacet
  facet normal 0.904025 0.427481 0
    outer loop
      vertex -8.00864 -29.3592 2.7
      vertex -7.95828 -29.4657 3.3
      vertex -7.95828 -29.4657 2.7
    endloop
  endfacet
  facet normal 0.857718 0.514121 0
    outer loop
      vertex -7.89774 -29.5667 3.3
      vertex -7.95828 -29.4657 2.7
      vertex -7.95828 -29.4657 3.3
    endloop
  endfacet
  facet normal 0.857718 0.514121 0
    outer loop
      vertex -7.95828 -29.4657 2.7
      vertex -7.89774 -29.5667 3.3
      vertex -7.89774 -29.5667 2.7
    endloop
  endfacet
  facet normal 0.803249 0.595644 0
    outer loop
      vertex -7.82759 -29.6613 3.3
      vertex -7.89774 -29.5667 2.7
      vertex -7.89774 -29.5667 3.3
    endloop
  endfacet
  facet normal 0.803249 0.595644 0
    outer loop
      vertex -7.89774 -29.5667 2.7
      vertex -7.82759 -29.6613 3.3
      vertex -7.82759 -29.6613 2.7
    endloop
  endfacet
  facet normal 0.740712 0.671823 0
    outer loop
      vertex -7.7485 -29.7485 3.3
      vertex -7.82759 -29.6613 2.7
      vertex -7.82759 -29.6613 3.3
    endloop
  endfacet
  facet normal 0.740712 0.671823 0
    outer loop
      vertex -7.82759 -29.6613 2.7
      vertex -7.7485 -29.7485 3.3
      vertex -7.7485 -29.7485 2.7
    endloop
  endfacet
  facet normal 0.671658 0.740862 -0
    outer loop
      vertex -7.66125 -29.8276 2.7
      vertex -7.7485 -29.7485 3.3
      vertex -7.66125 -29.8276 3.3
    endloop
  endfacet
  facet normal 0.671658 0.740862 0
    outer loop
      vertex -7.7485 -29.7485 3.3
      vertex -7.66125 -29.8276 2.7
      vertex -7.7485 -29.7485 2.7
    endloop
  endfacet
  facet normal 0.595451 0.803392 -0
    outer loop
      vertex -7.56667 -29.8977 2.7
      vertex -7.66125 -29.8276 3.3
      vertex -7.56667 -29.8977 3.3
    endloop
  endfacet
  facet normal 0.595451 0.803392 0
    outer loop
      vertex -7.66125 -29.8276 3.3
      vertex -7.56667 -29.8977 2.7
      vertex -7.66125 -29.8276 2.7
    endloop
  endfacet
  facet normal 0.514421 0.857538 -0
    outer loop
      vertex -7.46565 -29.9583 2.7
      vertex -7.56667 -29.8977 3.3
      vertex -7.46565 -29.9583 3.3
    endloop
  endfacet
  facet normal 0.514421 0.857538 0
    outer loop
      vertex -7.56667 -29.8977 3.3
      vertex -7.46565 -29.9583 2.7
      vertex -7.56667 -29.8977 2.7
    endloop
  endfacet
  facet normal 0.427195 0.904159 -0
    outer loop
      vertex -7.35919 -30.0086 2.7
      vertex -7.46565 -29.9583 3.3
      vertex -7.35919 -30.0086 3.3
    endloop
  endfacet
  facet normal 0.427195 0.904159 0
    outer loop
      vertex -7.46565 -29.9583 3.3
      vertex -7.35919 -30.0086 2.7
      vertex -7.46565 -29.9583 2.7
    endloop
  endfacet
  facet normal 0.337116 0.941463 -0
    outer loop
      vertex -7.24832 -30.0483 2.7
      vertex -7.35919 -30.0086 3.3
      vertex -7.24832 -30.0483 3.3
    endloop
  endfacet
  facet normal 0.337116 0.941463 0
    outer loop
      vertex -7.35919 -30.0086 3.3
      vertex -7.24832 -30.0483 2.7
      vertex -7.35919 -30.0086 2.7
    endloop
  endfacet
  facet normal 0.242875 0.970058 -0
    outer loop
      vertex -7.13409 -30.0769 2.7
      vertex -7.24832 -30.0483 3.3
      vertex -7.13409 -30.0769 3.3
    endloop
  endfacet
  facet normal 0.242875 0.970058 0
    outer loop
      vertex -7.24832 -30.0483 3.3
      vertex -7.13409 -30.0769 2.7
      vertex -7.24832 -30.0483 2.7
    endloop
  endfacet
  facet normal 0.146887 0.989153 -0
    outer loop
      vertex -7.01759 -30.0942 2.7
      vertex -7.13409 -30.0769 3.3
      vertex -7.01759 -30.0942 3.3
    endloop
  endfacet
  facet normal 0.146887 0.989153 0
    outer loop
      vertex -7.13409 -30.0769 3.3
      vertex -7.01759 -30.0942 2.7
      vertex -7.13409 -30.0769 2.7
    endloop
  endfacet
  facet normal 0.0492557 0.998786 -0
    outer loop
      vertex -6.89998 -30.1 2.7
      vertex -7.01759 -30.0942 3.3
      vertex -6.89998 -30.1 3.3
    endloop
  endfacet
  facet normal 0.0492557 0.998786 0
    outer loop
      vertex -7.01759 -30.0942 3.3
      vertex -6.89998 -30.1 2.7
      vertex -7.01759 -30.0942 2.7
    endloop
  endfacet
  facet normal 0 1 -0
    outer loop
      vertex 6.89999 -30.1 2.7
      vertex -6.89998 -30.1 3.3
      vertex 6.89999 -30.1 3.3
    endloop
  endfacet
  facet normal 0 1 0
    outer loop
      vertex -6.89998 -30.1 3.3
      vertex 6.89999 -30.1 2.7
      vertex -6.89998 -30.1 2.7
    endloop
  endfacet
  facet normal -0.0492515 0.998786 0
    outer loop
      vertex 7.01761 -30.0942 2.7
      vertex 6.89999 -30.1 3.3
      vertex 7.01761 -30.0942 3.3
    endloop
  endfacet
  facet normal -0.0492515 0.998786 0
    outer loop
      vertex 6.89999 -30.1 3.3
      vertex 7.01761 -30.0942 2.7
      vertex 6.89999 -30.1 2.7
    endloop
  endfacet
  facet normal -0.146887 0.989153 0
    outer loop
      vertex 24.9341 -30.0769 2.7
      vertex 24.8176 -30.0942 3.3
      vertex 24.9341 -30.0769 3.3
    endloop
  endfacet
  facet normal -0.146887 0.989153 0
    outer loop
      vertex 24.8176 -30.0942 3.3
      vertex 24.9341 -30.0769 2.7
      vertex 24.8176 -30.0942 2.7
    endloop
  endfacet
  facet normal -0.242935 0.970042 0
    outer loop
      vertex 25.0483 -30.0483 2.7
      vertex 24.9341 -30.0769 3.3
      vertex 25.0483 -30.0483 3.3
    endloop
  endfacet
  facet normal -0.242935 0.970042 0
    outer loop
      vertex 24.9341 -30.0769 3.3
      vertex 25.0483 -30.0483 2.7
      vertex 24.9341 -30.0769 2.7
    endloop
  endfacet
  facet normal -0.337035 0.941492 0
    outer loop
      vertex 25.1592 -30.0086 2.7
      vertex 25.0483 -30.0483 3.3
      vertex 25.1592 -30.0086 3.3
    endloop
  endfacet
  facet normal -0.337035 0.941492 0
    outer loop
      vertex 25.0483 -30.0483 3.3
      vertex 25.1592 -30.0086 2.7
      vertex 25.0483 -30.0483 2.7
    endloop
  endfacet
  facet normal -0.427064 0.904221 0
    outer loop
      vertex 25.2657 -29.9583 2.7
      vertex 25.1592 -30.0086 3.3
      vertex 25.2657 -29.9583 3.3
    endloop
  endfacet
  facet normal -0.427064 0.904221 0
    outer loop
      vertex 25.1592 -30.0086 3.3
      vertex 25.2657 -29.9583 2.7
      vertex 25.1592 -30.0086 2.7
    endloop
  endfacet
  facet normal -0.514496 0.857493 0
    outer loop
      vertex 25.3667 -29.8977 2.7
      vertex 25.2657 -29.9583 3.3
      vertex 25.3667 -29.8977 3.3
    endloop
  endfacet
  facet normal -0.514496 0.857493 0
    outer loop
      vertex 25.2657 -29.9583 3.3
      vertex 25.3667 -29.8977 2.7
      vertex 25.2657 -29.9583 2.7
    endloop
  endfacet
  facet normal -0.59537 0.803452 0
    outer loop
      vertex 25.4613 -29.8276 2.7
      vertex 25.3667 -29.8977 3.3
      vertex 25.4613 -29.8276 3.3
    endloop
  endfacet
  facet normal -0.59537 0.803452 0
    outer loop
      vertex 25.3667 -29.8977 3.3
      vertex 25.4613 -29.8276 2.7
      vertex 25.3667 -29.8977 2.7
    endloop
  endfacet
  facet normal -0.671869 0.74067 0
    outer loop
      vertex 25.5485 -29.7485 2.7
      vertex 25.4613 -29.8276 3.3
      vertex 25.5485 -29.7485 3.3
    endloop
  endfacet
  facet normal -0.671869 0.74067 0
    outer loop
      vertex 25.4613 -29.8276 3.3
      vertex 25.5485 -29.7485 2.7
      vertex 25.4613 -29.8276 2.7
    endloop
  endfacet
  facet normal -0.74067 0.671869 0
    outer loop
      vertex 25.5485 -29.7485 2.7
      vertex 25.6276 -29.6613 3.3
      vertex 25.6276 -29.6613 2.7
    endloop
  endfacet
  facet normal -0.74067 0.671869 0
    outer loop
      vertex 25.6276 -29.6613 3.3
      vertex 25.5485 -29.7485 2.7
      vertex 25.5485 -29.7485 3.3
    endloop
  endfacet
  facet normal -0.803452 0.59537 0
    outer loop
      vertex 25.6276 -29.6613 2.7
      vertex 25.6977 -29.5667 3.3
      vertex 25.6977 -29.5667 2.7
    endloop
  endfacet
  facet normal -0.803452 0.59537 0
    outer loop
      vertex 25.6977 -29.5667 3.3
      vertex 25.6276 -29.6613 2.7
      vertex 25.6276 -29.6613 3.3
    endloop
  endfacet
  facet normal -0.857493 0.514496 0
    outer loop
      vertex 25.6977 -29.5667 2.7
      vertex 25.7583 -29.4657 3.3
      vertex 25.7583 -29.4657 2.7
    endloop
  endfacet
  facet normal -0.857493 0.514496 0
    outer loop
      vertex 25.7583 -29.4657 3.3
      vertex 25.6977 -29.5667 2.7
      vertex 25.6977 -29.5667 3.3
    endloop
  endfacet
  facet normal -0.904221 0.427064 0
    outer loop
      vertex 25.7583 -29.4657 2.7
      vertex 25.8086 -29.3592 3.3
      vertex 25.8086 -29.3592 2.7
    endloop
  endfacet
  facet normal -0.904221 0.427064 0
    outer loop
      vertex 25.8086 -29.3592 3.3
      vertex 25.7583 -29.4657 2.7
      vertex 25.7583 -29.4657 3.3
    endloop
  endfacet
  facet normal -0.941492 0.337035 0
    outer loop
      vertex 25.8086 -29.3592 2.7
      vertex 25.8483 -29.2483 3.3
      vertex 25.8483 -29.2483 2.7
    endloop
  endfacet
  facet normal -0.941492 0.337035 0
    outer loop
      vertex 25.8483 -29.2483 3.3
      vertex 25.8086 -29.3592 2.7
      vertex 25.8086 -29.3592 3.3
    endloop
  endfacet
  facet normal -0.970042 0.242935 0
    outer loop
      vertex 25.8483 -29.2483 2.7
      vertex 25.8769 -29.1341 3.3
      vertex 25.8769 -29.1341 2.7
    endloop
  endfacet
  facet normal -0.970042 0.242935 0
    outer loop
      vertex 25.8769 -29.1341 3.3
      vertex 25.8483 -29.2483 2.7
      vertex 25.8483 -29.2483 3.3
    endloop
  endfacet
  facet normal -0.989153 0.146887 0
    outer loop
      vertex 25.8769 -29.1341 2.7
      vertex 25.8942 -29.0176 3.3
      vertex 25.8942 -29.0176 2.7
    endloop
  endfacet
  facet normal -0.989153 0.146887 0
    outer loop
      vertex 25.8942 -29.0176 3.3
      vertex 25.8769 -29.1341 2.7
      vertex 25.8769 -29.1341 3.3
    endloop
  endfacet
  facet normal -0.998786 0.0492599 0
    outer loop
      vertex 25.8942 -29.0176 2.7
      vertex 25.9 -28.9 3.3
      vertex 25.9 -28.9 2.7
    endloop
  endfacet
  facet normal -0.998786 0.0492599 0
    outer loop
      vertex 25.9 -28.9 3.3
      vertex 25.8942 -29.0176 2.7
      vertex 25.8942 -29.0176 3.3
    endloop
  endfacet
  facet normal -1 0 0
    outer loop
      vertex 25.9 -28.9 2.7
      vertex 25.9 -19.1 3.3
      vertex 25.9 -19.1 2.7
    endloop
  endfacet
  facet normal -1 -0 0
    outer loop
      vertex 25.9 -19.1 3.3
      vertex 25.9 -28.9 2.7
      vertex 25.9 -28.9 3.3
    endloop
  endfacet
  facet normal -0.998786 -0.0492599 0
    outer loop
      vertex 25.9 -19.1 2.7
      vertex 25.8942 -18.9824 3.3
      vertex 25.8942 -18.9824 2.7
    endloop
  endfacet
  facet normal -0.998786 -0.0492599 0
    outer loop
      vertex 25.8942 -18.9824 3.3
      vertex 25.9 -19.1 2.7
      vertex 25.9 -19.1 3.3
    endloop
  endfacet
  facet normal -0.989153 -0.146887 0
    outer loop
      vertex 25.8942 -18.9824 2.7
      vertex 25.8769 -18.8659 3.3
      vertex 25.8769 -18.8659 2.7
    endloop
  endfacet
  facet normal -0.989153 -0.146887 0
    outer loop
      vertex 25.8769 -18.8659 3.3
      vertex 25.8942 -18.9824 2.7
      vertex 25.8942 -18.9824 3.3
    endloop
  endfacet
  facet normal -0.970093 -0.242735 0
    outer loop
      vertex 25.8769 -18.8659 2.7
      vertex 25.8483 -18.7516 3.3
      vertex 25.8483 -18.7516 2.7
    endloop
  endfacet
  facet normal -0.970093 -0.242735 0
    outer loop
      vertex 25.8483 -18.7516 3.3
      vertex 25.8769 -18.8659 2.7
      vertex 25.8769 -18.8659 3.3
    endloop
  endfacet
  facet normal -0.941395 -0.337305 0
    outer loop
      vertex 25.8483 -18.7516 2.7
      vertex 25.8086 -18.6408 3.3
      vertex 25.8086 -18.6408 2.7
    endloop
  endfacet
  facet normal -0.941395 -0.337305 0
    outer loop
      vertex 25.8086 -18.6408 3.3
      vertex 25.8483 -18.7516 2.7
      vertex 25.8483 -18.7516 3.3
    endloop
  endfacet
  facet normal -0.904221 -0.427064 0
    outer loop
      vertex 25.8086 -18.6408 2.7
      vertex 25.7583 -18.5343 3.3
      vertex 25.7583 -18.5343 2.7
    endloop
  endfacet
  facet normal -0.904221 -0.427064 0
    outer loop
      vertex 25.7583 -18.5343 3.3
      vertex 25.8086 -18.6408 2.7
      vertex 25.8086 -18.6408 3.3
    endloop
  endfacet
  facet normal -0.857493 -0.514496 0
    outer loop
      vertex 25.7583 -18.5343 2.7
      vertex 25.6977 -18.4333 3.3
      vertex 25.6977 -18.4333 2.7
    endloop
  endfacet
  facet normal -0.857493 -0.514496 0
    outer loop
      vertex 25.6977 -18.4333 3.3
      vertex 25.7583 -18.5343 2.7
      vertex 25.7583 -18.5343 3.3
    endloop
  endfacet
  facet normal -0.803452 -0.59537 0
    outer loop
      vertex 25.6977 -18.4333 2.7
      vertex 25.6276 -18.3387 3.3
      vertex 25.6276 -18.3387 2.7
    endloop
  endfacet
  facet normal -0.803452 -0.59537 0
    outer loop
      vertex 25.6276 -18.3387 3.3
      vertex 25.6977 -18.4333 2.7
      vertex 25.6977 -18.4333 3.3
    endloop
  endfacet
  facet normal -0.74067 -0.671869 0
    outer loop
      vertex 25.6276 -18.3387 2.7
      vertex 25.5485 -18.2515 3.3
      vertex 25.5485 -18.2515 2.7
    endloop
  endfacet
  facet normal -0.74067 -0.671869 0
    outer loop
      vertex 25.5485 -18.2515 3.3
      vertex 25.6276 -18.3387 2.7
      vertex 25.6276 -18.3387 3.3
    endloop
  endfacet
  facet normal -0.671869 -0.74067 0
    outer loop
      vertex 25.4613 -18.1724 2.7
      vertex 25.5485 -18.2515 3.3
      vertex 25.4613 -18.1724 3.3
    endloop
  endfacet
  facet normal -0.671869 -0.74067 -0
    outer loop
      vertex 25.5485 -18.2515 3.3
      vertex 25.4613 -18.1724 2.7
      vertex 25.5485 -18.2515 2.7
    endloop
  endfacet
  facet normal -0.595918 -0.803046 0
    outer loop
      vertex 25.3667 -18.1022 2.7
      vertex 25.4613 -18.1724 3.3
      vertex 25.3667 -18.1022 3.3
    endloop
  endfacet
  facet normal -0.595918 -0.803046 -0
    outer loop
      vertex 25.4613 -18.1724 3.3
      vertex 25.3667 -18.1022 2.7
      vertex 25.4613 -18.1724 2.7
    endloop
  endfacet
  facet normal -0.513871 -0.857867 0
    outer loop
      vertex 25.2657 -18.0417 2.7
      vertex 25.3667 -18.1022 3.3
      vertex 25.2657 -18.0417 3.3
    endloop
  endfacet
  facet normal -0.513871 -0.857867 -0
    outer loop
      vertex 25.3667 -18.1022 3.3
      vertex 25.2657 -18.0417 2.7
      vertex 25.3667 -18.1022 2.7
    endloop
  endfacet
  facet normal -0.427758 -0.903893 0
    outer loop
      vertex 25.1592 -17.9913 2.7
      vertex 25.2657 -18.0417 3.3
      vertex 25.1592 -17.9913 3.3
    endloop
  endfacet
  facet normal -0.427758 -0.903893 -0
    outer loop
      vertex 25.2657 -18.0417 3.3
      vertex 25.1592 -17.9913 2.7
      vertex 25.2657 -18.0417 2.7
    endloop
  endfacet
  facet normal -0.336283 -0.941761 0
    outer loop
      vertex 25.0483 -17.9517 2.7
      vertex 25.1592 -17.9913 3.3
      vertex 25.0483 -17.9517 3.3
    endloop
  endfacet
  facet normal -0.336283 -0.941761 -0
    outer loop
      vertex 25.1592 -17.9913 3.3
      vertex 25.0483 -17.9517 2.7
      vertex 25.1592 -17.9913 2.7
    endloop
  endfacet
  facet normal -0.243734 -0.969842 0
    outer loop
      vertex 24.9341 -17.923 2.7
      vertex 25.0483 -17.9517 3.3
      vertex 24.9341 -17.923 3.3
    endloop
  endfacet
  facet normal -0.243734 -0.969842 -0
    outer loop
      vertex 25.0483 -17.9517 3.3
      vertex 24.9341 -17.923 2.7
      vertex 25.0483 -17.9517 2.7
    endloop
  endfacet
  facet normal -0.146056 -0.989276 0
    outer loop
      vertex 24.8176 -17.9058 2.7
      vertex 24.9341 -17.923 3.3
      vertex 24.8176 -17.9058 3.3
    endloop
  endfacet
  facet normal -0.146056 -0.989276 -0
    outer loop
      vertex 24.9341 -17.923 3.3
      vertex 24.8176 -17.9058 2.7
      vertex 24.9341 -17.923 2.7
    endloop
  endfacet
  facet normal -0.0492599 -0.998786 0
    outer loop
      vertex 24.7 -17.9 2.7
      vertex 24.8176 -17.9058 3.3
      vertex 24.7 -17.9 3.3
    endloop
  endfacet
  facet normal -0.0492599 -0.998786 -0
    outer loop
      vertex 24.8176 -17.9058 3.3
      vertex 24.7 -17.9 2.7
      vertex 24.8176 -17.9058 2.7
    endloop
  endfacet
  facet normal 0 -1 0
    outer loop
      vertex 10.9 -17.9 2.7
      vertex 24.7 -17.9 3.3
      vertex 10.9 -17.9 3.3
    endloop
  endfacet
  facet normal 0 -1 -0
    outer loop
      vertex 24.7 -17.9 3.3
      vertex 10.9 -17.9 2.7
      vertex 24.7 -17.9 2.7
    endloop
  endfacet
  facet normal 0.0492599 -0.998786 0
    outer loop
      vertex 10.7824 -17.9058 2.7
      vertex 10.9 -17.9 3.3
      vertex 10.7824 -17.9058 3.3
    endloop
  endfacet
  facet normal 0.0492599 -0.998786 0
    outer loop
      vertex 10.9 -17.9 3.3
      vertex 10.7824 -17.9058 2.7
      vertex 10.9 -17.9 2.7
    endloop
  endfacet
  facet normal 0.146056 -0.989276 0
    outer loop
      vertex 10.6659 -17.923 2.7
      vertex 10.7824 -17.9058 3.3
      vertex 10.6659 -17.923 3.3
    endloop
  endfacet
  facet normal 0.146056 -0.989276 0
    outer loop
      vertex 10.7824 -17.9058 3.3
      vertex 10.6659 -17.923 2.7
      vertex 10.7824 -17.9058 2.7
    endloop
  endfacet
  facet normal 0.243734 -0.969842 0
    outer loop
      vertex 10.5517 -17.9517 2.7
      vertex 10.6659 -17.923 3.3
      vertex 10.5517 -17.9517 3.3
    endloop
  endfacet
  facet normal 0.243734 -0.969842 0
    outer loop
      vertex 10.6659 -17.923 3.3
      vertex 10.5517 -17.9517 2.7
      vertex 10.6659 -17.923 2.7
    endloop
  endfacet
  facet normal 0.336283 -0.941761 0
    outer loop
      vertex 10.4408 -17.9913 2.7
      vertex 10.5517 -17.9517 3.3
      vertex 10.4408 -17.9913 3.3
    endloop
  endfacet
  facet normal 0.336283 -0.941761 0
    outer loop
      vertex 10.5517 -17.9517 3.3
      vertex 10.4408 -17.9913 2.7
      vertex 10.5517 -17.9517 2.7
    endloop
  endfacet
  facet normal 0.427758 -0.903893 0
    outer loop
      vertex 10.3343 -18.0417 2.7
      vertex 10.4408 -17.9913 3.3
      vertex 10.3343 -18.0417 3.3
    endloop
  endfacet
  facet normal 0.427758 -0.903893 0
    outer loop
      vertex 10.4408 -17.9913 3.3
      vertex 10.3343 -18.0417 2.7
      vertex 10.4408 -17.9913 2.7
    endloop
  endfacet
  facet normal 0.513871 -0.857867 0
    outer loop
      vertex 10.2333 -18.1022 2.7
      vertex 10.3343 -18.0417 3.3
      vertex 10.2333 -18.1022 3.3
    endloop
  endfacet
  facet normal 0.513871 -0.857867 0
    outer loop
      vertex 10.3343 -18.0417 3.3
      vertex 10.2333 -18.1022 2.7
      vertex 10.3343 -18.0417 2.7
    endloop
  endfacet
  facet normal 0.595918 -0.803046 0
    outer loop
      vertex 10.1387 -18.1724 2.7
      vertex 10.2333 -18.1022 3.3
      vertex 10.1387 -18.1724 3.3
    endloop
  endfacet
  facet normal 0.595918 -0.803046 0
    outer loop
      vertex 10.2333 -18.1022 3.3
      vertex 10.1387 -18.1724 2.7
      vertex 10.2333 -18.1022 2.7
    endloop
  endfacet
  facet normal 0.671869 -0.74067 0
    outer loop
      vertex 10.0515 -18.2515 2.7
      vertex 10.1387 -18.1724 3.3
      vertex 10.0515 -18.2515 3.3
    endloop
  endfacet
  facet normal 0.671869 -0.74067 0
    outer loop
      vertex 10.1387 -18.1724 3.3
      vertex 10.0515 -18.2515 2.7
      vertex 10.1387 -18.1724 2.7
    endloop
  endfacet
  facet normal 0.740585 -0.671962 0
    outer loop
      vertex 9.97238 -18.3387 3.3
      vertex 10.0515 -18.2515 2.7
      vertex 10.0515 -18.2515 3.3
    endloop
  endfacet
  facet normal 0.740585 -0.671962 0
    outer loop
      vertex 10.0515 -18.2515 2.7
      vertex 9.97238 -18.3387 3.3
      vertex 9.97238 -18.3387 2.7
    endloop
  endfacet
  facet normal 0.803289 -0.595589 0
    outer loop
      vertex 9.90224 -18.4333 3.3
      vertex 9.97238 -18.3387 2.7
      vertex 9.97238 -18.3387 3.3
    endloop
  endfacet
  facet normal 0.803289 -0.595589 0
    outer loop
      vertex 9.97238 -18.3387 2.7
      vertex 9.90224 -18.4333 3.3
      vertex 9.90224 -18.4333 2.7
    endloop
  endfacet
  facet normal 0.85768 -0.514184 0
    outer loop
      vertex 9.84169 -18.5343 3.3
      vertex 9.90224 -18.4333 2.7
      vertex 9.90224 -18.4333 3.3
    endloop
  endfacet
  facet normal 0.85768 -0.514184 0
    outer loop
      vertex 9.90224 -18.4333 2.7
      vertex 9.84169 -18.5343 3.3
      vertex 9.84169 -18.5343 2.7
    endloop
  endfacet
  facet normal 0.904057 -0.427411 0
    outer loop
      vertex 9.79134 -18.6408 3.3
      vertex 9.84169 -18.5343 2.7
      vertex 9.84169 -18.5343 3.3
    endloop
  endfacet
  facet normal 0.904057 -0.427411 0
    outer loop
      vertex 9.84169 -18.5343 2.7
      vertex 9.79134 -18.6408 3.3
      vertex 9.79134 -18.6408 2.7
    endloop
  endfacet
  facet normal 0.941449 -0.337154 0
    outer loop
      vertex 9.75166 -18.7516 3.3
      vertex 9.79134 -18.6408 2.7
      vertex 9.79134 -18.6408 3.3
    endloop
  endfacet
  facet normal 0.941449 -0.337154 0
    outer loop
      vertex 9.79134 -18.6408 2.7
      vertex 9.75166 -18.7516 3.3
      vertex 9.75166 -18.7516 2.7
    endloop
  endfacet
  facet normal 0.970073 -0.242815 0
    outer loop
      vertex 9.72305 -18.8659 3.3
      vertex 9.75166 -18.7516 2.7
      vertex 9.75166 -18.7516 3.3
    endloop
  endfacet
  facet normal 0.970073 -0.242815 0
    outer loop
      vertex 9.75166 -18.7516 2.7
      vertex 9.72305 -18.8659 3.3
      vertex 9.72305 -18.8659 2.7
    endloop
  endfacet
  facet normal 0.989166 -0.146804 0
    outer loop
      vertex 9.70576 -18.9824 3.3
      vertex 9.72305 -18.8659 2.7
      vertex 9.72305 -18.8659 3.3
    endloop
  endfacet
  facet normal 0.989166 -0.146804 0
    outer loop
      vertex 9.72305 -18.8659 2.7
      vertex 9.70576 -18.9824 3.3
      vertex 9.70576 -18.9824 2.7
    endloop
  endfacet
  facet normal 0.998803 -0.0489209 0
    outer loop
      vertex 9.7 -19.1 3.3
      vertex 9.70576 -18.9824 2.7
      vertex 9.70576 -18.9824 3.3
    endloop
  endfacet
  facet normal 0.998803 -0.0489209 0
    outer loop
      vertex 9.70576 -18.9824 2.7
      vertex 9.7 -19.1 3.3
      vertex 9.7 -19.1 2.7
    endloop
  endfacet
  facet normal 1 -0 0
    outer loop
      vertex 9.7 -28.9 3.3
      vertex 9.7 -19.1 2.7
      vertex 9.7 -19.1 3.3
    endloop
  endfacet
  facet normal 1 0 0
    outer loop
      vertex 9.7 -19.1 2.7
      vertex 9.7 -28.9 3.3
      vertex 9.7 -28.9 2.7
    endloop
  endfacet
  facet normal 0.998803 0.0489209 0
    outer loop
      vertex 9.70576 -29.0176 3.3
      vertex 9.7 -28.9 2.7
      vertex 9.7 -28.9 3.3
    endloop
  endfacet
  facet normal 0.998803 0.0489209 0
    outer loop
      vertex 9.7 -28.9 2.7
      vertex 9.70576 -29.0176 3.3
      vertex 9.70576 -29.0176 2.7
    endloop
  endfacet
  facet normal 0.989166 0.146804 0
    outer loop
      vertex 9.72305 -29.1341 3.3
      vertex 9.70576 -29.0176 2.7
      vertex 9.70576 -29.0176 3.3
    endloop
  endfacet
  facet normal 0.989166 0.146804 0
    outer loop
      vertex 9.70576 -29.0176 2.7
      vertex 9.72305 -29.1341 3.3
      vertex 9.72305 -29.1341 2.7
    endloop
  endfacet
  facet normal 0.970022 0.243015 0
    outer loop
      vertex 9.75166 -29.2483 3.3
      vertex 9.72305 -29.1341 2.7
      vertex 9.72305 -29.1341 3.3
    endloop
  endfacet
  facet normal 0.970022 0.243015 0
    outer loop
      vertex 9.72305 -29.1341 2.7
      vertex 9.75166 -29.2483 3.3
      vertex 9.75166 -29.2483 2.7
    endloop
  endfacet
  facet normal 0.941546 0.336885 0
    outer loop
      vertex 9.79134 -29.3592 3.3
      vertex 9.75166 -29.2483 2.7
      vertex 9.75166 -29.2483 3.3
    endloop
  endfacet
  facet normal 0.941546 0.336885 0
    outer loop
      vertex 9.75166 -29.2483 2.7
      vertex 9.79134 -29.3592 3.3
      vertex 9.79134 -29.3592 2.7
    endloop
  endfacet
  facet normal 0.904057 0.427411 0
    outer loop
      vertex 9.84169 -29.4657 3.3
      vertex 9.79134 -29.3592 2.7
      vertex 9.79134 -29.3592 3.3
    endloop
  endfacet
  facet normal 0.904057 0.427411 0
    outer loop
      vertex 9.79134 -29.3592 2.7
      vertex 9.84169 -29.4657 3.3
      vertex 9.84169 -29.4657 2.7
    endloop
  endfacet
  facet normal 0.85768 0.514184 0
    outer loop
      vertex 9.90224 -29.5667 3.3
      vertex 9.84169 -29.4657 2.7
      vertex 9.84169 -29.4657 3.3
    endloop
  endfacet
  facet normal 0.85768 0.514184 0
    outer loop
      vertex 9.84169 -29.4657 2.7
      vertex 9.90224 -29.5667 3.3
      vertex 9.90224 -29.5667 2.7
    endloop
  endfacet
  facet normal 0.803289 0.595589 0
    outer loop
      vertex 9.97238 -29.6613 3.3
      vertex 9.90224 -29.5667 2.7
      vertex 9.90224 -29.5667 3.3
    endloop
  endfacet
  facet normal 0.803289 0.595589 0
    outer loop
      vertex 9.90224 -29.5667 2.7
      vertex 9.97238 -29.6613 3.3
      vertex 9.97238 -29.6613 2.7
    endloop
  endfacet
  facet normal 0.740585 0.671962 0
    outer loop
      vertex 10.0515 -29.7485 3.3
      vertex 9.97238 -29.6613 2.7
      vertex 9.97238 -29.6613 3.3
    endloop
  endfacet
  facet normal 0.740585 0.671962 0
    outer loop
      vertex 9.97238 -29.6613 2.7
      vertex 10.0515 -29.7485 3.3
      vertex 10.0515 -29.7485 2.7
    endloop
  endfacet
  facet normal 0.671869 0.74067 -0
    outer loop
      vertex 10.1387 -29.8276 2.7
      vertex 10.0515 -29.7485 3.3
      vertex 10.1387 -29.8276 3.3
    endloop
  endfacet
  facet normal 0.671869 0.74067 0
    outer loop
      vertex 10.0515 -29.7485 3.3
      vertex 10.1387 -29.8276 2.7
      vertex 10.0515 -29.7485 2.7
    endloop
  endfacet
  facet normal 0.59537 0.803452 -0
    outer loop
      vertex 10.2333 -29.8977 2.7
      vertex 10.1387 -29.8276 3.3
      vertex 10.2333 -29.8977 3.3
    endloop
  endfacet
  facet normal 0.59537 0.803452 0
    outer loop
      vertex 10.1387 -29.8276 3.3
      vertex 10.2333 -29.8977 2.7
      vertex 10.1387 -29.8276 2.7
    endloop
  endfacet
  facet normal 0.514496 0.857493 -0
    outer loop
      vertex 10.3343 -29.9583 2.7
      vertex 10.2333 -29.8977 3.3
      vertex 10.3343 -29.9583 3.3
    endloop
  endfacet
  facet normal 0.514496 0.857493 0
    outer loop
      vertex 10.2333 -29.8977 3.3
      vertex 10.3343 -29.9583 2.7
      vertex 10.2333 -29.8977 2.7
    endloop
  endfacet
  facet normal 0.427064 0.904221 -0
    outer loop
      vertex 10.4408 -30.0086 2.7
      vertex 10.3343 -29.9583 3.3
      vertex 10.4408 -30.0086 3.3
    endloop
  endfacet
  facet normal 0.427064 0.904221 0
    outer loop
      vertex 10.3343 -29.9583 3.3
      vertex 10.4408 -30.0086 2.7
      vertex 10.3343 -29.9583 2.7
    endloop
  endfacet
  facet normal 0.337035 0.941492 -0
    outer loop
      vertex 10.5517 -30.0483 2.7
      vertex 10.4408 -30.0086 3.3
      vertex 10.5517 -30.0483 3.3
    endloop
  endfacet
  facet normal 0.337035 0.941492 0
    outer loop
      vertex 10.4408 -30.0086 3.3
      vertex 10.5517 -30.0483 2.7
      vertex 10.4408 -30.0086 2.7
    endloop
  endfacet
  facet normal 0.242935 0.970042 -0
    outer loop
      vertex 10.6659 -30.0769 2.7
      vertex 10.5517 -30.0483 3.3
      vertex 10.6659 -30.0769 3.3
    endloop
  endfacet
  facet normal 0.242935 0.970042 0
    outer loop
      vertex 10.5517 -30.0483 3.3
      vertex 10.6659 -30.0769 2.7
      vertex 10.5517 -30.0483 2.7
    endloop
  endfacet
  facet normal 0.146887 0.989153 -0
    outer loop
      vertex 10.7824 -30.0942 2.7
      vertex 10.6659 -30.0769 3.3
      vertex 10.7824 -30.0942 3.3
    endloop
  endfacet
  facet normal 0.146887 0.989153 0
    outer loop
      vertex 10.6659 -30.0769 3.3
      vertex 10.7824 -30.0942 2.7
      vertex 10.6659 -30.0769 2.7
    endloop
  endfacet
  facet normal 0.0492599 0.998786 -0
    outer loop
      vertex 10.9 -30.1 2.7
      vertex 10.7824 -30.0942 3.3
      vertex 10.9 -30.1 3.3
    endloop
  endfacet
  facet normal 0.0492599 0.998786 0
    outer loop
      vertex 10.7824 -30.0942 3.3
      vertex 10.9 -30.1 2.7
      vertex 10.7824 -30.0942 2.7
    endloop
  endfacet
  facet normal 0 1 -0
    outer loop
      vertex 24.7 -30.1 2.7
      vertex 10.9 -30.1 3.3
      vertex 24.7 -30.1 3.3
    endloop
  endfacet
  facet normal 0 1 0
    outer loop
      vertex 10.9 -30.1 3.3
      vertex 24.7 -30.1 2.7
      vertex 10.9 -30.1 2.7
    endloop
  endfacet
  facet normal -0.0492599 0.998786 0
    outer loop
      vertex 24.8176 -30.0942 2.7
      vertex 24.7 -30.1 3.3
      vertex 24.8176 -30.0942 3.3
    endloop
  endfacet
  facet normal -0.0492599 0.998786 0
    outer loop
      vertex 24.7 -30.1 3.3
      vertex 24.8176 -30.0942 2.7
      vertex 24.7 -30.1 2.7
    endloop
  endfacet
  facet normal -0.98918 -0.146706 0
    outer loop
      vertex 4.97592 -46.5099 0
      vertex 4.90393 -46.0245 5.5
      vertex 4.90393 -46.0245 0
    endloop
  endfacet
  facet normal -0.98918 -0.146706 0
    outer loop
      vertex 4.90393 -46.0245 5.5
      vertex 4.97592 -46.5099 0
      vertex 4.97592 -46.5099 5.5
    endloop
  endfacet
  facet normal -0.998795 -0.0490736 0
    outer loop
      vertex 5 -47 0
      vertex 4.97592 -46.5099 5.5
      vertex 4.97592 -46.5099 0
    endloop
  endfacet
  facet normal -0.998795 -0.0490736 0
    outer loop
      vertex 4.97592 -46.5099 5.5
      vertex 5 -47 0
      vertex 5 -47 5.5
    endloop
  endfacet
  facet normal -0.97002 -0.243025 0
    outer loop
      vertex 4.90393 -46.0245 0
      vertex 4.7847 -45.5486 5.5
      vertex 4.7847 -45.5486 0
    endloop
  endfacet
  facet normal -0.97002 -0.243025 0
    outer loop
      vertex 4.7847 -45.5486 5.5
      vertex 4.90393 -46.0245 0
      vertex 4.90393 -46.0245 5.5
    endloop
  endfacet
  facet normal -0.146736 -0.989176 0
    outer loop
      vertex 0.490086 -42.0241 0
      vertex 0.975451 -42.0961 3.3
      vertex 0.490086 -42.0241 3.3
    endloop
  endfacet
  facet normal -0.146736 -0.989176 -0
    outer loop
      vertex 0.975451 -42.0961 3.3
      vertex 0.490086 -42.0241 0
      vertex 0.975451 -42.0961 0
    endloop
  endfacet
  facet normal -0.0491157 -0.998793 0
    outer loop
      vertex 0 -42 0
      vertex 0.490086 -42.0241 3.3
      vertex 0 -42 3.3
    endloop
  endfacet
  facet normal -0.0491157 -0.998793 -0
    outer loop
      vertex 0.490086 -42.0241 3.3
      vertex 0 -42 0
      vertex 0.490086 -42.0241 0
    endloop
  endfacet
  facet normal -0.336879 -0.941548 0
    outer loop
      vertex 1.45142 -42.2153 0
      vertex 1.91342 -42.3806 3.3
      vertex 1.45142 -42.2153 3.3
    endloop
  endfacet
  facet normal -0.336879 -0.941548 -0
    outer loop
      vertex 1.91342 -42.3806 3.3
      vertex 1.45142 -42.2153 0
      vertex 1.91342 -42.3806 0
    endloop
  endfacet
  facet normal 0.514163 -0.857692 0
    outer loop
      vertex -2.77785 -42.8427 0
      vertex -2.35698 -42.5904 3.3
      vertex -2.77785 -42.8427 3.3
    endloop
  endfacet
  facet normal 0.514163 -0.857692 0
    outer loop
      vertex -2.35698 -42.5904 3.3
      vertex -2.77785 -42.8427 0
      vertex -2.35698 -42.5904 0
    endloop
  endfacet
  facet normal 0.941564 -0.336834 0
    outer loop
      vertex -4.73154 -45.4 5.5
      vertex -4.7847 -45.5486 5.5
      vertex -4.73154 -45.4 3.3
    endloop
  endfacet
  facet normal 0.941541 -0.3369 0
    outer loop
      vertex -4.73154 -45.4 3.3
      vertex -4.6194 -45.0866 0
      vertex -4.6194 -45.0866 3.3
    endloop
  endfacet
  facet normal 0.941548 -0.336879 2.26031e-06
    outer loop
      vertex -4.73154 -45.4 3.3
      vertex -4.7847 -45.5486 0
      vertex -4.6194 -45.0866 0
    endloop
  endfacet
  facet normal 0.941564 -0.336834 0
    outer loop
      vertex -4.7847 -45.5486 0
      vertex -4.73154 -45.4 3.3
      vertex -4.7847 -45.5486 5.5
    endloop
  endfacet
  facet normal -0.427575 -0.90398 0
    outer loop
      vertex 1.91342 -42.3806 0
      vertex 2.35698 -42.5904 3.3
      vertex 1.91342 -42.3806 3.3
    endloop
  endfacet
  facet normal -0.427575 -0.90398 -0
    outer loop
      vertex 2.35698 -42.5904 3.3
      vertex 1.91342 -42.3806 0
      vertex 2.35698 -42.5904 0
    endloop
  endfacet
  facet normal -0.242934 -0.970043 0
    outer loop
      vertex 0.975451 -42.0961 0
      vertex 1.45142 -42.2153 3.3
      vertex 0.975451 -42.0961 3.3
    endloop
  endfacet
  facet normal -0.242934 -0.970043 -0
    outer loop
      vertex 1.45142 -42.2153 3.3
      vertex 0.975451 -42.0961 0
      vertex 1.45142 -42.2153 0
    endloop
  endfacet
  facet normal 0.595569 -0.803304 0
    outer loop
      vertex -3.17197 -43.1349 0
      vertex -2.77785 -42.8427 3.3
      vertex -3.17197 -43.1349 3.3
    endloop
  endfacet
  facet normal 0.595569 -0.803304 0
    outer loop
      vertex -2.77785 -42.8427 3.3
      vertex -3.17197 -43.1349 0
      vertex -2.77785 -42.8427 0
    endloop
  endfacet
  facet normal 0.336879 -0.941548 0
    outer loop
      vertex -1.91342 -42.3806 0
      vertex -1.45142 -42.2153 3.3
      vertex -1.91342 -42.3806 3.3
    endloop
  endfacet
  facet normal 0.336879 -0.941548 0
    outer loop
      vertex -1.45142 -42.2153 3.3
      vertex -1.91342 -42.3806 0
      vertex -1.45142 -42.2153 0
    endloop
  endfacet
  facet normal -0.803192 -0.59572 0
    outer loop
      vertex 4.15735 -44.2221 0
      vertex 3.86505 -43.828 3.3
      vertex 3.86505 -43.828 0
    endloop
  endfacet
  facet normal -0.803192 -0.59572 0
    outer loop
      vertex 3.86505 -43.828 3.3
      vertex 4.15735 -44.2221 0
      vertex 4.15735 -44.2221 3.3
    endloop
  endfacet
  facet normal 0.146736 -0.989176 0
    outer loop
      vertex -0.975451 -42.0961 0
      vertex -0.490086 -42.0241 3.3
      vertex -0.975451 -42.0961 3.3
    endloop
  endfacet
  facet normal 0.146736 -0.989176 0
    outer loop
      vertex -0.490086 -42.0241 3.3
      vertex -0.975451 -42.0961 0
      vertex -0.490086 -42.0241 0
    endloop
  endfacet
  facet normal 0.740887 -0.671629 0
    outer loop
      vertex -3.86505 -43.828 3.3
      vertex -3.53553 -43.4645 0
      vertex -3.53553 -43.4645 3.3
    endloop
  endfacet
  facet normal 0.740887 -0.671629 0
    outer loop
      vertex -3.53553 -43.4645 0
      vertex -3.86505 -43.828 3.3
      vertex -3.86505 -43.828 0
    endloop
  endfacet
  facet normal 0.97002 -0.243025 0
    outer loop
      vertex -4.90393 -46.0245 5.5
      vertex -4.7847 -45.5486 0
      vertex -4.7847 -45.5486 5.5
    endloop
  endfacet
  facet normal 0.97002 -0.243025 0
    outer loop
      vertex -4.7847 -45.5486 0
      vertex -4.90393 -46.0245 5.5
      vertex -4.90393 -46.0245 0
    endloop
  endfacet
  facet normal -0.595569 -0.803304 0
    outer loop
      vertex 2.77785 -42.8427 0
      vertex 3.17197 -43.1349 3.3
      vertex 2.77785 -42.8427 3.3
    endloop
  endfacet
  facet normal -0.595569 -0.803304 -0
    outer loop
      vertex 3.17197 -43.1349 3.3
      vertex 2.77785 -42.8427 0
      vertex 3.17197 -43.1349 0
    endloop
  endfacet
  facet normal -0.514163 -0.857692 0
    outer loop
      vertex 2.35698 -42.5904 0
      vertex 2.77785 -42.8427 3.3
      vertex 2.35698 -42.5904 3.3
    endloop
  endfacet
  facet normal -0.514163 -0.857692 -0
    outer loop
      vertex 2.77785 -42.8427 3.3
      vertex 2.35698 -42.5904 0
      vertex 2.77785 -42.8427 0
    endloop
  endfacet
  facet normal -0.941541 -0.3369 0
    outer loop
      vertex 4.6194 -45.0866 0
      vertex 4.73154 -45.4 3.3
      vertex 4.6194 -45.0866 3.3
    endloop
  endfacet
  facet normal -0.941548 -0.336879 2.26031e-06
    outer loop
      vertex 4.7847 -45.5486 0
      vertex 4.73154 -45.4 3.3
      vertex 4.6194 -45.0866 0
    endloop
  endfacet
  facet normal -0.941564 -0.336834 -0
    outer loop
      vertex 4.7847 -45.5486 5.5
      vertex 4.73154 -45.4 3.3
      vertex 4.7847 -45.5486 0
    endloop
  endfacet
  facet normal -0.941564 -0.336834 0
    outer loop
      vertex 4.73154 -45.4 3.3
      vertex 4.7847 -45.5486 5.5
      vertex 4.73154 -45.4 5.5
    endloop
  endfacet
  facet normal 0.998795 -0.0490736 0
    outer loop
      vertex -5 -47 5.5
      vertex -4.97592 -46.5099 0
      vertex -4.97592 -46.5099 5.5
    endloop
  endfacet
  facet normal 0.998795 -0.0490736 0
    outer loop
      vertex -4.97592 -46.5099 0
      vertex -5 -47 5.5
      vertex -5 -47 0
    endloop
  endfacet
  facet normal -0.740887 -0.671629 0
    outer loop
      vertex 3.86505 -43.828 0
      vertex 3.53553 -43.4645 3.3
      vertex 3.53553 -43.4645 0
    endloop
  endfacet
  facet normal -0.740887 -0.671629 0
    outer loop
      vertex 3.53553 -43.4645 3.3
      vertex 3.86505 -43.828 0
      vertex 3.86505 -43.828 3.3
    endloop
  endfacet
  facet normal -0.671658 -0.740861 0
    outer loop
      vertex 3.17197 -43.1349 0
      vertex 3.53553 -43.4645 3.3
      vertex 3.17197 -43.1349 3.3
    endloop
  endfacet
  facet normal -0.671658 -0.740861 -0
    outer loop
      vertex 3.53553 -43.4645 3.3
      vertex 3.17197 -43.1349 0
      vertex 3.53553 -43.4645 0
    endloop
  endfacet
  facet normal -0.904003 -0.427526 0
    outer loop
      vertex 4.6194 -45.0866 0
      vertex 4.40961 -44.643 3.3
      vertex 4.40961 -44.643 0
    endloop
  endfacet
  facet normal -0.904003 -0.427526 0
    outer loop
      vertex 4.40961 -44.643 3.3
      vertex 4.6194 -45.0866 0
      vertex 4.6194 -45.0866 3.3
    endloop
  endfacet
  facet normal 0.857745 -0.514076 0
    outer loop
      vertex -4.40961 -44.643 3.3
      vertex -4.15735 -44.2221 0
      vertex -4.15735 -44.2221 3.3
    endloop
  endfacet
  facet normal 0.857745 -0.514076 0
    outer loop
      vertex -4.15735 -44.2221 0
      vertex -4.40961 -44.643 3.3
      vertex -4.40961 -44.643 0
    endloop
  endfacet
  facet normal -0.857745 -0.514076 0
    outer loop
      vertex 4.40961 -44.643 0
      vertex 4.15735 -44.2221 3.3
      vertex 4.15735 -44.2221 0
    endloop
  endfacet
  facet normal -0.857745 -0.514076 0
    outer loop
      vertex 4.15735 -44.2221 3.3
      vertex 4.40961 -44.643 0
      vertex 4.40961 -44.643 3.3
    endloop
  endfacet
  facet normal 0.0491157 -0.998793 0
    outer loop
      vertex -0.490086 -42.0241 0
      vertex 0 -42 3.3
      vertex -0.490086 -42.0241 3.3
    endloop
  endfacet
  facet normal 0.0491157 -0.998793 0
    outer loop
      vertex 0 -42 3.3
      vertex -0.490086 -42.0241 0
      vertex 0 -42 0
    endloop
  endfacet
  facet normal 0.671658 -0.740861 0
    outer loop
      vertex -3.53553 -43.4645 0
      vertex -3.17197 -43.1349 3.3
      vertex -3.53553 -43.4645 3.3
    endloop
  endfacet
  facet normal 0.671658 -0.740861 0
    outer loop
      vertex -3.17197 -43.1349 3.3
      vertex -3.53553 -43.4645 0
      vertex -3.17197 -43.1349 0
    endloop
  endfacet
  facet normal 0.427575 -0.90398 0
    outer loop
      vertex -2.35698 -42.5904 0
      vertex -1.91342 -42.3806 3.3
      vertex -2.35698 -42.5904 3.3
    endloop
  endfacet
  facet normal 0.427575 -0.90398 0
    outer loop
      vertex -1.91342 -42.3806 3.3
      vertex -2.35698 -42.5904 0
      vertex -1.91342 -42.3806 0
    endloop
  endfacet
  facet normal 0.242934 -0.970043 0
    outer loop
      vertex -1.45142 -42.2153 0
      vertex -0.975451 -42.0961 3.3
      vertex -1.45142 -42.2153 3.3
    endloop
  endfacet
  facet normal 0.242934 -0.970043 0
    outer loop
      vertex -0.975451 -42.0961 3.3
      vertex -1.45142 -42.2153 0
      vertex -0.975451 -42.0961 0
    endloop
  endfacet
  facet normal 0.803192 -0.59572 0
    outer loop
      vertex -4.15735 -44.2221 3.3
      vertex -3.86505 -43.828 0
      vertex -3.86505 -43.828 3.3
    endloop
  endfacet
  facet normal 0.803192 -0.59572 0
    outer loop
      vertex -3.86505 -43.828 0
      vertex -4.15735 -44.2221 3.3
      vertex -4.15735 -44.2221 0
    endloop
  endfacet
  facet normal 0.904003 -0.427526 0
    outer loop
      vertex -4.6194 -45.0866 3.3
      vertex -4.40961 -44.643 0
      vertex -4.40961 -44.643 3.3
    endloop
  endfacet
  facet normal 0.904003 -0.427526 0
    outer loop
      vertex -4.40961 -44.643 0
      vertex -4.6194 -45.0866 3.3
      vertex -4.6194 -45.0866 0
    endloop
  endfacet
  facet normal 0.98918 -0.146706 0
    outer loop
      vertex -4.97592 -46.5099 5.5
      vertex -4.90393 -46.0245 0
      vertex -4.90393 -46.0245 5.5
    endloop
  endfacet
  facet normal 0.98918 -0.146706 0
    outer loop
      vertex -4.90393 -46.0245 0
      vertex -4.97592 -46.5099 5.5
      vertex -4.97592 -46.5099 0
    endloop
  endfacet
endsolid OpenSCAD_Model
