solid OpenSCAD_Model
  facet normal -0 0 -1
    outer loop
      vertex -87.5 -45.5 0
      vertex -93 -47 0
      vertex -87.5 -43.5 0
    endloop
  endfacet
  facet normal -0 0 -1
    outer loop
      vertex -87.488 -45.745 0
      vertex -93 -47 0
      vertex -87.5 -45.5 0
    endloop
  endfacet
  facet normal -0 0 -1
    outer loop
      vertex -87.452 -45.9877 0
      vertex -93 -47 0
      vertex -87.488 -45.745 0
    endloop
  endfacet
  facet normal -0 0 -1
    outer loop
      vertex -87.3923 -46.2257 0
      vertex -93 -47 0
      vertex -87.452 -45.9877 0
    endloop
  endfacet
  facet normal -0 0 -1
    outer loop
      vertex -87.3097 -46.4567 0
      vertex -93 -47 0
      vertex -87.3923 -46.2257 0
    endloop
  endfacet
  facet normal -0 0 -1
    outer loop
      vertex -87.2048 -46.6785 0
      vertex -93 -47 0
      vertex -87.3097 -46.4567 0
    endloop
  endfacet
  facet normal -0 0 -1
    outer loop
      vertex -87.0787 -46.8889 0
      vertex -93 -47 0
      vertex -87.2048 -46.6785 0
    endloop
  endfacet
  facet normal 0 0 -1
    outer loop
      vertex -93 -47 0
      vertex -87.0787 -46.8889 0
      vertex -86.9963 -47 0
    endloop
  endfacet
  facet normal 0 0 -1
    outer loop
      vertex -21.5 -47 0
      vertex -78.5 -45.5 0
      vertex -21.5 -44.5 0
    endloop
  endfacet
  facet normal 0 0 -1
    outer loop
      vertex -21.5 -47 0
      vertex -78.512 -45.745 0
      vertex -78.5 -45.5 0
    endloop
  endfacet
  facet normal 0 0 -1
    outer loop
      vertex -21.5 -47 0
      vertex -78.548 -45.9877 0
      vertex -78.512 -45.745 0
    endloop
  endfacet
  facet normal 0 0 -1
    outer loop
      vertex -21.5 -47 0
      vertex -78.6077 -46.2257 0
      vertex -78.548 -45.9877 0
    endloop
  endfacet
  facet normal 0 0 -1
    outer loop
      vertex -21.5 -47 0
      vertex -78.6903 -46.4567 0
      vertex -78.6077 -46.2257 0
    endloop
  endfacet
  facet normal 0 0 -1
    outer loop
      vertex -21.5 -47 0
      vertex -78.7952 -46.6785 0
      vertex -78.6903 -46.4567 0
    endloop
  endfacet
  facet normal 0 0 -1
    outer loop
      vertex -21.5 -47 0
      vertex -78.9213 -46.8889 0
      vertex -78.7952 -46.6785 0
    endloop
  endfacet
  facet normal 0 -0 -1
    outer loop
      vertex -78.9213 -46.8889 0
      vertex -21.5 -47 0
      vertex -79.0037 -47 0
    endloop
  endfacet
  facet normal 0 0 -1
    outer loop
      vertex -9 -47 0
      vertex -6 -44 0
      vertex -6.01445 -44.2941 0
    endloop
  endfacet
  facet normal 0 0 -1
    outer loop
      vertex -6 -44 0
      vertex -17.3049 -43.5192 0
      vertex -6 44 0
    endloop
  endfacet
  facet normal 0 0 -1
    outer loop
      vertex -9 -47 0
      vertex -6.01445 -44.2941 0
      vertex -6.05765 -44.5853 0
    endloop
  endfacet
  facet normal 0 0 -1
    outer loop
      vertex -17.402 -43.5048 0
      vertex -6 44 0
      vertex -17.3049 -43.5192 0
    endloop
  endfacet
  facet normal 0 0 -1
    outer loop
      vertex -9 -47 0
      vertex -6.05765 -44.5853 0
      vertex -6.12918 -44.8708 0
    endloop
  endfacet
  facet normal 0 0 -1
    outer loop
      vertex -6 -44 0
      vertex -17.2097 -43.5431 0
      vertex -17.3049 -43.5192 0
    endloop
  endfacet
  facet normal 0 0 -1
    outer loop
      vertex -9 -47 0
      vertex -6.12918 -44.8708 0
      vertex -6.22836 -45.1481 0
    endloop
  endfacet
  facet normal 0 0 -1
    outer loop
      vertex -17.5 -43.5 0
      vertex -6 44 0
      vertex -17.402 -43.5048 0
    endloop
  endfacet
  facet normal 0 0 -1
    outer loop
      vertex -9 -47 0
      vertex -6.22836 -45.1481 0
      vertex -6.35423 -45.4142 0
    endloop
  endfacet
  facet normal 0 0 -1
    outer loop
      vertex -20.5 -43.5 0
      vertex -6 44 0
      vertex -17.5 -43.5 0
    endloop
  endfacet
  facet normal 0 0 -1
    outer loop
      vertex -9 -47 0
      vertex -6.35423 -45.4142 0
      vertex -6.50558 -45.6667 0
    endloop
  endfacet
  facet normal 0 0 -1
    outer loop
      vertex -20.598 -43.5048 0
      vertex -6 44 0
      vertex -20.5 -43.5 0
    endloop
  endfacet
  facet normal 0 0 -1
    outer loop
      vertex -9 -47 0
      vertex -6.50558 -45.6667 0
      vertex -6.68097 -45.9032 0
    endloop
  endfacet
  facet normal 0 0 -1
    outer loop
      vertex -6 -44 0
      vertex -17.1173 -43.5761 0
      vertex -17.2097 -43.5431 0
    endloop
  endfacet
  facet normal 0 0 -1
    outer loop
      vertex -9 -47 0
      vertex -6.68097 -45.9032 0
      vertex -6.87868 -46.1213 0
    endloop
  endfacet
  facet normal 0 0 -1
    outer loop
      vertex -20.6951 -43.5192 0
      vertex -6 44 0
      vertex -20.598 -43.5048 0
    endloop
  endfacet
  facet normal 0 0 -1
    outer loop
      vertex -9 -47 0
      vertex -6.87868 -46.1213 0
      vertex -7.09682 -46.319 0
    endloop
  endfacet
  facet normal 0 0 -1
    outer loop
      vertex -20.7903 -43.5431 0
      vertex -6 44 0
      vertex -20.6951 -43.5192 0
    endloop
  endfacet
  facet normal 0 0 -1
    outer loop
      vertex -9 -47 0
      vertex -7.09682 -46.319 0
      vertex -7.33328 -46.4944 0
    endloop
  endfacet
  facet normal 0 0 -1
    outer loop
      vertex -20.8827 -43.5761 0
      vertex -6 44 0
      vertex -20.7903 -43.5431 0
    endloop
  endfacet
  facet normal 0 0 -1
    outer loop
      vertex -9 -47 0
      vertex -7.33328 -46.4944 0
      vertex -7.58582 -46.6458 0
    endloop
  endfacet
  facet normal 0 0 -1
    outer loop
      vertex -20.9714 -43.6181 0
      vertex -6 44 0
      vertex -20.8827 -43.5761 0
    endloop
  endfacet
  facet normal 0 0 -1
    outer loop
      vertex -9 -47 0
      vertex -7.58582 -46.6458 0
      vertex -7.85194 -46.7716 0
    endloop
  endfacet
  facet normal 0 0 -1
    outer loop
      vertex -6 -44 0
      vertex -17.0286 -43.6181 0
      vertex -17.1173 -43.5761 0
    endloop
  endfacet
  facet normal 0 0 -1
    outer loop
      vertex -9 -47 0
      vertex -7.85194 -46.7716 0
      vertex -8.12915 -46.8708 0
    endloop
  endfacet
  facet normal 0 0 -1
    outer loop
      vertex -6 44 0
      vertex -9 47 0
      vertex -6.01445 44.2941 0
    endloop
  endfacet
  facet normal 0 0 -1
    outer loop
      vertex -9 -47 0
      vertex -8.12915 -46.8708 0
      vertex -8.41473 -46.9424 0
    endloop
  endfacet
  facet normal 0 0 -1
    outer loop
      vertex -6.05765 44.5853 0
      vertex -9 47 0
      vertex -6.12918 44.8708 0
    endloop
  endfacet
  facet normal 0 0 -1
    outer loop
      vertex -9 -47 0
      vertex -8.41473 -46.9424 0
      vertex -8.70595 -46.9855 0
    endloop
  endfacet
  facet normal 0 0 -1
    outer loop
      vertex -6.22836 45.1481 0
      vertex -9 47 0
      vertex -6.35423 45.4142 0
    endloop
  endfacet
  facet normal 0 0 -1
    outer loop
      vertex -16.5761 -44.1173 0
      vertex -6 -44 0
      vertex -9 -47 0
    endloop
  endfacet
  facet normal 0 0 -1
    outer loop
      vertex -6.35423 45.4142 0
      vertex -9 47 0
      vertex -6.50558 45.6667 0
    endloop
  endfacet
  facet normal 0 0 -1
    outer loop
      vertex -16.5 -44.5 0
      vertex -9 -47 0
      vertex -16.5 -47 0
    endloop
  endfacet
  facet normal 0 0 -1
    outer loop
      vertex -16.5048 -44.402 0
      vertex -9 -47 0
      vertex -16.5 -44.5 0
    endloop
  endfacet
  facet normal 0 0 -1
    outer loop
      vertex -16.5192 -44.3049 0
      vertex -9 -47 0
      vertex -16.5048 -44.402 0
    endloop
  endfacet
  facet normal 0 0 -1
    outer loop
      vertex -16.5431 -44.2097 0
      vertex -9 -47 0
      vertex -16.5192 -44.3049 0
    endloop
  endfacet
  facet normal 0 0 -1
    outer loop
      vertex -16.5761 -44.1173 0
      vertex -9 -47 0
      vertex -16.5431 -44.2097 0
    endloop
  endfacet
  facet normal 0 0 -1
    outer loop
      vertex -6 -44 0
      vertex -16.5761 -44.1173 0
      vertex -16.6181 -44.0286 0
    endloop
  endfacet
  facet normal -0 0 -1
    outer loop
      vertex -6 -44 0
      vertex -16.6181 -44.0286 0
      vertex -16.6685 -43.9444 0
    endloop
  endfacet
  facet normal 0 0 -1
    outer loop
      vertex -6 -44 0
      vertex -16.6685 -43.9444 0
      vertex -16.727 -43.8656 0
    endloop
  endfacet
  facet normal 0 0 -1
    outer loop
      vertex -6 -44 0
      vertex -16.727 -43.8656 0
      vertex -16.7929 -43.7929 0
    endloop
  endfacet
  facet normal 0 0 -1
    outer loop
      vertex -6 -44 0
      vertex -16.7929 -43.7929 0
      vertex -16.8656 -43.727 0
    endloop
  endfacet
  facet normal 0 0 -1
    outer loop
      vertex -6 -44 0
      vertex -16.8656 -43.727 0
      vertex -16.9444 -43.6685 0
    endloop
  endfacet
  facet normal 0 0 -1
    outer loop
      vertex -6 -44 0
      vertex -16.9444 -43.6685 0
      vertex -17.0286 -43.6181 0
    endloop
  endfacet
  facet normal 0 0 -1
    outer loop
      vertex -6.68097 45.9032 0
      vertex -9 47 0
      vertex -6.87868 46.1213 0
    endloop
  endfacet
  facet normal 0 0 -1
    outer loop
      vertex -7.33328 46.4944 0
      vertex -9 47 0
      vertex -7.58582 46.6458 0
    endloop
  endfacet
  facet normal 0 0 -1
    outer loop
      vertex -7.85194 46.7716 0
      vertex -9 47 0
      vertex -8.12915 46.8708 0
    endloop
  endfacet
  facet normal 0 0 -1
    outer loop
      vertex -8.41473 46.9424 0
      vertex -9 47 0
      vertex -8.70595 46.9855 0
    endloop
  endfacet
  facet normal 0 0 -1
    outer loop
      vertex -8.12915 46.8708 0
      vertex -9 47 0
      vertex -8.41473 46.9424 0
    endloop
  endfacet
  facet normal 0 0 -1
    outer loop
      vertex -7.58582 46.6458 0
      vertex -9 47 0
      vertex -7.85194 46.7716 0
    endloop
  endfacet
  facet normal 0 0 -1
    outer loop
      vertex -7.09682 46.319 0
      vertex -9 47 0
      vertex -7.33328 46.4944 0
    endloop
  endfacet
  facet normal 0 0 -1
    outer loop
      vertex -6.87868 46.1213 0
      vertex -9 47 0
      vertex -7.09682 46.319 0
    endloop
  endfacet
  facet normal 0 0 -1
    outer loop
      vertex -6.50558 45.6667 0
      vertex -9 47 0
      vertex -6.68097 45.9032 0
    endloop
  endfacet
  facet normal 0 0 -1
    outer loop
      vertex -6.12918 44.8708 0
      vertex -9 47 0
      vertex -6.22836 45.1481 0
    endloop
  endfacet
  facet normal 0 0 -1
    outer loop
      vertex -6.01445 44.2941 0
      vertex -9 47 0
      vertex -6.05765 44.5853 0
    endloop
  endfacet
  facet normal 0 0 -1
    outer loop
      vertex -82 47 0
      vertex -6 44 0
      vertex -20.9714 -43.6181 0
    endloop
  endfacet
  facet normal 0 0 -1
    outer loop
      vertex -79.6111 -41.4213 0
      vertex -20.9714 -43.6181 0
      vertex -21.0556 -43.6685 0
    endloop
  endfacet
  facet normal 0 0 -1
    outer loop
      vertex -79.414 -41.5675 0
      vertex -21.0556 -43.6685 0
      vertex -21.1344 -43.727 0
    endloop
  endfacet
  facet normal 0 0 -1
    outer loop
      vertex -79.2322 -41.7322 0
      vertex -21.1344 -43.727 0
      vertex -21.2071 -43.7929 0
    endloop
  endfacet
  facet normal 0 0 -1
    outer loop
      vertex -79.0675 -41.914 0
      vertex -21.2071 -43.7929 0
      vertex -21.273 -43.8656 0
    endloop
  endfacet
  facet normal 0 0 -1
    outer loop
      vertex -78.9213 -42.1111 0
      vertex -21.273 -43.8656 0
      vertex -21.3315 -43.9444 0
    endloop
  endfacet
  facet normal 0 0 -1
    outer loop
      vertex -78.7952 -42.3215 0
      vertex -21.3315 -43.9444 0
      vertex -21.3819 -44.0286 0
    endloop
  endfacet
  facet normal 0 0 -1
    outer loop
      vertex -78.6903 -42.5433 0
      vertex -21.3819 -44.0286 0
      vertex -21.4239 -44.1173 0
    endloop
  endfacet
  facet normal 0 0 -1
    outer loop
      vertex -78.6077 -42.7743 0
      vertex -21.4239 -44.1173 0
      vertex -21.4569 -44.2097 0
    endloop
  endfacet
  facet normal 0 0 -1
    outer loop
      vertex -78.548 -43.0123 0
      vertex -21.4569 -44.2097 0
      vertex -21.4808 -44.3049 0
    endloop
  endfacet
  facet normal 0 0 -1
    outer loop
      vertex -78.512 -43.255 0
      vertex -21.4808 -44.3049 0
      vertex -21.4952 -44.402 0
    endloop
  endfacet
  facet normal 0 0 -1
    outer loop
      vertex -78.5 -43.5 0
      vertex -21.5 -44.5 0
      vertex -78.5 -45.5 0
    endloop
  endfacet
  facet normal 0 0 -1
    outer loop
      vertex -21.5 -44.5 0
      vertex -78.5 -43.5 0
      vertex -21.4952 -44.402 0
    endloop
  endfacet
  facet normal 0 0 -1
    outer loop
      vertex -78.512 -43.255 0
      vertex -21.4952 -44.402 0
      vertex -78.5 -43.5 0
    endloop
  endfacet
  facet normal 0 0 -1
    outer loop
      vertex -21.4808 -44.3049 0
      vertex -78.512 -43.255 0
      vertex -78.548 -43.0123 0
    endloop
  endfacet
  facet normal 0 0 -1
    outer loop
      vertex -21.4569 -44.2097 0
      vertex -78.548 -43.0123 0
      vertex -78.6077 -42.7743 0
    endloop
  endfacet
  facet normal 0 0 -1
    outer loop
      vertex -21.4239 -44.1173 0
      vertex -78.6077 -42.7743 0
      vertex -78.6903 -42.5433 0
    endloop
  endfacet
  facet normal 0 0 -1
    outer loop
      vertex -21.3819 -44.0286 0
      vertex -78.6903 -42.5433 0
      vertex -78.7952 -42.3215 0
    endloop
  endfacet
  facet normal 0 0 -1
    outer loop
      vertex -21.3315 -43.9444 0
      vertex -78.7952 -42.3215 0
      vertex -78.9213 -42.1111 0
    endloop
  endfacet
  facet normal 0 0 -1
    outer loop
      vertex -21.273 -43.8656 0
      vertex -78.9213 -42.1111 0
      vertex -79.0675 -41.914 0
    endloop
  endfacet
  facet normal 0 0 -1
    outer loop
      vertex -21.2071 -43.7929 0
      vertex -79.0675 -41.914 0
      vertex -79.2322 -41.7322 0
    endloop
  endfacet
  facet normal 0 0 -1
    outer loop
      vertex -21.1344 -43.727 0
      vertex -79.2322 -41.7322 0
      vertex -79.414 -41.5675 0
    endloop
  endfacet
  facet normal 0 0 -1
    outer loop
      vertex -21.0556 -43.6685 0
      vertex -79.414 -41.5675 0
      vertex -79.6111 -41.4213 0
    endloop
  endfacet
  facet normal 0 0 -1
    outer loop
      vertex -20.9714 -43.6181 0
      vertex -79.6111 -41.4213 0
      vertex -82 47 0
    endloop
  endfacet
  facet normal 0 0 -1
    outer loop
      vertex -82 47 0
      vertex -79.6111 -41.4213 0
      vertex -79.8215 -41.2952 0
    endloop
  endfacet
  facet normal 0 0 -1
    outer loop
      vertex -96 33 0
      vertex -79.8215 -41.2952 0
      vertex -80.0433 -41.1903 0
    endloop
  endfacet
  facet normal 0 0 -1
    outer loop
      vertex -96 33 0
      vertex -80.0433 -41.1903 0
      vertex -80.2743 -41.1077 0
    endloop
  endfacet
  facet normal 0 0 -1
    outer loop
      vertex -96 33 0
      vertex -80.2743 -41.1077 0
      vertex -80.5123 -41.048 0
    endloop
  endfacet
  facet normal 0 0 -1
    outer loop
      vertex -96 33 0
      vertex -80.5123 -41.048 0
      vertex -80.755 -41.012 0
    endloop
  endfacet
  facet normal 0 0 -1
    outer loop
      vertex -96 33 0
      vertex -80.755 -41.012 0
      vertex -81 -41 0
    endloop
  endfacet
  facet normal 0 0 -1
    outer loop
      vertex -6 44 0
      vertex -82 47 0
      vertex -9 47 0
    endloop
  endfacet
  facet normal 0 0 -1
    outer loop
      vertex -96 33 0
      vertex -81 -41 0
      vertex -85 -41 0
    endloop
  endfacet
  facet normal 0 0 -1
    outer loop
      vertex -96 33 0
      vertex -85 -41 0
      vertex -85.245 -41.012 0
    endloop
  endfacet
  facet normal 0 0 -1
    outer loop
      vertex -96 33 0
      vertex -85.245 -41.012 0
      vertex -85.4877 -41.048 0
    endloop
  endfacet
  facet normal 0 0 -1
    outer loop
      vertex -96 33 0
      vertex -85.4877 -41.048 0
      vertex -85.7257 -41.1077 0
    endloop
  endfacet
  facet normal 0 0 -1
    outer loop
      vertex -96 33 0
      vertex -85.7257 -41.1077 0
      vertex -85.9567 -41.1903 0
    endloop
  endfacet
  facet normal 0 0 -1
    outer loop
      vertex -96 -44 0
      vertex -85.9567 -41.1903 0
      vertex -86.1785 -41.2952 0
    endloop
  endfacet
  facet normal 0 0 -1
    outer loop
      vertex -96 -44 0
      vertex -86.1785 -41.2952 0
      vertex -86.3889 -41.4213 0
    endloop
  endfacet
  facet normal 0 0 -1
    outer loop
      vertex -96 -44 0
      vertex -86.3889 -41.4213 0
      vertex -86.586 -41.5675 0
    endloop
  endfacet
  facet normal 0 0 -1
    outer loop
      vertex -96 -44 0
      vertex -86.586 -41.5675 0
      vertex -86.7678 -41.7322 0
    endloop
  endfacet
  facet normal 0 0 -1
    outer loop
      vertex -96 -44 0
      vertex -86.7678 -41.7322 0
      vertex -86.9325 -41.914 0
    endloop
  endfacet
  facet normal 0 0 -1
    outer loop
      vertex -96 -44 0
      vertex -86.9325 -41.914 0
      vertex -87.0787 -42.1111 0
    endloop
  endfacet
  facet normal 0 0 -1
    outer loop
      vertex -96 -44 0
      vertex -87.0787 -42.1111 0
      vertex -87.2048 -42.3215 0
    endloop
  endfacet
  facet normal 0 0 -1
    outer loop
      vertex -96 -44 0
      vertex -87.2048 -42.3215 0
      vertex -87.3097 -42.5433 0
    endloop
  endfacet
  facet normal 0 0 -1
    outer loop
      vertex -96 -44 0
      vertex -87.3097 -42.5433 0
      vertex -87.3923 -42.7743 0
    endloop
  endfacet
  facet normal 0 0 -1
    outer loop
      vertex -96 -44 0
      vertex -87.3923 -42.7743 0
      vertex -87.452 -43.0123 0
    endloop
  endfacet
  facet normal 0 0 -1
    outer loop
      vertex -96 -44 0
      vertex -87.452 -43.0123 0
      vertex -87.488 -43.255 0
    endloop
  endfacet
  facet normal 0 0 -1
    outer loop
      vertex -93 -47 0
      vertex -87.488 -43.255 0
      vertex -87.5 -43.5 0
    endloop
  endfacet
  facet normal 0 0 -1
    outer loop
      vertex -96 -44 0
      vertex -87.488 -43.255 0
      vertex -93 -47 0
    endloop
  endfacet
  facet normal 0 0 -1
    outer loop
      vertex -96 -44 0
      vertex -93 -47 0
      vertex -93.2941 -46.9855 0
    endloop
  endfacet
  facet normal 0 0 -1
    outer loop
      vertex -96 -44 0
      vertex -93.2941 -46.9855 0
      vertex -93.5853 -46.9424 0
    endloop
  endfacet
  facet normal 0 0 -1
    outer loop
      vertex -96 -44 0
      vertex -93.5853 -46.9424 0
      vertex -93.8708 -46.8708 0
    endloop
  endfacet
  facet normal 0 0 -1
    outer loop
      vertex -96 -44 0
      vertex -93.8708 -46.8708 0
      vertex -94.1481 -46.7716 0
    endloop
  endfacet
  facet normal 0 0 -1
    outer loop
      vertex -96 -44 0
      vertex -94.1481 -46.7716 0
      vertex -94.4142 -46.6458 0
    endloop
  endfacet
  facet normal 0 0 -1
    outer loop
      vertex -96 -44 0
      vertex -94.4142 -46.6458 0
      vertex -94.6667 -46.4944 0
    endloop
  endfacet
  facet normal 0 0 -1
    outer loop
      vertex -96 -44 0
      vertex -94.6667 -46.4944 0
      vertex -94.9032 -46.319 0
    endloop
  endfacet
  facet normal 0 0 -1
    outer loop
      vertex -96 -44 0
      vertex -94.9032 -46.319 0
      vertex -95.1213 -46.1213 0
    endloop
  endfacet
  facet normal 0 0 -1
    outer loop
      vertex -96 -44 0
      vertex -95.1213 -46.1213 0
      vertex -95.319 -45.9032 0
    endloop
  endfacet
  facet normal 0 0 -1
    outer loop
      vertex -96 -44 0
      vertex -95.319 -45.9032 0
      vertex -95.4944 -45.6667 0
    endloop
  endfacet
  facet normal 0 0 -1
    outer loop
      vertex -96 -44 0
      vertex -95.4944 -45.6667 0
      vertex -95.6458 -45.4142 0
    endloop
  endfacet
  facet normal 0 0 -1
    outer loop
      vertex -96 -44 0
      vertex -95.6458 -45.4142 0
      vertex -95.7716 -45.1481 0
    endloop
  endfacet
  facet normal 0 0 -1
    outer loop
      vertex -96 -44 0
      vertex -95.7716 -45.1481 0
      vertex -95.8708 -44.8708 0
    endloop
  endfacet
  facet normal 0 0 -1
    outer loop
      vertex -96 -44 0
      vertex -95.8708 -44.8708 0
      vertex -95.9424 -44.5853 0
    endloop
  endfacet
  facet normal 0 0 -1
    outer loop
      vertex -96 -44 0
      vertex -95.9424 -44.5853 0
      vertex -95.9855 -44.2941 0
    endloop
  endfacet
  facet normal -0 0 -1
    outer loop
      vertex -85.9567 -41.1903 0
      vertex -96 -44 0
      vertex -96 33 0
    endloop
  endfacet
  facet normal 0 0 -1
    outer loop
      vertex -79.8215 -41.2952 0
      vertex -96 33 0
      vertex -82 47 0
    endloop
  endfacet
  facet normal 0 0 1
    outer loop
      vertex -76.9 -43.4607 5.5
      vertex -78.512 -43.255 5.5
      vertex -78.5 -43.5 5.5
    endloop
  endfacet
  facet normal 0 0 1
    outer loop
      vertex -78.0995 -40.5995 5.5
      vertex -78.548 -43.0123 5.5
      vertex -78.512 -43.255 5.5
    endloop
  endfacet
  facet normal 0 0 1
    outer loop
      vertex -78.0995 -40.5995 5.5
      vertex -78.6077 -42.7743 5.5
      vertex -78.548 -43.0123 5.5
    endloop
  endfacet
  facet normal 0 0 1
    outer loop
      vertex -78.0995 -40.5995 5.5
      vertex -78.6903 -42.5433 5.5
      vertex -78.6077 -42.7743 5.5
    endloop
  endfacet
  facet normal 0 0 1
    outer loop
      vertex -79.414 -41.5675 5.5
      vertex -78.3977 -40.3292 5.5
      vertex -78.7211 -40.0894 5.5
    endloop
  endfacet
  facet normal 0 0 1
    outer loop
      vertex -78.0995 -40.5995 5.5
      vertex -78.7952 -42.3215 5.5
      vertex -78.6903 -42.5433 5.5
    endloop
  endfacet
  facet normal 0 0 1
    outer loop
      vertex -78.0995 -40.5995 5.5
      vertex -78.9213 -42.1111 5.5
      vertex -78.7952 -42.3215 5.5
    endloop
  endfacet
  facet normal 0 0 1
    outer loop
      vertex -79.6111 -41.4213 5.5
      vertex -78.7211 -40.0894 5.5
      vertex -79.0664 -39.8824 5.5
    endloop
  endfacet
  facet normal 0 0 1
    outer loop
      vertex -78.0995 -40.5995 5.5
      vertex -79.0675 -41.914 5.5
      vertex -78.9213 -42.1111 5.5
    endloop
  endfacet
  facet normal 0 0 1
    outer loop
      vertex -78.0995 -40.5995 5.5
      vertex -79.2322 -41.7322 5.5
      vertex -79.0675 -41.914 5.5
    endloop
  endfacet
  facet normal 0 0 1
    outer loop
      vertex -78.3977 -40.3292 5.5
      vertex -79.414 -41.5675 5.5
      vertex -79.2322 -41.7322 5.5
    endloop
  endfacet
  facet normal 0 0 1
    outer loop
      vertex -79.8215 -41.2952 5.5
      vertex -79.0664 -39.8824 5.5
      vertex -79.4303 -39.7103 5.5
    endloop
  endfacet
  facet normal 0 0 1
    outer loop
      vertex -78.7211 -40.0894 5.5
      vertex -79.6111 -41.4213 5.5
      vertex -79.414 -41.5675 5.5
    endloop
  endfacet
  facet normal 0 0 1
    outer loop
      vertex -80.0433 -41.1903 5.5
      vertex -79.4303 -39.7103 5.5
      vertex -79.8092 -39.5747 5.5
    endloop
  endfacet
  facet normal 0 0 1
    outer loop
      vertex -79.0664 -39.8824 5.5
      vertex -79.8215 -41.2952 5.5
      vertex -79.6111 -41.4213 5.5
    endloop
  endfacet
  facet normal 0 0 1
    outer loop
      vertex -79.4303 -39.7103 5.5
      vertex -80.0433 -41.1903 5.5
      vertex -79.8215 -41.2952 5.5
    endloop
  endfacet
  facet normal 0 0 1
    outer loop
      vertex -80.2743 -41.1077 5.5
      vertex -79.8092 -39.5747 5.5
      vertex -80.1997 -39.4769 5.5
    endloop
  endfacet
  facet normal 0 0 1
    outer loop
      vertex -79.8092 -39.5747 5.5
      vertex -80.2743 -41.1077 5.5
      vertex -80.0433 -41.1903 5.5
    endloop
  endfacet
  facet normal 0 0 1
    outer loop
      vertex -80.1997 -39.4769 5.5
      vertex -80.5123 -41.048 5.5
      vertex -80.2743 -41.1077 5.5
    endloop
  endfacet
  facet normal 0 0 1
    outer loop
      vertex -80.5979 -39.4178 5.5
      vertex -80.5123 -41.048 5.5
      vertex -80.1997 -39.4769 5.5
    endloop
  endfacet
  facet normal 0 0 1
    outer loop
      vertex -80.5979 -39.4178 5.5
      vertex -80.755 -41.012 5.5
      vertex -80.5123 -41.048 5.5
    endloop
  endfacet
  facet normal 0 0 1
    outer loop
      vertex -80.9607 -39.4 5.5
      vertex -80.755 -41.012 5.5
      vertex -80.5979 -39.4178 5.5
    endloop
  endfacet
  facet normal 0 0 1
    outer loop
      vertex -80.9607 -39.4 5.5
      vertex -81 -41 5.5
      vertex -80.755 -41.012 5.5
    endloop
  endfacet
  facet normal 0 0 1
    outer loop
      vertex -80.9607 -39.4 5.5
      vertex -85 -41 5.5
      vertex -81 -41 5.5
    endloop
  endfacet
  facet normal -0 0 1
    outer loop
      vertex -85.0393 -39.4 5.5
      vertex -85 -41 5.5
      vertex -80.9607 -39.4 5.5
    endloop
  endfacet
  facet normal 0 0 1
    outer loop
      vertex -85.0393 -39.4 5.5
      vertex -85.245 -41.012 5.5
      vertex -85 -41 5.5
    endloop
  endfacet
  facet normal -0 0 1
    outer loop
      vertex -85.4021 -39.4178 5.5
      vertex -85.245 -41.012 5.5
      vertex -85.0393 -39.4 5.5
    endloop
  endfacet
  facet normal 0 0 1
    outer loop
      vertex -85.4021 -39.4178 5.5
      vertex -85.4877 -41.048 5.5
      vertex -85.245 -41.012 5.5
    endloop
  endfacet
  facet normal -0 0 1
    outer loop
      vertex -85.8003 -39.4769 5.5
      vertex -85.4877 -41.048 5.5
      vertex -85.4021 -39.4178 5.5
    endloop
  endfacet
  facet normal 0 0 1
    outer loop
      vertex -85.4877 -41.048 5.5
      vertex -85.8003 -39.4769 5.5
      vertex -85.7257 -41.1077 5.5
    endloop
  endfacet
  facet normal -0 0 1
    outer loop
      vertex -86.1908 -39.5747 5.5
      vertex -85.7257 -41.1077 5.5
      vertex -85.8003 -39.4769 5.5
    endloop
  endfacet
  facet normal 0 0 1
    outer loop
      vertex -85.7257 -41.1077 5.5
      vertex -86.1908 -39.5747 5.5
      vertex -85.9567 -41.1903 5.5
    endloop
  endfacet
  facet normal -0 0 1
    outer loop
      vertex -86.5697 -39.7103 5.5
      vertex -85.9567 -41.1903 5.5
      vertex -86.1908 -39.5747 5.5
    endloop
  endfacet
  facet normal 0 0 1
    outer loop
      vertex -85.9567 -41.1903 5.5
      vertex -86.5697 -39.7103 5.5
      vertex -86.1785 -41.2952 5.5
    endloop
  endfacet
  facet normal -0 0 1
    outer loop
      vertex -86.9336 -39.8824 5.5
      vertex -86.1785 -41.2952 5.5
      vertex -86.5697 -39.7103 5.5
    endloop
  endfacet
  facet normal 0 0 1
    outer loop
      vertex -86.1785 -41.2952 5.5
      vertex -86.9336 -39.8824 5.5
      vertex -86.3889 -41.4213 5.5
    endloop
  endfacet
  facet normal -0 0 1
    outer loop
      vertex -87.2789 -40.0894 5.5
      vertex -86.3889 -41.4213 5.5
      vertex -86.9336 -39.8824 5.5
    endloop
  endfacet
  facet normal 0 0 1
    outer loop
      vertex -86.3889 -41.4213 5.5
      vertex -87.2789 -40.0894 5.5
      vertex -86.586 -41.5675 5.5
    endloop
  endfacet
  facet normal -0 0 1
    outer loop
      vertex -87.6023 -40.3292 5.5
      vertex -86.586 -41.5675 5.5
      vertex -87.2789 -40.0894 5.5
    endloop
  endfacet
  facet normal 0 0 1
    outer loop
      vertex -86.586 -41.5675 5.5
      vertex -87.6023 -40.3292 5.5
      vertex -86.7678 -41.7322 5.5
    endloop
  endfacet
  facet normal -0 0 1
    outer loop
      vertex -87.9005 -40.5995 5.5
      vertex -86.7678 -41.7322 5.5
      vertex -87.6023 -40.3292 5.5
    endloop
  endfacet
  facet normal 0 0 1
    outer loop
      vertex -86.7678 -41.7322 5.5
      vertex -87.9005 -40.5995 5.5
      vertex -86.9325 -41.914 5.5
    endloop
  endfacet
  facet normal -0 0 1
    outer loop
      vertex -88.1708 -40.8977 5.5
      vertex -86.9325 -41.914 5.5
      vertex -87.9005 -40.5995 5.5
    endloop
  endfacet
  facet normal 0 0 1
    outer loop
      vertex -86.9325 -41.914 5.5
      vertex -88.1708 -40.8977 5.5
      vertex -87.0787 -42.1111 5.5
    endloop
  endfacet
  facet normal -0 0 1
    outer loop
      vertex -88.4106 -41.2211 5.5
      vertex -87.0787 -42.1111 5.5
      vertex -88.1708 -40.8977 5.5
    endloop
  endfacet
  facet normal 0 0 1
    outer loop
      vertex -87.0787 -42.1111 5.5
      vertex -88.4106 -41.2211 5.5
      vertex -87.2048 -42.3215 5.5
    endloop
  endfacet
  facet normal -0 0 1
    outer loop
      vertex -88.7897 -41.9303 5.5
      vertex -87.3097 -42.5433 5.5
      vertex -88.6176 -41.5664 5.5
    endloop
  endfacet
  facet normal 0 0 1
    outer loop
      vertex -87.2048 -42.3215 5.5
      vertex -88.6176 -41.5664 5.5
      vertex -87.3097 -42.5433 5.5
    endloop
  endfacet
  facet normal -0 0 1
    outer loop
      vertex -88.6176 -41.5664 5.5
      vertex -87.2048 -42.3215 5.5
      vertex -88.4106 -41.2211 5.5
    endloop
  endfacet
  facet normal 0 0 1
    outer loop
      vertex -87.3097 -42.5433 5.5
      vertex -88.7897 -41.9303 5.5
      vertex -87.3923 -42.7743 5.5
    endloop
  endfacet
  facet normal -0 0 1
    outer loop
      vertex -88.9253 -42.3092 5.5
      vertex -87.3923 -42.7743 5.5
      vertex -88.7897 -41.9303 5.5
    endloop
  endfacet
  facet normal 0 0 1
    outer loop
      vertex -87.3923 -42.7743 5.5
      vertex -88.9253 -42.3092 5.5
      vertex -87.452 -43.0123 5.5
    endloop
  endfacet
  facet normal -0 0 1
    outer loop
      vertex -89.0231 -42.6997 5.5
      vertex -87.452 -43.0123 5.5
      vertex -88.9253 -42.3092 5.5
    endloop
  endfacet
  facet normal 0 0 1
    outer loop
      vertex -87.452 -43.0123 5.5
      vertex -89.0231 -42.6997 5.5
      vertex -87.488 -43.255 5.5
    endloop
  endfacet
  facet normal -0 0 1
    outer loop
      vertex -89.0822 -43.0979 5.5
      vertex -87.488 -43.255 5.5
      vertex -89.0231 -42.6997 5.5
    endloop
  endfacet
  facet normal 0 0 1
    outer loop
      vertex -89.1 -43.4607 5.5
      vertex -87.488 -43.255 5.5
      vertex -89.0822 -43.0979 5.5
    endloop
  endfacet
  facet normal 0 0 1
    outer loop
      vertex -87.488 -43.255 5.5
      vertex -89.1 -43.4607 5.5
      vertex -87.5 -43.5 5.5
    endloop
  endfacet
  facet normal 0 0 1
    outer loop
      vertex -89.1 -45.4 5.5
      vertex -87.5 -43.5 5.5
      vertex -89.1 -43.4607 5.5
    endloop
  endfacet
  facet normal 0 0 1
    outer loop
      vertex -87.5 -43.5 5.5
      vertex -89.1 -45.4 5.5
      vertex -87.5 -45.5 5.5
    endloop
  endfacet
  facet normal 0 0 1
    outer loop
      vertex -87.5 -45.5 5.5
      vertex -89.1 -45.4 5.5
      vertex -87.488 -45.745 5.5
    endloop
  endfacet
  facet normal 0 0 1
    outer loop
      vertex -87.488 -45.745 5.5
      vertex -89.1 -45.4 5.5
      vertex -87.452 -45.9877 5.5
    endloop
  endfacet
  facet normal 0 0 1
    outer loop
      vertex -87.452 -45.9877 5.5
      vertex -89.1 -45.4 5.5
      vertex -87.3923 -46.2257 5.5
    endloop
  endfacet
  facet normal 0 0 1
    outer loop
      vertex -87.3923 -46.2257 5.5
      vertex -89.1 -45.4 5.5
      vertex -87.3097 -46.4567 5.5
    endloop
  endfacet
  facet normal 0 0 1
    outer loop
      vertex -87.3097 -46.4567 5.5
      vertex -89.1 -45.4 5.5
      vertex -87.2048 -46.6785 5.5
    endloop
  endfacet
  facet normal 0 0 1
    outer loop
      vertex -89.1 -45.4 5.5
      vertex -87.0787 -46.8889 5.5
      vertex -87.2048 -46.6785 5.5
    endloop
  endfacet
  facet normal 0 0 1
    outer loop
      vertex -93 -47 5.5
      vertex -87.0787 -46.8889 5.5
      vertex -89.1 -45.4 5.5
    endloop
  endfacet
  facet normal 0 0 1
    outer loop
      vertex -93 -47 5.5
      vertex -89.1 -45.4 5.5
      vertex -92.9609 -45.4 5.5
    endloop
  endfacet
  facet normal 0 0 1
    outer loop
      vertex -87.0787 -46.8889 5.5
      vertex -93 -47 5.5
      vertex -86.9963 -47 5.5
    endloop
  endfacet
  facet normal 0 0 1
    outer loop
      vertex -93.1369 -45.3913 5.5
      vertex -93 -47 5.5
      vertex -92.9609 -45.4 5.5
    endloop
  endfacet
  facet normal 0 0 1
    outer loop
      vertex -93.2941 -46.9855 5.5
      vertex -93.1369 -45.3913 5.5
      vertex -93.2728 -45.3712 5.5
    endloop
  endfacet
  facet normal 0 0 1
    outer loop
      vertex -93.1369 -45.3913 5.5
      vertex -93.2941 -46.9855 5.5
      vertex -93 -47 5.5
    endloop
  endfacet
  facet normal 0 0 1
    outer loop
      vertex -93.5853 -46.9424 5.5
      vertex -93.2728 -45.3712 5.5
      vertex -93.4059 -45.3379 5.5
    endloop
  endfacet
  facet normal 0 0 1
    outer loop
      vertex -93.8708 -46.8708 5.5
      vertex -93.4059 -45.3379 5.5
      vertex -93.535 -45.2917 5.5
    endloop
  endfacet
  facet normal 0 0 1
    outer loop
      vertex -93.2728 -45.3712 5.5
      vertex -93.5853 -46.9424 5.5
      vertex -93.2941 -46.9855 5.5
    endloop
  endfacet
  facet normal 0 0 1
    outer loop
      vertex -94.1481 -46.7716 5.5
      vertex -93.535 -45.2917 5.5
      vertex -93.659 -45.233 5.5
    endloop
  endfacet
  facet normal 0 0 1
    outer loop
      vertex -94.4142 -46.6458 5.5
      vertex -93.659 -45.233 5.5
      vertex -93.7767 -45.1625 5.5
    endloop
  endfacet
  facet normal 0 0 1
    outer loop
      vertex -93.4059 -45.3379 5.5
      vertex -93.8708 -46.8708 5.5
      vertex -93.5853 -46.9424 5.5
    endloop
  endfacet
  facet normal 0 0 1
    outer loop
      vertex -94.6667 -46.4944 5.5
      vertex -93.7767 -45.1625 5.5
      vertex -93.8869 -45.0807 5.5
    endloop
  endfacet
  facet normal 0 0 1
    outer loop
      vertex -94.9032 -46.319 5.5
      vertex -93.8869 -45.0807 5.5
      vertex -93.9886 -44.9886 5.5
    endloop
  endfacet
  facet normal 0 0 1
    outer loop
      vertex -95.1213 -46.1213 5.5
      vertex -93.9886 -44.9886 5.5
      vertex -94.0807 -44.8869 5.5
    endloop
  endfacet
  facet normal 0 0 1
    outer loop
      vertex -93.535 -45.2917 5.5
      vertex -94.1481 -46.7716 5.5
      vertex -93.8708 -46.8708 5.5
    endloop
  endfacet
  facet normal 0 0 1
    outer loop
      vertex -95.319 -45.9032 5.5
      vertex -94.0807 -44.8869 5.5
      vertex -94.1625 -44.7767 5.5
    endloop
  endfacet
  facet normal 0 0 1
    outer loop
      vertex -95.4944 -45.6667 5.5
      vertex -94.1625 -44.7767 5.5
      vertex -94.233 -44.659 5.5
    endloop
  endfacet
  facet normal 0 0 1
    outer loop
      vertex -95.6458 -45.4142 5.5
      vertex -94.233 -44.659 5.5
      vertex -94.2917 -44.535 5.5
    endloop
  endfacet
  facet normal 0 0 1
    outer loop
      vertex -95.7716 -45.1481 5.5
      vertex -94.2917 -44.535 5.5
      vertex -94.3379 -44.4059 5.5
    endloop
  endfacet
  facet normal 0 0 1
    outer loop
      vertex -95.8708 -44.8708 5.5
      vertex -94.3379 -44.4059 5.5
      vertex -94.3712 -44.2728 5.5
    endloop
  endfacet
  facet normal 0 0 1
    outer loop
      vertex -95.9424 -44.5853 5.5
      vertex -94.3712 -44.2728 5.5
      vertex -94.3913 -44.1369 5.5
    endloop
  endfacet
  facet normal 0 0 1
    outer loop
      vertex -93.659 -45.233 5.5
      vertex -94.4142 -46.6458 5.5
      vertex -94.1481 -46.7716 5.5
    endloop
  endfacet
  facet normal -0 0 1
    outer loop
      vertex -96 -44 5.5
      vertex -94.3913 -44.1369 5.5
      vertex -94.4 -43.9609 5.5
    endloop
  endfacet
  facet normal -0 0 1
    outer loop
      vertex -78.512 -43.255 5.5
      vertex -76.9 -43.4607 5.5
      vertex -76.9178 -43.0979 5.5
    endloop
  endfacet
  facet normal -0 0 1
    outer loop
      vertex -16.5048 -44.402 5.5
      vertex -14.9 -44.4607 5.5
      vertex -14.9106 -44.245 5.5
    endloop
  endfacet
  facet normal -0 0 1
    outer loop
      vertex -7.60866 44.1369 5.5
      vertex -6 44 5.5
      vertex -6.01445 44.2941 5.5
    endloop
  endfacet
  facet normal 0 0 1
    outer loop
      vertex -6 44 5.5
      vertex -7.60001 43.9609 5.5
      vertex -6 -44 5.5
    endloop
  endfacet
  facet normal 0 0 1
    outer loop
      vertex -7.60866 44.1369 5.5
      vertex -6.01445 44.2941 5.5
      vertex -6.05765 44.5853 5.5
    endloop
  endfacet
  facet normal -0 0 1
    outer loop
      vertex -7.60001 -43.9609 5.5
      vertex -6 -44 5.5
      vertex -7.60001 43.9609 5.5
    endloop
  endfacet
  facet normal 0 0 1
    outer loop
      vertex -7.62881 44.2728 5.5
      vertex -6.05765 44.5853 5.5
      vertex -6.12918 44.8708 5.5
    endloop
  endfacet
  facet normal 0 0 1
    outer loop
      vertex -7.60866 -44.1369 5.5
      vertex -6 -44 5.5
      vertex -7.60001 -43.9609 5.5
    endloop
  endfacet
  facet normal 0 0 1
    outer loop
      vertex -7.66214 44.4059 5.5
      vertex -6.12918 44.8708 5.5
      vertex -6.22836 45.1481 5.5
    endloop
  endfacet
  facet normal 0 0 1
    outer loop
      vertex -6 -44 5.5
      vertex -7.60866 -44.1369 5.5
      vertex -6.01445 -44.2941 5.5
    endloop
  endfacet
  facet normal 0 0 1
    outer loop
      vertex -7.70834 44.535 5.5
      vertex -6.22836 45.1481 5.5
      vertex -6.35423 45.4142 5.5
    endloop
  endfacet
  facet normal 0 0 1
    outer loop
      vertex -6.01445 -44.2941 5.5
      vertex -7.60866 -44.1369 5.5
      vertex -6.05765 -44.5853 5.5
    endloop
  endfacet
  facet normal 0 0 1
    outer loop
      vertex -7.76698 44.659 5.5
      vertex -6.35423 45.4142 5.5
      vertex -6.50558 45.6667 5.5
    endloop
  endfacet
  facet normal -0 0 1
    outer loop
      vertex -7.62881 -44.2728 5.5
      vertex -6.05765 -44.5853 5.5
      vertex -7.60866 -44.1369 5.5
    endloop
  endfacet
  facet normal 0 0 1
    outer loop
      vertex -7.83752 44.7767 5.5
      vertex -6.50558 45.6667 5.5
      vertex -6.68097 45.9032 5.5
    endloop
  endfacet
  facet normal 0 0 1
    outer loop
      vertex -6.05765 -44.5853 5.5
      vertex -7.62881 -44.2728 5.5
      vertex -6.12918 -44.8708 5.5
    endloop
  endfacet
  facet normal 0 0 1
    outer loop
      vertex -7.91925 44.8869 5.5
      vertex -6.68097 45.9032 5.5
      vertex -6.87868 46.1213 5.5
    endloop
  endfacet
  facet normal -0 0 1
    outer loop
      vertex -7.66214 -44.4059 5.5
      vertex -6.12918 -44.8708 5.5
      vertex -7.62881 -44.2728 5.5
    endloop
  endfacet
  facet normal 0 0 1
    outer loop
      vertex -8.01141 44.9886 5.5
      vertex -6.87868 46.1213 5.5
      vertex -7.09682 46.319 5.5
    endloop
  endfacet
  facet normal 0 0 1
    outer loop
      vertex -6.12918 -44.8708 5.5
      vertex -7.66214 -44.4059 5.5
      vertex -6.22836 -45.1481 5.5
    endloop
  endfacet
  facet normal 0 0 1
    outer loop
      vertex -8.1131 45.0807 5.5
      vertex -7.09682 46.319 5.5
      vertex -7.33328 46.4944 5.5
    endloop
  endfacet
  facet normal -0 0 1
    outer loop
      vertex -7.70834 -44.535 5.5
      vertex -6.22836 -45.1481 5.5
      vertex -7.66214 -44.4059 5.5
    endloop
  endfacet
  facet normal 0 0 1
    outer loop
      vertex -8.2233 45.1625 5.5
      vertex -7.33328 46.4944 5.5
      vertex -7.58582 46.6458 5.5
    endloop
  endfacet
  facet normal 0 0 1
    outer loop
      vertex -6.22836 -45.1481 5.5
      vertex -7.70834 -44.535 5.5
      vertex -6.35423 -45.4142 5.5
    endloop
  endfacet
  facet normal -0 0 1
    outer loop
      vertex -7.76698 -44.659 5.5
      vertex -6.35423 -45.4142 5.5
      vertex -7.70834 -44.535 5.5
    endloop
  endfacet
  facet normal 0 0 1
    outer loop
      vertex -6 44 5.5
      vertex -7.60866 44.1369 5.5
      vertex -7.60001 43.9609 5.5
    endloop
  endfacet
  facet normal 0 0 1
    outer loop
      vertex -6.05765 44.5853 5.5
      vertex -7.62881 44.2728 5.5
      vertex -7.60866 44.1369 5.5
    endloop
  endfacet
  facet normal 0 0 1
    outer loop
      vertex -6.12918 44.8708 5.5
      vertex -7.66214 44.4059 5.5
      vertex -7.62881 44.2728 5.5
    endloop
  endfacet
  facet normal 0 0 1
    outer loop
      vertex -6.22836 45.1481 5.5
      vertex -7.70834 44.535 5.5
      vertex -7.66214 44.4059 5.5
    endloop
  endfacet
  facet normal 0 0 1
    outer loop
      vertex -6.35423 45.4142 5.5
      vertex -7.76698 44.659 5.5
      vertex -7.70834 44.535 5.5
    endloop
  endfacet
  facet normal 0 0 1
    outer loop
      vertex -6.50558 45.6667 5.5
      vertex -7.83752 44.7767 5.5
      vertex -7.76698 44.659 5.5
    endloop
  endfacet
  facet normal 0 0 1
    outer loop
      vertex -8.34099 45.233 5.5
      vertex -7.58582 46.6458 5.5
      vertex -7.85194 46.7716 5.5
    endloop
  endfacet
  facet normal 0 0 1
    outer loop
      vertex -6.68097 45.9032 5.5
      vertex -7.91925 44.8869 5.5
      vertex -7.83752 44.7767 5.5
    endloop
  endfacet
  facet normal 0 0 1
    outer loop
      vertex -6.87868 46.1213 5.5
      vertex -8.01141 44.9886 5.5
      vertex -7.91925 44.8869 5.5
    endloop
  endfacet
  facet normal 0 0 1
    outer loop
      vertex -7.09682 46.319 5.5
      vertex -8.1131 45.0807 5.5
      vertex -8.01141 44.9886 5.5
    endloop
  endfacet
  facet normal 0 0 1
    outer loop
      vertex -8.465 45.2917 5.5
      vertex -7.85194 46.7716 5.5
      vertex -8.12915 46.8708 5.5
    endloop
  endfacet
  facet normal 0 0 1
    outer loop
      vertex -7.33328 46.4944 5.5
      vertex -8.2233 45.1625 5.5
      vertex -8.1131 45.0807 5.5
    endloop
  endfacet
  facet normal 0 0 1
    outer loop
      vertex -7.58582 46.6458 5.5
      vertex -8.34099 45.233 5.5
      vertex -8.2233 45.1625 5.5
    endloop
  endfacet
  facet normal 0 0 1
    outer loop
      vertex -8.5941 45.3379 5.5
      vertex -8.12915 46.8708 5.5
      vertex -8.41473 46.9424 5.5
    endloop
  endfacet
  facet normal 0 0 1
    outer loop
      vertex -7.85194 46.7716 5.5
      vertex -8.465 45.2917 5.5
      vertex -8.34099 45.233 5.5
    endloop
  endfacet
  facet normal 0 0 1
    outer loop
      vertex -8.12915 46.8708 5.5
      vertex -8.5941 45.3379 5.5
      vertex -8.465 45.2917 5.5
    endloop
  endfacet
  facet normal 0 0 1
    outer loop
      vertex -8.72716 45.3712 5.5
      vertex -8.41473 46.9424 5.5
      vertex -8.70595 46.9855 5.5
    endloop
  endfacet
  facet normal 0 0 1
    outer loop
      vertex -8.41473 46.9424 5.5
      vertex -8.72716 45.3712 5.5
      vertex -8.5941 45.3379 5.5
    endloop
  endfacet
  facet normal 0 0 1
    outer loop
      vertex -8.70595 46.9855 5.5
      vertex -8.86307 45.3913 5.5
      vertex -8.72716 45.3712 5.5
    endloop
  endfacet
  facet normal 0 0 1
    outer loop
      vertex -9 47 5.5
      vertex -8.86307 45.3913 5.5
      vertex -8.70595 46.9855 5.5
    endloop
  endfacet
  facet normal 0 0 1
    outer loop
      vertex -9 47 5.5
      vertex -9.03911 45.4 5.5
      vertex -8.86307 45.3913 5.5
    endloop
  endfacet
  facet normal 0 0 1
    outer loop
      vertex -9 47 5.5
      vertex -81.3372 45.4 5.5
      vertex -9.03911 45.4 5.5
    endloop
  endfacet
  facet normal -0 0 1
    outer loop
      vertex -82 47 5.5
      vertex -81.3372 45.4 5.5
      vertex -9 47 5.5
    endloop
  endfacet
  facet normal 0 0 1
    outer loop
      vertex -82 47 5.5
      vertex -94.4 32.3372 5.5
      vertex -81.3372 45.4 5.5
    endloop
  endfacet
  facet normal 0 0 1
    outer loop
      vertex -96 -44 5.5
      vertex -94.4 -43.9609 5.5
      vertex -94.4 32.3372 5.5
    endloop
  endfacet
  facet normal 0 0 1
    outer loop
      vertex -94.3913 -44.1369 5.5
      vertex -96 -44 5.5
      vertex -95.9855 -44.2941 5.5
    endloop
  endfacet
  facet normal 0 0 1
    outer loop
      vertex -93.7767 -45.1625 5.5
      vertex -94.6667 -46.4944 5.5
      vertex -94.4142 -46.6458 5.5
    endloop
  endfacet
  facet normal 0 0 1
    outer loop
      vertex -93.8869 -45.0807 5.5
      vertex -94.9032 -46.319 5.5
      vertex -94.6667 -46.4944 5.5
    endloop
  endfacet
  facet normal 0 0 1
    outer loop
      vertex -93.9886 -44.9886 5.5
      vertex -95.1213 -46.1213 5.5
      vertex -94.9032 -46.319 5.5
    endloop
  endfacet
  facet normal 0 0 1
    outer loop
      vertex -94.0807 -44.8869 5.5
      vertex -95.319 -45.9032 5.5
      vertex -95.1213 -46.1213 5.5
    endloop
  endfacet
  facet normal 0 0 1
    outer loop
      vertex -94.1625 -44.7767 5.5
      vertex -95.4944 -45.6667 5.5
      vertex -95.319 -45.9032 5.5
    endloop
  endfacet
  facet normal 0 0 1
    outer loop
      vertex -94.233 -44.659 5.5
      vertex -95.6458 -45.4142 5.5
      vertex -95.4944 -45.6667 5.5
    endloop
  endfacet
  facet normal 0 0 1
    outer loop
      vertex -94.2917 -44.535 5.5
      vertex -95.7716 -45.1481 5.5
      vertex -95.6458 -45.4142 5.5
    endloop
  endfacet
  facet normal 0 0 1
    outer loop
      vertex -94.3379 -44.4059 5.5
      vertex -95.8708 -44.8708 5.5
      vertex -95.7716 -45.1481 5.5
    endloop
  endfacet
  facet normal 0 0 1
    outer loop
      vertex -94.3712 -44.2728 5.5
      vertex -95.9424 -44.5853 5.5
      vertex -95.8708 -44.8708 5.5
    endloop
  endfacet
  facet normal -0 0 1
    outer loop
      vertex -96 33 5.5
      vertex -94.4 32.3372 5.5
      vertex -82 47 5.5
    endloop
  endfacet
  facet normal 0 0 1
    outer loop
      vertex -96 -44 5.5
      vertex -94.4 32.3372 5.5
      vertex -96 33 5.5
    endloop
  endfacet
  facet normal 0 0 1
    outer loop
      vertex -94.3913 -44.1369 5.5
      vertex -95.9855 -44.2941 5.5
      vertex -95.9424 -44.5853 5.5
    endloop
  endfacet
  facet normal 0 0 1
    outer loop
      vertex -6.35423 -45.4142 5.5
      vertex -7.76698 -44.659 5.5
      vertex -6.50558 -45.6667 5.5
    endloop
  endfacet
  facet normal -0 0 1
    outer loop
      vertex -7.83752 -44.7767 5.5
      vertex -6.50558 -45.6667 5.5
      vertex -7.76698 -44.659 5.5
    endloop
  endfacet
  facet normal 0 0 1
    outer loop
      vertex -6.50558 -45.6667 5.5
      vertex -7.83752 -44.7767 5.5
      vertex -6.68097 -45.9032 5.5
    endloop
  endfacet
  facet normal -0 0 1
    outer loop
      vertex -7.91925 -44.8869 5.5
      vertex -6.68097 -45.9032 5.5
      vertex -7.83752 -44.7767 5.5
    endloop
  endfacet
  facet normal 0 0 1
    outer loop
      vertex -6.68097 -45.9032 5.5
      vertex -7.91925 -44.8869 5.5
      vertex -6.87868 -46.1213 5.5
    endloop
  endfacet
  facet normal -0 0 1
    outer loop
      vertex -8.01141 -44.9886 5.5
      vertex -6.87868 -46.1213 5.5
      vertex -7.91925 -44.8869 5.5
    endloop
  endfacet
  facet normal 0 0 1
    outer loop
      vertex -6.87868 -46.1213 5.5
      vertex -8.01141 -44.9886 5.5
      vertex -7.09682 -46.319 5.5
    endloop
  endfacet
  facet normal -0 0 1
    outer loop
      vertex -8.1131 -45.0807 5.5
      vertex -7.09682 -46.319 5.5
      vertex -8.01141 -44.9886 5.5
    endloop
  endfacet
  facet normal 0 0 1
    outer loop
      vertex -7.09682 -46.319 5.5
      vertex -8.1131 -45.0807 5.5
      vertex -7.33328 -46.4944 5.5
    endloop
  endfacet
  facet normal -0 0 1
    outer loop
      vertex -8.2233 -45.1625 5.5
      vertex -7.33328 -46.4944 5.5
      vertex -8.1131 -45.0807 5.5
    endloop
  endfacet
  facet normal 0 0 1
    outer loop
      vertex -7.33328 -46.4944 5.5
      vertex -8.2233 -45.1625 5.5
      vertex -7.58582 -46.6458 5.5
    endloop
  endfacet
  facet normal -0 0 1
    outer loop
      vertex -8.34099 -45.233 5.5
      vertex -7.58582 -46.6458 5.5
      vertex -8.2233 -45.1625 5.5
    endloop
  endfacet
  facet normal 0 0 1
    outer loop
      vertex -7.58582 -46.6458 5.5
      vertex -8.34099 -45.233 5.5
      vertex -7.85194 -46.7716 5.5
    endloop
  endfacet
  facet normal -0 0 1
    outer loop
      vertex -8.465 -45.2917 5.5
      vertex -7.85194 -46.7716 5.5
      vertex -8.34099 -45.233 5.5
    endloop
  endfacet
  facet normal 0 0 1
    outer loop
      vertex -7.85194 -46.7716 5.5
      vertex -8.465 -45.2917 5.5
      vertex -8.12915 -46.8708 5.5
    endloop
  endfacet
  facet normal -0 0 1
    outer loop
      vertex -8.5941 -45.3379 5.5
      vertex -8.12915 -46.8708 5.5
      vertex -8.465 -45.2917 5.5
    endloop
  endfacet
  facet normal 0 0 1
    outer loop
      vertex -8.12915 -46.8708 5.5
      vertex -8.5941 -45.3379 5.5
      vertex -8.41473 -46.9424 5.5
    endloop
  endfacet
  facet normal -0 0 1
    outer loop
      vertex -8.72716 -45.3712 5.5
      vertex -8.41473 -46.9424 5.5
      vertex -8.5941 -45.3379 5.5
    endloop
  endfacet
  facet normal 0 0 1
    outer loop
      vertex -8.41473 -46.9424 5.5
      vertex -8.72716 -45.3712 5.5
      vertex -8.70595 -46.9855 5.5
    endloop
  endfacet
  facet normal -0 0 1
    outer loop
      vertex -8.86307 -45.3913 5.5
      vertex -8.70595 -46.9855 5.5
      vertex -8.72716 -45.3712 5.5
    endloop
  endfacet
  facet normal 0 0 1
    outer loop
      vertex -8.86307 -45.3913 5.5
      vertex -9 -47 5.5
      vertex -8.70595 -46.9855 5.5
    endloop
  endfacet
  facet normal -0 0 1
    outer loop
      vertex -9.03911 -45.4 5.5
      vertex -9 -47 5.5
      vertex -8.86307 -45.3913 5.5
    endloop
  endfacet
  facet normal -0 0 1
    outer loop
      vertex -14.9 -45.4 5.5
      vertex -9 -47 5.5
      vertex -9.03911 -45.4 5.5
    endloop
  endfacet
  facet normal 0 0 1
    outer loop
      vertex -16.5048 -44.402 5.5
      vertex -14.9106 -44.245 5.5
      vertex -14.948 -43.9924 5.5
    endloop
  endfacet
  facet normal 0 0 1
    outer loop
      vertex -16.5192 -44.3049 5.5
      vertex -14.948 -43.9924 5.5
      vertex -15.0101 -43.7447 5.5
    endloop
  endfacet
  facet normal 0 0 1
    outer loop
      vertex -16.5431 -44.2097 5.5
      vertex -15.0101 -43.7447 5.5
      vertex -15.0961 -43.5043 5.5
    endloop
  endfacet
  facet normal 0 0 1
    outer loop
      vertex -16.5761 -44.1173 5.5
      vertex -15.0961 -43.5043 5.5
      vertex -15.2053 -43.2735 5.5
    endloop
  endfacet
  facet normal 0 0 1
    outer loop
      vertex -16.6181 -44.0286 5.5
      vertex -15.2053 -43.2735 5.5
      vertex -15.3366 -43.0545 5.5
    endloop
  endfacet
  facet normal 0 0 1
    outer loop
      vertex -16.6685 -43.9444 5.5
      vertex -15.3366 -43.0545 5.5
      vertex -15.4887 -42.8493 5.5
    endloop
  endfacet
  facet normal 0 0 1
    outer loop
      vertex -16.727 -43.8656 5.5
      vertex -15.4887 -42.8493 5.5
      vertex -15.6602 -42.6602 5.5
    endloop
  endfacet
  facet normal 0 0 1
    outer loop
      vertex -16.7929 -43.7929 5.5
      vertex -15.6602 -42.6602 5.5
      vertex -15.8493 -42.4887 5.5
    endloop
  endfacet
  facet normal 0 0 1
    outer loop
      vertex -16.8656 -43.727 5.5
      vertex -15.8493 -42.4887 5.5
      vertex -16.0545 -42.3366 5.5
    endloop
  endfacet
  facet normal 0 0 1
    outer loop
      vertex -16.9444 -43.6685 5.5
      vertex -16.0545 -42.3366 5.5
      vertex -16.2735 -42.2053 5.5
    endloop
  endfacet
  facet normal 0 0 1
    outer loop
      vertex -15.0961 -43.5043 5.5
      vertex -16.5761 -44.1173 5.5
      vertex -16.5431 -44.2097 5.5
    endloop
  endfacet
  facet normal 0 0 1
    outer loop
      vertex -14.9 -45.4 5.5
      vertex -16.5 -47 5.5
      vertex -9 -47 5.5
    endloop
  endfacet
  facet normal 0 0 1
    outer loop
      vertex -16.5 -47 5.5
      vertex -14.9 -45.4 5.5
      vertex -16.5 -44.5 5.5
    endloop
  endfacet
  facet normal 0 0 1
    outer loop
      vertex -17.0286 -43.6181 5.5
      vertex -16.2735 -42.2053 5.5
      vertex -16.5043 -42.0961 5.5
    endloop
  endfacet
  facet normal 0 0 1
    outer loop
      vertex -14.9 -44.4607 5.5
      vertex -16.5 -44.5 5.5
      vertex -14.9 -45.4 5.5
    endloop
  endfacet
  facet normal 0 0 1
    outer loop
      vertex -14.9 -44.4607 5.5
      vertex -16.5048 -44.402 5.5
      vertex -16.5 -44.5 5.5
    endloop
  endfacet
  facet normal 0 0 1
    outer loop
      vertex -14.948 -43.9924 5.5
      vertex -16.5192 -44.3049 5.5
      vertex -16.5048 -44.402 5.5
    endloop
  endfacet
  facet normal 0 0 1
    outer loop
      vertex -15.0101 -43.7447 5.5
      vertex -16.5431 -44.2097 5.5
      vertex -16.5192 -44.3049 5.5
    endloop
  endfacet
  facet normal 0 0 1
    outer loop
      vertex -15.2053 -43.2735 5.5
      vertex -16.6181 -44.0286 5.5
      vertex -16.5761 -44.1173 5.5
    endloop
  endfacet
  facet normal 0 0 1
    outer loop
      vertex -15.3366 -43.0545 5.5
      vertex -16.6685 -43.9444 5.5
      vertex -16.6181 -44.0286 5.5
    endloop
  endfacet
  facet normal 0 0 1
    outer loop
      vertex -15.4887 -42.8493 5.5
      vertex -16.727 -43.8656 5.5
      vertex -16.6685 -43.9444 5.5
    endloop
  endfacet
  facet normal 0 0 1
    outer loop
      vertex -17.1173 -43.5761 5.5
      vertex -16.5043 -42.0961 5.5
      vertex -16.7447 -42.0101 5.5
    endloop
  endfacet
  facet normal 0 0 1
    outer loop
      vertex -15.6602 -42.6602 5.5
      vertex -16.7929 -43.7929 5.5
      vertex -16.727 -43.8656 5.5
    endloop
  endfacet
  facet normal 0 0 1
    outer loop
      vertex -15.8493 -42.4887 5.5
      vertex -16.8656 -43.727 5.5
      vertex -16.7929 -43.7929 5.5
    endloop
  endfacet
  facet normal 0 0 1
    outer loop
      vertex -16.0545 -42.3366 5.5
      vertex -16.9444 -43.6685 5.5
      vertex -16.8656 -43.727 5.5
    endloop
  endfacet
  facet normal 0 0 1
    outer loop
      vertex -17.2097 -43.5431 5.5
      vertex -16.7447 -42.0101 5.5
      vertex -16.9924 -41.948 5.5
    endloop
  endfacet
  facet normal 0 0 1
    outer loop
      vertex -16.2735 -42.2053 5.5
      vertex -17.0286 -43.6181 5.5
      vertex -16.9444 -43.6685 5.5
    endloop
  endfacet
  facet normal 0 0 1
    outer loop
      vertex -16.5043 -42.0961 5.5
      vertex -17.1173 -43.5761 5.5
      vertex -17.0286 -43.6181 5.5
    endloop
  endfacet
  facet normal 0 0 1
    outer loop
      vertex -16.7447 -42.0101 5.5
      vertex -17.2097 -43.5431 5.5
      vertex -17.1173 -43.5761 5.5
    endloop
  endfacet
  facet normal 0 0 1
    outer loop
      vertex -17.3049 -43.5192 5.5
      vertex -16.9924 -41.948 5.5
      vertex -17.245 -41.9106 5.5
    endloop
  endfacet
  facet normal 0 0 1
    outer loop
      vertex -16.9924 -41.948 5.5
      vertex -17.3049 -43.5192 5.5
      vertex -17.2097 -43.5431 5.5
    endloop
  endfacet
  facet normal 0 0 1
    outer loop
      vertex -17.245 -41.9106 5.5
      vertex -17.402 -43.5048 5.5
      vertex -17.3049 -43.5192 5.5
    endloop
  endfacet
  facet normal 0 0 1
    outer loop
      vertex -17.4607 -41.9 5.5
      vertex -17.402 -43.5048 5.5
      vertex -17.245 -41.9106 5.5
    endloop
  endfacet
  facet normal 0 0 1
    outer loop
      vertex -17.4607 -41.9 5.5
      vertex -17.5 -43.5 5.5
      vertex -17.402 -43.5048 5.5
    endloop
  endfacet
  facet normal 0 0 1
    outer loop
      vertex -17.4607 -41.9 5.5
      vertex -20.5 -43.5 5.5
      vertex -17.5 -43.5 5.5
    endloop
  endfacet
  facet normal -0 0 1
    outer loop
      vertex -20.5393 -41.9 5.5
      vertex -20.5 -43.5 5.5
      vertex -17.4607 -41.9 5.5
    endloop
  endfacet
  facet normal 0 0 1
    outer loop
      vertex -20.5393 -41.9 5.5
      vertex -20.598 -43.5048 5.5
      vertex -20.5 -43.5 5.5
    endloop
  endfacet
  facet normal -0 0 1
    outer loop
      vertex -20.755 -41.9106 5.5
      vertex -20.598 -43.5048 5.5
      vertex -20.5393 -41.9 5.5
    endloop
  endfacet
  facet normal 0 0 1
    outer loop
      vertex -20.598 -43.5048 5.5
      vertex -20.755 -41.9106 5.5
      vertex -20.6951 -43.5192 5.5
    endloop
  endfacet
  facet normal -0 0 1
    outer loop
      vertex -21.0076 -41.948 5.5
      vertex -20.6951 -43.5192 5.5
      vertex -20.755 -41.9106 5.5
    endloop
  endfacet
  facet normal 0 0 1
    outer loop
      vertex -20.6951 -43.5192 5.5
      vertex -21.0076 -41.948 5.5
      vertex -20.7903 -43.5431 5.5
    endloop
  endfacet
  facet normal -0 0 1
    outer loop
      vertex -21.2553 -42.0101 5.5
      vertex -20.7903 -43.5431 5.5
      vertex -21.0076 -41.948 5.5
    endloop
  endfacet
  facet normal 0 0 1
    outer loop
      vertex -20.7903 -43.5431 5.5
      vertex -21.2553 -42.0101 5.5
      vertex -20.8827 -43.5761 5.5
    endloop
  endfacet
  facet normal -0 0 1
    outer loop
      vertex -21.4957 -42.0961 5.5
      vertex -20.8827 -43.5761 5.5
      vertex -21.2553 -42.0101 5.5
    endloop
  endfacet
  facet normal 0 0 1
    outer loop
      vertex -20.8827 -43.5761 5.5
      vertex -21.4957 -42.0961 5.5
      vertex -20.9714 -43.6181 5.5
    endloop
  endfacet
  facet normal -0 0 1
    outer loop
      vertex -21.7265 -42.2053 5.5
      vertex -20.9714 -43.6181 5.5
      vertex -21.4957 -42.0961 5.5
    endloop
  endfacet
  facet normal 0 0 1
    outer loop
      vertex -20.9714 -43.6181 5.5
      vertex -21.7265 -42.2053 5.5
      vertex -21.0556 -43.6685 5.5
    endloop
  endfacet
  facet normal -0 0 1
    outer loop
      vertex -21.9455 -42.3366 5.5
      vertex -21.0556 -43.6685 5.5
      vertex -21.7265 -42.2053 5.5
    endloop
  endfacet
  facet normal 0 0 1
    outer loop
      vertex -21.0556 -43.6685 5.5
      vertex -21.9455 -42.3366 5.5
      vertex -21.1344 -43.727 5.5
    endloop
  endfacet
  facet normal -0 0 1
    outer loop
      vertex -22.1507 -42.4887 5.5
      vertex -21.1344 -43.727 5.5
      vertex -21.9455 -42.3366 5.5
    endloop
  endfacet
  facet normal 0 0 1
    outer loop
      vertex -21.1344 -43.727 5.5
      vertex -22.1507 -42.4887 5.5
      vertex -21.2071 -43.7929 5.5
    endloop
  endfacet
  facet normal -0 0 1
    outer loop
      vertex -22.3398 -42.6602 5.5
      vertex -21.2071 -43.7929 5.5
      vertex -22.1507 -42.4887 5.5
    endloop
  endfacet
  facet normal 0 0 1
    outer loop
      vertex -21.2071 -43.7929 5.5
      vertex -22.3398 -42.6602 5.5
      vertex -21.273 -43.8656 5.5
    endloop
  endfacet
  facet normal -0 0 1
    outer loop
      vertex -22.5113 -42.8493 5.5
      vertex -21.273 -43.8656 5.5
      vertex -22.3398 -42.6602 5.5
    endloop
  endfacet
  facet normal 0 0 1
    outer loop
      vertex -21.273 -43.8656 5.5
      vertex -22.5113 -42.8493 5.5
      vertex -21.3315 -43.9444 5.5
    endloop
  endfacet
  facet normal -0 0 1
    outer loop
      vertex -22.6634 -43.0545 5.5
      vertex -21.3315 -43.9444 5.5
      vertex -22.5113 -42.8493 5.5
    endloop
  endfacet
  facet normal 0 0 1
    outer loop
      vertex -21.3315 -43.9444 5.5
      vertex -22.6634 -43.0545 5.5
      vertex -21.3819 -44.0286 5.5
    endloop
  endfacet
  facet normal -0 0 1
    outer loop
      vertex -22.7947 -43.2735 5.5
      vertex -21.3819 -44.0286 5.5
      vertex -22.6634 -43.0545 5.5
    endloop
  endfacet
  facet normal 0 0 1
    outer loop
      vertex -21.3819 -44.0286 5.5
      vertex -22.7947 -43.2735 5.5
      vertex -21.4239 -44.1173 5.5
    endloop
  endfacet
  facet normal -0 0 1
    outer loop
      vertex -22.9039 -43.5043 5.5
      vertex -21.4239 -44.1173 5.5
      vertex -22.7947 -43.2735 5.5
    endloop
  endfacet
  facet normal 0 0 1
    outer loop
      vertex -21.4239 -44.1173 5.5
      vertex -22.9039 -43.5043 5.5
      vertex -21.4569 -44.2097 5.5
    endloop
  endfacet
  facet normal -0 0 1
    outer loop
      vertex -22.9899 -43.7447 5.5
      vertex -21.4569 -44.2097 5.5
      vertex -22.9039 -43.5043 5.5
    endloop
  endfacet
  facet normal 0 0 1
    outer loop
      vertex -21.4569 -44.2097 5.5
      vertex -22.9899 -43.7447 5.5
      vertex -21.4808 -44.3049 5.5
    endloop
  endfacet
  facet normal -0 0 1
    outer loop
      vertex -23.052 -43.9924 5.5
      vertex -21.4808 -44.3049 5.5
      vertex -22.9899 -43.7447 5.5
    endloop
  endfacet
  facet normal 0 0 1
    outer loop
      vertex -21.4808 -44.3049 5.5
      vertex -23.052 -43.9924 5.5
      vertex -21.4952 -44.402 5.5
    endloop
  endfacet
  facet normal -0 0 1
    outer loop
      vertex -23.0894 -44.245 5.5
      vertex -21.4952 -44.402 5.5
      vertex -23.052 -43.9924 5.5
    endloop
  endfacet
  facet normal 0 0 1
    outer loop
      vertex -23.1 -44.4607 5.5
      vertex -21.4952 -44.402 5.5
      vertex -23.0894 -44.245 5.5
    endloop
  endfacet
  facet normal 0 0 1
    outer loop
      vertex -21.4952 -44.402 5.5
      vertex -23.1 -44.4607 5.5
      vertex -21.5 -44.5 5.5
    endloop
  endfacet
  facet normal 0 0 1
    outer loop
      vertex -23.1 -45.4 5.5
      vertex -21.5 -44.5 5.5
      vertex -23.1 -44.4607 5.5
    endloop
  endfacet
  facet normal 0 0 1
    outer loop
      vertex -21.5 -44.5 5.5
      vertex -23.1 -45.4 5.5
      vertex -21.5 -47 5.5
    endloop
  endfacet
  facet normal -0 0 1
    outer loop
      vertex -76.9 -45.4 5.5
      vertex -21.5 -47 5.5
      vertex -23.1 -45.4 5.5
    endloop
  endfacet
  facet normal 0 0 1
    outer loop
      vertex -78.512 -43.255 5.5
      vertex -76.9178 -43.0979 5.5
      vertex -76.9769 -42.6997 5.5
    endloop
  endfacet
  facet normal 0 0 1
    outer loop
      vertex -78.512 -43.255 5.5
      vertex -76.9769 -42.6997 5.5
      vertex -77.0747 -42.3092 5.5
    endloop
  endfacet
  facet normal 0 0 1
    outer loop
      vertex -78.512 -43.255 5.5
      vertex -77.0747 -42.3092 5.5
      vertex -77.2103 -41.9303 5.5
    endloop
  endfacet
  facet normal 0 0 1
    outer loop
      vertex -78.512 -43.255 5.5
      vertex -77.2103 -41.9303 5.5
      vertex -77.3824 -41.5664 5.5
    endloop
  endfacet
  facet normal 0 0 1
    outer loop
      vertex -78.512 -43.255 5.5
      vertex -77.3824 -41.5664 5.5
      vertex -77.5894 -41.2211 5.5
    endloop
  endfacet
  facet normal 0 0 1
    outer loop
      vertex -78.512 -43.255 5.5
      vertex -77.5894 -41.2211 5.5
      vertex -77.8292 -40.8977 5.5
    endloop
  endfacet
  facet normal 0 0 1
    outer loop
      vertex -78.512 -43.255 5.5
      vertex -77.8292 -40.8977 5.5
      vertex -78.0995 -40.5995 5.5
    endloop
  endfacet
  facet normal 0 0 1
    outer loop
      vertex -79.2322 -41.7322 5.5
      vertex -78.0995 -40.5995 5.5
      vertex -78.3977 -40.3292 5.5
    endloop
  endfacet
  facet normal 0 0 1
    outer loop
      vertex -76.9 -43.4607 5.5
      vertex -78.5 -43.5 5.5
      vertex -76.9 -45.4 5.5
    endloop
  endfacet
  facet normal 0 0 1
    outer loop
      vertex -78.5 -45.5 5.5
      vertex -76.9 -45.4 5.5
      vertex -78.5 -43.5 5.5
    endloop
  endfacet
  facet normal 0 0 1
    outer loop
      vertex -78.512 -45.745 5.5
      vertex -76.9 -45.4 5.5
      vertex -78.5 -45.5 5.5
    endloop
  endfacet
  facet normal 0 0 1
    outer loop
      vertex -78.548 -45.9877 5.5
      vertex -76.9 -45.4 5.5
      vertex -78.512 -45.745 5.5
    endloop
  endfacet
  facet normal 0 0 1
    outer loop
      vertex -78.6077 -46.2257 5.5
      vertex -76.9 -45.4 5.5
      vertex -78.548 -45.9877 5.5
    endloop
  endfacet
  facet normal 0 0 1
    outer loop
      vertex -78.6903 -46.4567 5.5
      vertex -76.9 -45.4 5.5
      vertex -78.6077 -46.2257 5.5
    endloop
  endfacet
  facet normal 0 0 1
    outer loop
      vertex -78.7952 -46.6785 5.5
      vertex -76.9 -45.4 5.5
      vertex -78.6903 -46.4567 5.5
    endloop
  endfacet
  facet normal 0 0 1
    outer loop
      vertex -78.9213 -46.8889 5.5
      vertex -76.9 -45.4 5.5
      vertex -78.7952 -46.6785 5.5
    endloop
  endfacet
  facet normal 0 0 1
    outer loop
      vertex -79.0037 -47 5.5
      vertex -76.9 -45.4 5.5
      vertex -78.9213 -46.8889 5.5
    endloop
  endfacet
  facet normal 0 0 1
    outer loop
      vertex -76.9 -45.4 5.5
      vertex -79.0037 -47 5.5
      vertex -21.5 -47 5.5
    endloop
  endfacet
  facet normal 0.857745 0.514076 0
    outer loop
      vertex -87.0787 -46.8889 5.5
      vertex -87.2048 -46.6785 0
      vertex -87.2048 -46.6785 5.5
    endloop
  endfacet
  facet normal 0.857745 0.514076 0
    outer loop
      vertex -87.2048 -46.6785 0
      vertex -87.0787 -46.8889 5.5
      vertex -87.0787 -46.8889 0
    endloop
  endfacet
  facet normal 0.903995 0.427543 0
    outer loop
      vertex -87.2048 -46.6785 5.5
      vertex -87.3097 -46.4567 0
      vertex -87.3097 -46.4567 5.5
    endloop
  endfacet
  facet normal 0.903995 0.427543 0
    outer loop
      vertex -87.3097 -46.4567 0
      vertex -87.2048 -46.6785 5.5
      vertex -87.2048 -46.6785 0
    endloop
  endfacet
  facet normal 0.941613 0.336698 0
    outer loop
      vertex -87.3097 -46.4567 5.5
      vertex -87.3923 -46.2257 0
      vertex -87.3923 -46.2257 5.5
    endloop
  endfacet
  facet normal 0.941613 0.336698 0
    outer loop
      vertex -87.3923 -46.2257 0
      vertex -87.3097 -46.4567 5.5
      vertex -87.3097 -46.4567 0
    endloop
  endfacet
  facet normal 0.96995 0.243303 0
    outer loop
      vertex -87.3923 -46.2257 5.5
      vertex -87.452 -45.9877 0
      vertex -87.452 -45.9877 5.5
    endloop
  endfacet
  facet normal 0.96995 0.243303 0
    outer loop
      vertex -87.452 -45.9877 0
      vertex -87.3923 -46.2257 5.5
      vertex -87.3923 -46.2257 0
    endloop
  endfacet
  facet normal 0.989177 0.146726 0
    outer loop
      vertex -87.452 -45.9877 5.5
      vertex -87.488 -45.745 0
      vertex -87.488 -45.745 5.5
    endloop
  endfacet
  facet normal 0.989177 0.146726 0
    outer loop
      vertex -87.488 -45.745 0
      vertex -87.452 -45.9877 5.5
      vertex -87.452 -45.9877 0
    endloop
  endfacet
  facet normal 0.998803 0.0489209 0
    outer loop
      vertex -87.488 -45.745 5.5
      vertex -87.5 -45.5 0
      vertex -87.5 -45.5 5.5
    endloop
  endfacet
  facet normal 0.998803 0.0489209 0
    outer loop
      vertex -87.5 -45.5 0
      vertex -87.488 -45.745 5.5
      vertex -87.488 -45.745 0
    endloop
  endfacet
  facet normal 1 -0 0
    outer loop
      vertex -87.5 -45.5 5.5
      vertex -87.5 -43.5 0
      vertex -87.5 -43.5 5.5
    endloop
  endfacet
  facet normal 1 0 0
    outer loop
      vertex -87.5 -43.5 0
      vertex -87.5 -45.5 5.5
      vertex -87.5 -45.5 0
    endloop
  endfacet
  facet normal 0.998803 -0.0489209 0
    outer loop
      vertex -87.5 -43.5 5.5
      vertex -87.488 -43.255 0
      vertex -87.488 -43.255 5.5
    endloop
  endfacet
  facet normal 0.998803 -0.0489209 0
    outer loop
      vertex -87.488 -43.255 0
      vertex -87.5 -43.5 5.5
      vertex -87.5 -43.5 0
    endloop
  endfacet
  facet normal 0.989177 -0.146726 0
    outer loop
      vertex -87.488 -43.255 5.5
      vertex -87.452 -43.0123 0
      vertex -87.452 -43.0123 5.5
    endloop
  endfacet
  facet normal 0.989177 -0.146726 0
    outer loop
      vertex -87.452 -43.0123 0
      vertex -87.488 -43.255 5.5
      vertex -87.488 -43.255 0
    endloop
  endfacet
  facet normal 0.96995 -0.243303 0
    outer loop
      vertex -87.452 -43.0123 5.5
      vertex -87.3923 -42.7743 0
      vertex -87.3923 -42.7743 5.5
    endloop
  endfacet
  facet normal 0.96995 -0.243303 0
    outer loop
      vertex -87.3923 -42.7743 0
      vertex -87.452 -43.0123 5.5
      vertex -87.452 -43.0123 0
    endloop
  endfacet
  facet normal 0.941613 -0.336698 0
    outer loop
      vertex -87.3923 -42.7743 5.5
      vertex -87.3097 -42.5433 0
      vertex -87.3097 -42.5433 5.5
    endloop
  endfacet
  facet normal 0.941613 -0.336698 0
    outer loop
      vertex -87.3097 -42.5433 0
      vertex -87.3923 -42.7743 5.5
      vertex -87.3923 -42.7743 0
    endloop
  endfacet
  facet normal 0.903995 -0.427543 0
    outer loop
      vertex -87.3097 -42.5433 5.5
      vertex -87.2048 -42.3215 0
      vertex -87.2048 -42.3215 5.5
    endloop
  endfacet
  facet normal 0.903995 -0.427543 0
    outer loop
      vertex -87.2048 -42.3215 0
      vertex -87.3097 -42.5433 5.5
      vertex -87.3097 -42.5433 0
    endloop
  endfacet
  facet normal 0.857745 -0.514076 0
    outer loop
      vertex -87.2048 -42.3215 5.5
      vertex -87.0787 -42.1111 0
      vertex -87.0787 -42.1111 5.5
    endloop
  endfacet
  facet normal 0.857745 -0.514076 0
    outer loop
      vertex -87.0787 -42.1111 0
      vertex -87.2048 -42.3215 5.5
      vertex -87.2048 -42.3215 0
    endloop
  endfacet
  facet normal 0.803167 -0.595754 0
    outer loop
      vertex -87.0787 -42.1111 5.5
      vertex -86.9325 -41.914 0
      vertex -86.9325 -41.914 5.5
    endloop
  endfacet
  facet normal 0.803167 -0.595754 0
    outer loop
      vertex -86.9325 -41.914 0
      vertex -87.0787 -42.1111 5.5
      vertex -87.0787 -42.1111 0
    endloop
  endfacet
  facet normal 0.741101 -0.671394 0
    outer loop
      vertex -86.9325 -41.914 5.5
      vertex -86.7678 -41.7322 0
      vertex -86.7678 -41.7322 5.5
    endloop
  endfacet
  facet normal 0.741101 -0.671394 0
    outer loop
      vertex -86.7678 -41.7322 0
      vertex -86.9325 -41.914 5.5
      vertex -86.9325 -41.914 0
    endloop
  endfacet
  facet normal 0.671394 -0.741101 0
    outer loop
      vertex -86.7678 -41.7322 0
      vertex -86.586 -41.5675 5.5
      vertex -86.7678 -41.7322 5.5
    endloop
  endfacet
  facet normal 0.671394 -0.741101 0
    outer loop
      vertex -86.586 -41.5675 5.5
      vertex -86.7678 -41.7322 0
      vertex -86.586 -41.5675 0
    endloop
  endfacet
  facet normal 0.595754 -0.803167 0
    outer loop
      vertex -86.586 -41.5675 0
      vertex -86.3889 -41.4213 5.5
      vertex -86.586 -41.5675 5.5
    endloop
  endfacet
  facet normal 0.595754 -0.803167 0
    outer loop
      vertex -86.3889 -41.4213 5.5
      vertex -86.586 -41.5675 0
      vertex -86.3889 -41.4213 0
    endloop
  endfacet
  facet normal 0.514076 -0.857745 0
    outer loop
      vertex -86.3889 -41.4213 0
      vertex -86.1785 -41.2952 5.5
      vertex -86.3889 -41.4213 5.5
    endloop
  endfacet
  facet normal 0.514076 -0.857745 0
    outer loop
      vertex -86.1785 -41.2952 5.5
      vertex -86.3889 -41.4213 0
      vertex -86.1785 -41.2952 0
    endloop
  endfacet
  facet normal 0.427543 -0.903995 0
    outer loop
      vertex -86.1785 -41.2952 0
      vertex -85.9567 -41.1903 5.5
      vertex -86.1785 -41.2952 5.5
    endloop
  endfacet
  facet normal 0.427543 -0.903995 0
    outer loop
      vertex -85.9567 -41.1903 5.5
      vertex -86.1785 -41.2952 0
      vertex -85.9567 -41.1903 0
    endloop
  endfacet
  facet normal 0.336698 -0.941613 0
    outer loop
      vertex -85.9567 -41.1903 0
      vertex -85.7257 -41.1077 5.5
      vertex -85.9567 -41.1903 5.5
    endloop
  endfacet
  facet normal 0.336698 -0.941613 0
    outer loop
      vertex -85.7257 -41.1077 5.5
      vertex -85.9567 -41.1903 0
      vertex -85.7257 -41.1077 0
    endloop
  endfacet
  facet normal 0.243303 -0.96995 0
    outer loop
      vertex -85.7257 -41.1077 0
      vertex -85.4877 -41.048 5.5
      vertex -85.7257 -41.1077 5.5
    endloop
  endfacet
  facet normal 0.243303 -0.96995 0
    outer loop
      vertex -85.4877 -41.048 5.5
      vertex -85.7257 -41.1077 0
      vertex -85.4877 -41.048 0
    endloop
  endfacet
  facet normal 0.146726 -0.989177 0
    outer loop
      vertex -85.4877 -41.048 0
      vertex -85.245 -41.012 5.5
      vertex -85.4877 -41.048 5.5
    endloop
  endfacet
  facet normal 0.146726 -0.989177 0
    outer loop
      vertex -85.245 -41.012 5.5
      vertex -85.4877 -41.048 0
      vertex -85.245 -41.012 0
    endloop
  endfacet
  facet normal 0.0489209 -0.998803 0
    outer loop
      vertex -85.245 -41.012 0
      vertex -85 -41 5.5
      vertex -85.245 -41.012 5.5
    endloop
  endfacet
  facet normal 0.0489209 -0.998803 0
    outer loop
      vertex -85 -41 5.5
      vertex -85.245 -41.012 0
      vertex -85 -41 0
    endloop
  endfacet
  facet normal 0 -1 0
    outer loop
      vertex -85 -41 0
      vertex -81 -41 5.5
      vertex -85 -41 5.5
    endloop
  endfacet
  facet normal 0 -1 -0
    outer loop
      vertex -81 -41 5.5
      vertex -85 -41 0
      vertex -81 -41 0
    endloop
  endfacet
  facet normal -0.0489209 -0.998803 0
    outer loop
      vertex -81 -41 0
      vertex -80.755 -41.012 5.5
      vertex -81 -41 5.5
    endloop
  endfacet
  facet normal -0.0489209 -0.998803 -0
    outer loop
      vertex -80.755 -41.012 5.5
      vertex -81 -41 0
      vertex -80.755 -41.012 0
    endloop
  endfacet
  facet normal -0.146726 -0.989177 0
    outer loop
      vertex -80.755 -41.012 0
      vertex -80.5123 -41.048 5.5
      vertex -80.755 -41.012 5.5
    endloop
  endfacet
  facet normal -0.146726 -0.989177 -0
    outer loop
      vertex -80.5123 -41.048 5.5
      vertex -80.755 -41.012 0
      vertex -80.5123 -41.048 0
    endloop
  endfacet
  facet normal -0.243303 -0.96995 0
    outer loop
      vertex -80.5123 -41.048 0
      vertex -80.2743 -41.1077 5.5
      vertex -80.5123 -41.048 5.5
    endloop
  endfacet
  facet normal -0.243303 -0.96995 -0
    outer loop
      vertex -80.2743 -41.1077 5.5
      vertex -80.5123 -41.048 0
      vertex -80.2743 -41.1077 0
    endloop
  endfacet
  facet normal -0.336698 -0.941613 0
    outer loop
      vertex -80.2743 -41.1077 0
      vertex -80.0433 -41.1903 5.5
      vertex -80.2743 -41.1077 5.5
    endloop
  endfacet
  facet normal -0.336698 -0.941613 -0
    outer loop
      vertex -80.0433 -41.1903 5.5
      vertex -80.2743 -41.1077 0
      vertex -80.0433 -41.1903 0
    endloop
  endfacet
  facet normal -0.427543 -0.903995 0
    outer loop
      vertex -80.0433 -41.1903 0
      vertex -79.8215 -41.2952 5.5
      vertex -80.0433 -41.1903 5.5
    endloop
  endfacet
  facet normal -0.427543 -0.903995 -0
    outer loop
      vertex -79.8215 -41.2952 5.5
      vertex -80.0433 -41.1903 0
      vertex -79.8215 -41.2952 0
    endloop
  endfacet
  facet normal -0.514076 -0.857745 0
    outer loop
      vertex -79.8215 -41.2952 0
      vertex -79.6111 -41.4213 5.5
      vertex -79.8215 -41.2952 5.5
    endloop
  endfacet
  facet normal -0.514076 -0.857745 -0
    outer loop
      vertex -79.6111 -41.4213 5.5
      vertex -79.8215 -41.2952 0
      vertex -79.6111 -41.4213 0
    endloop
  endfacet
  facet normal -0.595754 -0.803167 0
    outer loop
      vertex -79.6111 -41.4213 0
      vertex -79.414 -41.5675 5.5
      vertex -79.6111 -41.4213 5.5
    endloop
  endfacet
  facet normal -0.595754 -0.803167 -0
    outer loop
      vertex -79.414 -41.5675 5.5
      vertex -79.6111 -41.4213 0
      vertex -79.414 -41.5675 0
    endloop
  endfacet
  facet normal -0.671394 -0.741101 0
    outer loop
      vertex -79.414 -41.5675 0
      vertex -79.2322 -41.7322 5.5
      vertex -79.414 -41.5675 5.5
    endloop
  endfacet
  facet normal -0.671394 -0.741101 -0
    outer loop
      vertex -79.2322 -41.7322 5.5
      vertex -79.414 -41.5675 0
      vertex -79.2322 -41.7322 0
    endloop
  endfacet
  facet normal -0.741101 -0.671394 0
    outer loop
      vertex -79.0675 -41.914 0
      vertex -79.2322 -41.7322 5.5
      vertex -79.2322 -41.7322 0
    endloop
  endfacet
  facet normal -0.741101 -0.671394 0
    outer loop
      vertex -79.2322 -41.7322 5.5
      vertex -79.0675 -41.914 0
      vertex -79.0675 -41.914 5.5
    endloop
  endfacet
  facet normal -0.803167 -0.595754 0
    outer loop
      vertex -78.9213 -42.1111 0
      vertex -79.0675 -41.914 5.5
      vertex -79.0675 -41.914 0
    endloop
  endfacet
  facet normal -0.803167 -0.595754 0
    outer loop
      vertex -79.0675 -41.914 5.5
      vertex -78.9213 -42.1111 0
      vertex -78.9213 -42.1111 5.5
    endloop
  endfacet
  facet normal -0.857745 -0.514076 0
    outer loop
      vertex -78.7952 -42.3215 0
      vertex -78.9213 -42.1111 5.5
      vertex -78.9213 -42.1111 0
    endloop
  endfacet
  facet normal -0.857745 -0.514076 0
    outer loop
      vertex -78.9213 -42.1111 5.5
      vertex -78.7952 -42.3215 0
      vertex -78.7952 -42.3215 5.5
    endloop
  endfacet
  facet normal -0.903995 -0.427543 0
    outer loop
      vertex -78.6903 -42.5433 0
      vertex -78.7952 -42.3215 5.5
      vertex -78.7952 -42.3215 0
    endloop
  endfacet
  facet normal -0.903995 -0.427543 0
    outer loop
      vertex -78.7952 -42.3215 5.5
      vertex -78.6903 -42.5433 0
      vertex -78.6903 -42.5433 5.5
    endloop
  endfacet
  facet normal -0.941613 -0.336698 0
    outer loop
      vertex -78.6077 -42.7743 0
      vertex -78.6903 -42.5433 5.5
      vertex -78.6903 -42.5433 0
    endloop
  endfacet
  facet normal -0.941613 -0.336698 0
    outer loop
      vertex -78.6903 -42.5433 5.5
      vertex -78.6077 -42.7743 0
      vertex -78.6077 -42.7743 5.5
    endloop
  endfacet
  facet normal -0.96995 -0.243303 0
    outer loop
      vertex -78.548 -43.0123 0
      vertex -78.6077 -42.7743 5.5
      vertex -78.6077 -42.7743 0
    endloop
  endfacet
  facet normal -0.96995 -0.243303 0
    outer loop
      vertex -78.6077 -42.7743 5.5
      vertex -78.548 -43.0123 0
      vertex -78.548 -43.0123 5.5
    endloop
  endfacet
  facet normal -0.989177 -0.146726 0
    outer loop
      vertex -78.512 -43.255 0
      vertex -78.548 -43.0123 5.5
      vertex -78.548 -43.0123 0
    endloop
  endfacet
  facet normal -0.989177 -0.146726 0
    outer loop
      vertex -78.548 -43.0123 5.5
      vertex -78.512 -43.255 0
      vertex -78.512 -43.255 5.5
    endloop
  endfacet
  facet normal -0.998803 -0.0489209 0
    outer loop
      vertex -78.5 -43.5 0
      vertex -78.512 -43.255 5.5
      vertex -78.512 -43.255 0
    endloop
  endfacet
  facet normal -0.998803 -0.0489209 0
    outer loop
      vertex -78.512 -43.255 5.5
      vertex -78.5 -43.5 0
      vertex -78.5 -43.5 5.5
    endloop
  endfacet
  facet normal -1 0 0
    outer loop
      vertex -78.5 -45.5 0
      vertex -78.5 -43.5 5.5
      vertex -78.5 -43.5 0
    endloop
  endfacet
  facet normal -1 -0 0
    outer loop
      vertex -78.5 -43.5 5.5
      vertex -78.5 -45.5 0
      vertex -78.5 -45.5 5.5
    endloop
  endfacet
  facet normal -0.998803 0.0489209 0
    outer loop
      vertex -78.512 -45.745 0
      vertex -78.5 -45.5 5.5
      vertex -78.5 -45.5 0
    endloop
  endfacet
  facet normal -0.998803 0.0489209 0
    outer loop
      vertex -78.5 -45.5 5.5
      vertex -78.512 -45.745 0
      vertex -78.512 -45.745 5.5
    endloop
  endfacet
  facet normal -0.989177 0.146726 0
    outer loop
      vertex -78.548 -45.9877 0
      vertex -78.512 -45.745 5.5
      vertex -78.512 -45.745 0
    endloop
  endfacet
  facet normal -0.989177 0.146726 0
    outer loop
      vertex -78.512 -45.745 5.5
      vertex -78.548 -45.9877 0
      vertex -78.548 -45.9877 5.5
    endloop
  endfacet
  facet normal -0.96995 0.243303 0
    outer loop
      vertex -78.6077 -46.2257 0
      vertex -78.548 -45.9877 5.5
      vertex -78.548 -45.9877 0
    endloop
  endfacet
  facet normal -0.96995 0.243303 0
    outer loop
      vertex -78.548 -45.9877 5.5
      vertex -78.6077 -46.2257 0
      vertex -78.6077 -46.2257 5.5
    endloop
  endfacet
  facet normal -0.941613 0.336698 0
    outer loop
      vertex -78.6903 -46.4567 0
      vertex -78.6077 -46.2257 5.5
      vertex -78.6077 -46.2257 0
    endloop
  endfacet
  facet normal -0.941613 0.336698 0
    outer loop
      vertex -78.6077 -46.2257 5.5
      vertex -78.6903 -46.4567 0
      vertex -78.6903 -46.4567 5.5
    endloop
  endfacet
  facet normal -0.903995 0.427543 0
    outer loop
      vertex -78.7952 -46.6785 0
      vertex -78.6903 -46.4567 5.5
      vertex -78.6903 -46.4567 0
    endloop
  endfacet
  facet normal -0.903995 0.427543 0
    outer loop
      vertex -78.6903 -46.4567 5.5
      vertex -78.7952 -46.6785 0
      vertex -78.7952 -46.6785 5.5
    endloop
  endfacet
  facet normal -0.857745 0.514076 0
    outer loop
      vertex -78.9213 -46.8889 0
      vertex -78.7952 -46.6785 5.5
      vertex -78.7952 -46.6785 0
    endloop
  endfacet
  facet normal -0.857745 0.514076 0
    outer loop
      vertex -78.7952 -46.6785 5.5
      vertex -78.9213 -46.8889 0
      vertex -78.9213 -46.8889 5.5
    endloop
  endfacet
  facet normal -0.803198 0.595712 0
    outer loop
      vertex -79.0037 -47 0
      vertex -78.9213 -46.8889 5.5
      vertex -78.9213 -46.8889 0
    endloop
  endfacet
  facet normal -0.803198 0.595712 0
    outer loop
      vertex -78.9213 -46.8889 5.5
      vertex -79.0037 -47 0
      vertex -79.0037 -47 5.5
    endloop
  endfacet
  facet normal 0 -1 0
    outer loop
      vertex -79.0037 -47 0
      vertex -21.5 -47 5.5
      vertex -79.0037 -47 5.5
    endloop
  endfacet
  facet normal 0 -1 -0
    outer loop
      vertex -21.5 -47 5.5
      vertex -79.0037 -47 0
      vertex -21.5 -47 0
    endloop
  endfacet
  facet normal 1 -0 0
    outer loop
      vertex -21.5 -47 5.5
      vertex -21.5 -44.5 0
      vertex -21.5 -44.5 5.5
    endloop
  endfacet
  facet normal 1 0 0
    outer loop
      vertex -21.5 -44.5 0
      vertex -21.5 -47 5.5
      vertex -21.5 -47 0
    endloop
  endfacet
  facet normal 0.998803 -0.0489209 0
    outer loop
      vertex -21.5 -44.5 5.5
      vertex -21.4952 -44.402 0
      vertex -21.4952 -44.402 5.5
    endloop
  endfacet
  facet normal 0.998803 -0.0489209 0
    outer loop
      vertex -21.4952 -44.402 0
      vertex -21.5 -44.5 5.5
      vertex -21.5 -44.5 0
    endloop
  endfacet
  facet normal 0.989182 -0.146696 0
    outer loop
      vertex -21.4952 -44.402 5.5
      vertex -21.4808 -44.3049 0
      vertex -21.4808 -44.3049 5.5
    endloop
  endfacet
  facet normal 0.989182 -0.146696 0
    outer loop
      vertex -21.4808 -44.3049 0
      vertex -21.4952 -44.402 5.5
      vertex -21.4952 -44.402 0
    endloop
  endfacet
  facet normal 0.969902 -0.243494 0
    outer loop
      vertex -21.4808 -44.3049 5.5
      vertex -21.4569 -44.2097 0
      vertex -21.4569 -44.2097 5.5
    endloop
  endfacet
  facet normal 0.969902 -0.243494 0
    outer loop
      vertex -21.4569 -44.2097 0
      vertex -21.4808 -44.3049 5.5
      vertex -21.4808 -44.3049 0
    endloop
  endfacet
  facet normal 0.941742 -0.336336 0
    outer loop
      vertex -21.4569 -44.2097 5.5
      vertex -21.4239 -44.1173 0
      vertex -21.4239 -44.1173 5.5
    endloop
  endfacet
  facet normal 0.941742 -0.336336 0
    outer loop
      vertex -21.4239 -44.1173 0
      vertex -21.4569 -44.2097 5.5
      vertex -21.4569 -44.2097 0
    endloop
  endfacet
  facet normal 0.9038 -0.427955 0
    outer loop
      vertex -21.4239 -44.1173 5.5
      vertex -21.3819 -44.0286 0
      vertex -21.3819 -44.0286 5.5
    endloop
  endfacet
  facet normal 0.9038 -0.427955 0
    outer loop
      vertex -21.3819 -44.0286 0
      vertex -21.4239 -44.1173 5.5
      vertex -21.4239 -44.1173 0
    endloop
  endfacet
  facet normal 0.858032 -0.513596 0
    outer loop
      vertex -21.3819 -44.0286 5.5
      vertex -21.3315 -43.9444 0
      vertex -21.3315 -43.9444 5.5
    endloop
  endfacet
  facet normal 0.858032 -0.513596 0
    outer loop
      vertex -21.3315 -43.9444 0
      vertex -21.3819 -44.0286 5.5
      vertex -21.3819 -44.0286 0
    endloop
  endfacet
  facet normal 0.802925 -0.59608 0
    outer loop
      vertex -21.3315 -43.9444 5.5
      vertex -21.273 -43.8656 0
      vertex -21.273 -43.8656 5.5
    endloop
  endfacet
  facet normal 0.802925 -0.59608 0
    outer loop
      vertex -21.273 -43.8656 0
      vertex -21.3315 -43.9444 5.5
      vertex -21.3315 -43.9444 0
    endloop
  endfacet
  facet normal 0.740908 -0.671607 0
    outer loop
      vertex -21.273 -43.8656 5.5
      vertex -21.2071 -43.7929 0
      vertex -21.2071 -43.7929 5.5
    endloop
  endfacet
  facet normal 0.740908 -0.671607 0
    outer loop
      vertex -21.2071 -43.7929 0
      vertex -21.273 -43.8656 5.5
      vertex -21.273 -43.8656 0
    endloop
  endfacet
  facet normal 0.671607 -0.740908 0
    outer loop
      vertex -21.2071 -43.7929 0
      vertex -21.1344 -43.727 5.5
      vertex -21.2071 -43.7929 5.5
    endloop
  endfacet
  facet normal 0.671607 -0.740908 0
    outer loop
      vertex -21.1344 -43.727 5.5
      vertex -21.2071 -43.7929 0
      vertex -21.1344 -43.727 0
    endloop
  endfacet
  facet normal 0.59608 -0.802925 0
    outer loop
      vertex -21.1344 -43.727 0
      vertex -21.0556 -43.6685 5.5
      vertex -21.1344 -43.727 5.5
    endloop
  endfacet
  facet normal 0.59608 -0.802925 0
    outer loop
      vertex -21.0556 -43.6685 5.5
      vertex -21.1344 -43.727 0
      vertex -21.0556 -43.6685 0
    endloop
  endfacet
  facet normal 0.513596 -0.858032 0
    outer loop
      vertex -21.0556 -43.6685 0
      vertex -20.9714 -43.6181 5.5
      vertex -21.0556 -43.6685 5.5
    endloop
  endfacet
  facet normal 0.513596 -0.858032 0
    outer loop
      vertex -20.9714 -43.6181 5.5
      vertex -21.0556 -43.6685 0
      vertex -20.9714 -43.6181 0
    endloop
  endfacet
  facet normal 0.427955 -0.9038 0
    outer loop
      vertex -20.9714 -43.6181 0
      vertex -20.8827 -43.5761 5.5
      vertex -20.9714 -43.6181 5.5
    endloop
  endfacet
  facet normal 0.427955 -0.9038 0
    outer loop
      vertex -20.8827 -43.5761 5.5
      vertex -20.9714 -43.6181 0
      vertex -20.8827 -43.5761 0
    endloop
  endfacet
  facet normal 0.336336 -0.941742 0
    outer loop
      vertex -20.8827 -43.5761 0
      vertex -20.7903 -43.5431 5.5
      vertex -20.8827 -43.5761 5.5
    endloop
  endfacet
  facet normal 0.336336 -0.941742 0
    outer loop
      vertex -20.7903 -43.5431 5.5
      vertex -20.8827 -43.5761 0
      vertex -20.7903 -43.5431 0
    endloop
  endfacet
  facet normal 0.243494 -0.969902 0
    outer loop
      vertex -20.7903 -43.5431 0
      vertex -20.6951 -43.5192 5.5
      vertex -20.7903 -43.5431 5.5
    endloop
  endfacet
  facet normal 0.243494 -0.969902 0
    outer loop
      vertex -20.6951 -43.5192 5.5
      vertex -20.7903 -43.5431 0
      vertex -20.6951 -43.5192 0
    endloop
  endfacet
  facet normal 0.146696 -0.989182 0
    outer loop
      vertex -20.6951 -43.5192 0
      vertex -20.598 -43.5048 5.5
      vertex -20.6951 -43.5192 5.5
    endloop
  endfacet
  facet normal 0.146696 -0.989182 0
    outer loop
      vertex -20.598 -43.5048 5.5
      vertex -20.6951 -43.5192 0
      vertex -20.598 -43.5048 0
    endloop
  endfacet
  facet normal 0.0489209 -0.998803 0
    outer loop
      vertex -20.598 -43.5048 0
      vertex -20.5 -43.5 5.5
      vertex -20.598 -43.5048 5.5
    endloop
  endfacet
  facet normal 0.0489209 -0.998803 0
    outer loop
      vertex -20.5 -43.5 5.5
      vertex -20.598 -43.5048 0
      vertex -20.5 -43.5 0
    endloop
  endfacet
  facet normal 0 -1 0
    outer loop
      vertex -20.5 -43.5 0
      vertex -17.5 -43.5 5.5
      vertex -20.5 -43.5 5.5
    endloop
  endfacet
  facet normal 0 -1 -0
    outer loop
      vertex -17.5 -43.5 5.5
      vertex -20.5 -43.5 0
      vertex -17.5 -43.5 0
    endloop
  endfacet
  facet normal -0.0489209 -0.998803 0
    outer loop
      vertex -17.5 -43.5 0
      vertex -17.402 -43.5048 5.5
      vertex -17.5 -43.5 5.5
    endloop
  endfacet
  facet normal -0.0489209 -0.998803 -0
    outer loop
      vertex -17.402 -43.5048 5.5
      vertex -17.5 -43.5 0
      vertex -17.402 -43.5048 0
    endloop
  endfacet
  facet normal -0.146696 -0.989182 0
    outer loop
      vertex -17.402 -43.5048 0
      vertex -17.3049 -43.5192 5.5
      vertex -17.402 -43.5048 5.5
    endloop
  endfacet
  facet normal -0.146696 -0.989182 -0
    outer loop
      vertex -17.3049 -43.5192 5.5
      vertex -17.402 -43.5048 0
      vertex -17.3049 -43.5192 0
    endloop
  endfacet
  facet normal -0.243494 -0.969902 0
    outer loop
      vertex -17.3049 -43.5192 0
      vertex -17.2097 -43.5431 5.5
      vertex -17.3049 -43.5192 5.5
    endloop
  endfacet
  facet normal -0.243494 -0.969902 -0
    outer loop
      vertex -17.2097 -43.5431 5.5
      vertex -17.3049 -43.5192 0
      vertex -17.2097 -43.5431 0
    endloop
  endfacet
  facet normal -0.336336 -0.941742 0
    outer loop
      vertex -17.2097 -43.5431 0
      vertex -17.1173 -43.5761 5.5
      vertex -17.2097 -43.5431 5.5
    endloop
  endfacet
  facet normal -0.336336 -0.941742 -0
    outer loop
      vertex -17.1173 -43.5761 5.5
      vertex -17.2097 -43.5431 0
      vertex -17.1173 -43.5761 0
    endloop
  endfacet
  facet normal -0.427955 -0.9038 0
    outer loop
      vertex -17.1173 -43.5761 0
      vertex -17.0286 -43.6181 5.5
      vertex -17.1173 -43.5761 5.5
    endloop
  endfacet
  facet normal -0.427955 -0.9038 -0
    outer loop
      vertex -17.0286 -43.6181 5.5
      vertex -17.1173 -43.5761 0
      vertex -17.0286 -43.6181 0
    endloop
  endfacet
  facet normal -0.513596 -0.858032 0
    outer loop
      vertex -17.0286 -43.6181 0
      vertex -16.9444 -43.6685 5.5
      vertex -17.0286 -43.6181 5.5
    endloop
  endfacet
  facet normal -0.513596 -0.858032 -0
    outer loop
      vertex -16.9444 -43.6685 5.5
      vertex -17.0286 -43.6181 0
      vertex -16.9444 -43.6685 0
    endloop
  endfacet
  facet normal -0.59608 -0.802925 0
    outer loop
      vertex -16.9444 -43.6685 0
      vertex -16.8656 -43.727 5.5
      vertex -16.9444 -43.6685 5.5
    endloop
  endfacet
  facet normal -0.59608 -0.802925 -0
    outer loop
      vertex -16.8656 -43.727 5.5
      vertex -16.9444 -43.6685 0
      vertex -16.8656 -43.727 0
    endloop
  endfacet
  facet normal -0.671607 -0.740908 0
    outer loop
      vertex -16.8656 -43.727 0
      vertex -16.7929 -43.7929 5.5
      vertex -16.8656 -43.727 5.5
    endloop
  endfacet
  facet normal -0.671607 -0.740908 -0
    outer loop
      vertex -16.7929 -43.7929 5.5
      vertex -16.8656 -43.727 0
      vertex -16.7929 -43.7929 0
    endloop
  endfacet
  facet normal -0.740908 -0.671607 0
    outer loop
      vertex -16.727 -43.8656 0
      vertex -16.7929 -43.7929 5.5
      vertex -16.7929 -43.7929 0
    endloop
  endfacet
  facet normal -0.740908 -0.671607 0
    outer loop
      vertex -16.7929 -43.7929 5.5
      vertex -16.727 -43.8656 0
      vertex -16.727 -43.8656 5.5
    endloop
  endfacet
  facet normal -0.802925 -0.59608 0
    outer loop
      vertex -16.6685 -43.9444 0
      vertex -16.727 -43.8656 5.5
      vertex -16.727 -43.8656 0
    endloop
  endfacet
  facet normal -0.802925 -0.59608 0
    outer loop
      vertex -16.727 -43.8656 5.5
      vertex -16.6685 -43.9444 0
      vertex -16.6685 -43.9444 5.5
    endloop
  endfacet
  facet normal -0.858032 -0.513596 0
    outer loop
      vertex -16.6181 -44.0286 0
      vertex -16.6685 -43.9444 5.5
      vertex -16.6685 -43.9444 0
    endloop
  endfacet
  facet normal -0.858032 -0.513596 0
    outer loop
      vertex -16.6685 -43.9444 5.5
      vertex -16.6181 -44.0286 0
      vertex -16.6181 -44.0286 5.5
    endloop
  endfacet
  facet normal -0.9038 -0.427955 0
    outer loop
      vertex -16.5761 -44.1173 0
      vertex -16.6181 -44.0286 5.5
      vertex -16.6181 -44.0286 0
    endloop
  endfacet
  facet normal -0.9038 -0.427955 0
    outer loop
      vertex -16.6181 -44.0286 5.5
      vertex -16.5761 -44.1173 0
      vertex -16.5761 -44.1173 5.5
    endloop
  endfacet
  facet normal -0.941742 -0.336336 0
    outer loop
      vertex -16.5431 -44.2097 0
      vertex -16.5761 -44.1173 5.5
      vertex -16.5761 -44.1173 0
    endloop
  endfacet
  facet normal -0.941742 -0.336336 0
    outer loop
      vertex -16.5761 -44.1173 5.5
      vertex -16.5431 -44.2097 0
      vertex -16.5431 -44.2097 5.5
    endloop
  endfacet
  facet normal -0.969902 -0.243494 0
    outer loop
      vertex -16.5192 -44.3049 0
      vertex -16.5431 -44.2097 5.5
      vertex -16.5431 -44.2097 0
    endloop
  endfacet
  facet normal -0.969902 -0.243494 0
    outer loop
      vertex -16.5431 -44.2097 5.5
      vertex -16.5192 -44.3049 0
      vertex -16.5192 -44.3049 5.5
    endloop
  endfacet
  facet normal -0.989182 -0.146696 0
    outer loop
      vertex -16.5048 -44.402 0
      vertex -16.5192 -44.3049 5.5
      vertex -16.5192 -44.3049 0
    endloop
  endfacet
  facet normal -0.989182 -0.146696 0
    outer loop
      vertex -16.5192 -44.3049 5.5
      vertex -16.5048 -44.402 0
      vertex -16.5048 -44.402 5.5
    endloop
  endfacet
  facet normal -0.998803 -0.0489209 0
    outer loop
      vertex -16.5 -44.5 0
      vertex -16.5048 -44.402 5.5
      vertex -16.5048 -44.402 0
    endloop
  endfacet
  facet normal -0.998803 -0.0489209 0
    outer loop
      vertex -16.5048 -44.402 5.5
      vertex -16.5 -44.5 0
      vertex -16.5 -44.5 5.5
    endloop
  endfacet
  facet normal -1 0 0
    outer loop
      vertex -16.5 -47 0
      vertex -16.5 -44.5 5.5
      vertex -16.5 -44.5 0
    endloop
  endfacet
  facet normal -1 -0 0
    outer loop
      vertex -16.5 -44.5 5.5
      vertex -16.5 -47 0
      vertex -16.5 -47 5.5
    endloop
  endfacet
  facet normal 0 -1 0
    outer loop
      vertex -16.5 -47 0
      vertex -9 -47 5.5
      vertex -16.5 -47 5.5
    endloop
  endfacet
  facet normal 0 -1 -0
    outer loop
      vertex -9 -47 5.5
      vertex -16.5 -47 0
      vertex -9 -47 0
    endloop
  endfacet
  facet normal 0.0492515 -0.998786 0
    outer loop
      vertex -9 -47 0
      vertex -8.70595 -46.9855 5.5
      vertex -9 -47 5.5
    endloop
  endfacet
  facet normal 0.0492515 -0.998786 0
    outer loop
      vertex -8.70595 -46.9855 5.5
      vertex -9 -47 0
      vertex -8.70595 -46.9855 0
    endloop
  endfacet
  facet normal 0.146403 -0.989225 0
    outer loop
      vertex -8.70595 -46.9855 0
      vertex -8.41473 -46.9424 5.5
      vertex -8.70595 -46.9855 5.5
    endloop
  endfacet
  facet normal 0.146403 -0.989225 0
    outer loop
      vertex -8.41473 -46.9424 5.5
      vertex -8.70595 -46.9855 0
      vertex -8.41473 -46.9424 0
    endloop
  endfacet
  facet normal 0.243191 -0.969978 0
    outer loop
      vertex -8.41473 -46.9424 0
      vertex -8.12915 -46.8708 5.5
      vertex -8.41473 -46.9424 5.5
    endloop
  endfacet
  facet normal 0.243191 -0.969978 0
    outer loop
      vertex -8.12915 -46.8708 5.5
      vertex -8.41473 -46.9424 0
      vertex -8.12915 -46.8708 0
    endloop
  endfacet
  facet normal 0.336928 -0.94153 0
    outer loop
      vertex -8.12915 -46.8708 0
      vertex -7.85194 -46.7716 5.5
      vertex -8.12915 -46.8708 5.5
    endloop
  endfacet
  facet normal 0.336928 -0.94153 0
    outer loop
      vertex -7.85194 -46.7716 5.5
      vertex -8.12915 -46.8708 0
      vertex -7.85194 -46.7716 0
    endloop
  endfacet
  facet normal 0.427374 -0.904075 0
    outer loop
      vertex -7.85194 -46.7716 0
      vertex -7.58582 -46.6458 5.5
      vertex -7.85194 -46.7716 5.5
    endloop
  endfacet
  facet normal 0.427374 -0.904075 0
    outer loop
      vertex -7.58582 -46.6458 5.5
      vertex -7.85194 -46.7716 0
      vertex -7.58582 -46.6458 0
    endloop
  endfacet
  facet normal 0.514186 -0.857679 0
    outer loop
      vertex -7.58582 -46.6458 0
      vertex -7.33328 -46.4944 5.5
      vertex -7.58582 -46.6458 5.5
    endloop
  endfacet
  facet normal 0.514186 -0.857679 0
    outer loop
      vertex -7.33328 -46.4944 5.5
      vertex -7.58582 -46.6458 0
      vertex -7.33328 -46.4944 0
    endloop
  endfacet
  facet normal 0.595764 -0.80316 0
    outer loop
      vertex -7.33328 -46.4944 0
      vertex -7.09682 -46.319 5.5
      vertex -7.33328 -46.4944 5.5
    endloop
  endfacet
  facet normal 0.595764 -0.80316 0
    outer loop
      vertex -7.09682 -46.319 5.5
      vertex -7.33328 -46.4944 0
      vertex -7.09682 -46.319 0
    endloop
  endfacet
  facet normal 0.671539 -0.740969 0
    outer loop
      vertex -7.09682 -46.319 0
      vertex -6.87868 -46.1213 5.5
      vertex -7.09682 -46.319 5.5
    endloop
  endfacet
  facet normal 0.671539 -0.740969 0
    outer loop
      vertex -6.87868 -46.1213 5.5
      vertex -7.09682 -46.319 0
      vertex -6.87868 -46.1213 0
    endloop
  endfacet
  facet normal 0.740891 -0.671625 0
    outer loop
      vertex -6.87868 -46.1213 5.5
      vertex -6.68097 -45.9032 0
      vertex -6.68097 -45.9032 5.5
    endloop
  endfacet
  facet normal 0.740891 -0.671625 0
    outer loop
      vertex -6.68097 -45.9032 0
      vertex -6.87868 -46.1213 5.5
      vertex -6.87868 -46.1213 0
    endloop
  endfacet
  facet normal 0.803224 -0.595677 0
    outer loop
      vertex -6.68097 -45.9032 5.5
      vertex -6.50558 -45.6667 0
      vertex -6.50558 -45.6667 5.5
    endloop
  endfacet
  facet normal 0.803224 -0.595677 0
    outer loop
      vertex -6.50558 -45.6667 0
      vertex -6.68097 -45.9032 5.5
      vertex -6.68097 -45.9032 0
    endloop
  endfacet
  facet normal 0.857718 -0.514121 0
    outer loop
      vertex -6.50558 -45.6667 5.5
      vertex -6.35423 -45.4142 0
      vertex -6.35423 -45.4142 5.5
    endloop
  endfacet
  facet normal 0.857718 -0.514121 0
    outer loop
      vertex -6.35423 -45.4142 0
      vertex -6.50558 -45.6667 5.5
      vertex -6.50558 -45.6667 0
    endloop
  endfacet
  facet normal 0.903971 -0.427594 0
    outer loop
      vertex -6.35423 -45.4142 5.5
      vertex -6.22836 -45.1481 0
      vertex -6.22836 -45.1481 5.5
    endloop
  endfacet
  facet normal 0.903971 -0.427594 0
    outer loop
      vertex -6.22836 -45.1481 0
      vertex -6.35423 -45.4142 5.5
      vertex -6.35423 -45.4142 0
    endloop
  endfacet
  facet normal 0.941587 -0.336771 0
    outer loop
      vertex -6.22836 -45.1481 5.5
      vertex -6.12918 -44.8708 0
      vertex -6.12918 -44.8708 5.5
    endloop
  endfacet
  facet normal 0.941587 -0.336771 0
    outer loop
      vertex -6.12918 -44.8708 0
      vertex -6.22836 -45.1481 5.5
      vertex -6.22836 -45.1481 0
    endloop
  endfacet
  facet normal 0.970018 -0.243031 0
    outer loop
      vertex -6.12918 -44.8708 5.5
      vertex -6.05765 -44.5853 0
      vertex -6.05765 -44.5853 5.5
    endloop
  endfacet
  facet normal 0.970018 -0.243031 0
    outer loop
      vertex -6.05765 -44.5853 0
      vertex -6.12918 -44.8708 5.5
      vertex -6.12918 -44.8708 0
    endloop
  endfacet
  facet normal 0.989174 -0.146746 0
    outer loop
      vertex -6.05765 -44.5853 5.5
      vertex -6.01445 -44.2941 0
      vertex -6.01445 -44.2941 5.5
    endloop
  endfacet
  facet normal 0.989174 -0.146746 0
    outer loop
      vertex -6.01445 -44.2941 0
      vertex -6.05765 -44.5853 5.5
      vertex -6.05765 -44.5853 0
    endloop
  endfacet
  facet normal 0.998795 -0.0490738 0
    outer loop
      vertex -6.01445 -44.2941 5.5
      vertex -6 -44 0
      vertex -6 -44 5.5
    endloop
  endfacet
  facet normal 0.998795 -0.0490738 0
    outer loop
      vertex -6 -44 0
      vertex -6.01445 -44.2941 5.5
      vertex -6.01445 -44.2941 0
    endloop
  endfacet
  facet normal 1 -0 0
    outer loop
      vertex -6 -44 5.5
      vertex -6 44 0
      vertex -6 44 5.5
    endloop
  endfacet
  facet normal 1 0 0
    outer loop
      vertex -6 44 0
      vertex -6 -44 5.5
      vertex -6 -44 0
    endloop
  endfacet
  facet normal 0.998795 0.0490738 0
    outer loop
      vertex -6 44 5.5
      vertex -6.01445 44.2941 0
      vertex -6.01445 44.2941 5.5
    endloop
  endfacet
  facet normal 0.998795 0.0490738 0
    outer loop
      vertex -6.01445 44.2941 0
      vertex -6 44 5.5
      vertex -6 44 0
    endloop
  endfacet
  facet normal 0.989174 0.146746 0
    outer loop
      vertex -6.01445 44.2941 5.5
      vertex -6.05765 44.5853 0
      vertex -6.05765 44.5853 5.5
    endloop
  endfacet
  facet normal 0.989174 0.146746 0
    outer loop
      vertex -6.05765 44.5853 0
      vertex -6.01445 44.2941 5.5
      vertex -6.01445 44.2941 0
    endloop
  endfacet
  facet normal 0.970018 0.243031 0
    outer loop
      vertex -6.05765 44.5853 5.5
      vertex -6.12918 44.8708 0
      vertex -6.12918 44.8708 5.5
    endloop
  endfacet
  facet normal 0.970018 0.243031 0
    outer loop
      vertex -6.12918 44.8708 0
      vertex -6.05765 44.5853 5.5
      vertex -6.05765 44.5853 0
    endloop
  endfacet
  facet normal 0.941587 0.336771 0
    outer loop
      vertex -6.12918 44.8708 5.5
      vertex -6.22836 45.1481 0
      vertex -6.22836 45.1481 5.5
    endloop
  endfacet
  facet normal 0.941587 0.336771 0
    outer loop
      vertex -6.22836 45.1481 0
      vertex -6.12918 44.8708 5.5
      vertex -6.12918 44.8708 0
    endloop
  endfacet
  facet normal 0.903971 0.427594 0
    outer loop
      vertex -6.22836 45.1481 5.5
      vertex -6.35423 45.4142 0
      vertex -6.35423 45.4142 5.5
    endloop
  endfacet
  facet normal 0.903971 0.427594 0
    outer loop
      vertex -6.35423 45.4142 0
      vertex -6.22836 45.1481 5.5
      vertex -6.22836 45.1481 0
    endloop
  endfacet
  facet normal 0.857718 0.514121 0
    outer loop
      vertex -6.35423 45.4142 5.5
      vertex -6.50558 45.6667 0
      vertex -6.50558 45.6667 5.5
    endloop
  endfacet
  facet normal 0.857718 0.514121 0
    outer loop
      vertex -6.50558 45.6667 0
      vertex -6.35423 45.4142 5.5
      vertex -6.35423 45.4142 0
    endloop
  endfacet
  facet normal 0.803224 0.595677 0
    outer loop
      vertex -6.50558 45.6667 5.5
      vertex -6.68097 45.9032 0
      vertex -6.68097 45.9032 5.5
    endloop
  endfacet
  facet normal 0.803224 0.595677 0
    outer loop
      vertex -6.68097 45.9032 0
      vertex -6.50558 45.6667 5.5
      vertex -6.50558 45.6667 0
    endloop
  endfacet
  facet normal 0.740891 0.671625 0
    outer loop
      vertex -6.68097 45.9032 5.5
      vertex -6.87868 46.1213 0
      vertex -6.87868 46.1213 5.5
    endloop
  endfacet
  facet normal 0.740891 0.671625 0
    outer loop
      vertex -6.87868 46.1213 0
      vertex -6.68097 45.9032 5.5
      vertex -6.68097 45.9032 0
    endloop
  endfacet
  facet normal 0.671539 0.740969 -0
    outer loop
      vertex -6.87868 46.1213 0
      vertex -7.09682 46.319 5.5
      vertex -6.87868 46.1213 5.5
    endloop
  endfacet
  facet normal 0.671539 0.740969 0
    outer loop
      vertex -7.09682 46.319 5.5
      vertex -6.87868 46.1213 0
      vertex -7.09682 46.319 0
    endloop
  endfacet
  facet normal 0.595764 0.80316 -0
    outer loop
      vertex -7.09682 46.319 0
      vertex -7.33328 46.4944 5.5
      vertex -7.09682 46.319 5.5
    endloop
  endfacet
  facet normal 0.595764 0.80316 0
    outer loop
      vertex -7.33328 46.4944 5.5
      vertex -7.09682 46.319 0
      vertex -7.33328 46.4944 0
    endloop
  endfacet
  facet normal 0.514186 0.857679 -0
    outer loop
      vertex -7.33328 46.4944 0
      vertex -7.58582 46.6458 5.5
      vertex -7.33328 46.4944 5.5
    endloop
  endfacet
  facet normal 0.514186 0.857679 0
    outer loop
      vertex -7.58582 46.6458 5.5
      vertex -7.33328 46.4944 0
      vertex -7.58582 46.6458 0
    endloop
  endfacet
  facet normal 0.427374 0.904075 -0
    outer loop
      vertex -7.58582 46.6458 0
      vertex -7.85194 46.7716 5.5
      vertex -7.58582 46.6458 5.5
    endloop
  endfacet
  facet normal 0.427374 0.904075 0
    outer loop
      vertex -7.85194 46.7716 5.5
      vertex -7.58582 46.6458 0
      vertex -7.85194 46.7716 0
    endloop
  endfacet
  facet normal 0.336928 0.94153 -0
    outer loop
      vertex -7.85194 46.7716 0
      vertex -8.12915 46.8708 5.5
      vertex -7.85194 46.7716 5.5
    endloop
  endfacet
  facet normal 0.336928 0.94153 0
    outer loop
      vertex -8.12915 46.8708 5.5
      vertex -7.85194 46.7716 0
      vertex -8.12915 46.8708 0
    endloop
  endfacet
  facet normal 0.243191 0.969978 -0
    outer loop
      vertex -8.12915 46.8708 0
      vertex -8.41473 46.9424 5.5
      vertex -8.12915 46.8708 5.5
    endloop
  endfacet
  facet normal 0.243191 0.969978 0
    outer loop
      vertex -8.41473 46.9424 5.5
      vertex -8.12915 46.8708 0
      vertex -8.41473 46.9424 0
    endloop
  endfacet
  facet normal 0.146403 0.989225 -0
    outer loop
      vertex -8.41473 46.9424 0
      vertex -8.70595 46.9855 5.5
      vertex -8.41473 46.9424 5.5
    endloop
  endfacet
  facet normal 0.146403 0.989225 0
    outer loop
      vertex -8.70595 46.9855 5.5
      vertex -8.41473 46.9424 0
      vertex -8.70595 46.9855 0
    endloop
  endfacet
  facet normal 0.0492515 0.998786 -0
    outer loop
      vertex -8.70595 46.9855 0
      vertex -9 47 5.5
      vertex -8.70595 46.9855 5.5
    endloop
  endfacet
  facet normal 0.0492515 0.998786 0
    outer loop
      vertex -9 47 5.5
      vertex -8.70595 46.9855 0
      vertex -9 47 0
    endloop
  endfacet
  facet normal 0 1 -0
    outer loop
      vertex -9 47 0
      vertex -82 47 5.5
      vertex -9 47 5.5
    endloop
  endfacet
  facet normal 0 1 0
    outer loop
      vertex -82 47 5.5
      vertex -9 47 0
      vertex -82 47 0
    endloop
  endfacet
  facet normal -0.707107 0.707107 0
    outer loop
      vertex -96 33 0
      vertex -82 47 5.5
      vertex -82 47 0
    endloop
  endfacet
  facet normal -0.707107 0.707107 0
    outer loop
      vertex -82 47 5.5
      vertex -96 33 0
      vertex -96 33 5.5
    endloop
  endfacet
  facet normal -1 0 0
    outer loop
      vertex -96 -44 0
      vertex -96 33 5.5
      vertex -96 33 0
    endloop
  endfacet
  facet normal -1 -0 0
    outer loop
      vertex -96 33 5.5
      vertex -96 -44 0
      vertex -96 -44 5.5
    endloop
  endfacet
  facet normal -0.998787 -0.0492431 0
    outer loop
      vertex -95.9855 -44.2941 0
      vertex -96 -44 5.5
      vertex -96 -44 0
    endloop
  endfacet
  facet normal -0.998787 -0.0492431 0
    outer loop
      vertex -96 -44 5.5
      vertex -95.9855 -44.2941 0
      vertex -95.9855 -44.2941 5.5
    endloop
  endfacet
  facet normal -0.989224 -0.146413 0
    outer loop
      vertex -95.9424 -44.5853 0
      vertex -95.9855 -44.2941 5.5
      vertex -95.9855 -44.2941 0
    endloop
  endfacet
  facet normal -0.989224 -0.146413 0
    outer loop
      vertex -95.9855 -44.2941 5.5
      vertex -95.9424 -44.5853 0
      vertex -95.9424 -44.5853 5.5
    endloop
  endfacet
  facet normal -0.969962 -0.243255 0
    outer loop
      vertex -95.8708 -44.8708 0
      vertex -95.9424 -44.5853 5.5
      vertex -95.9424 -44.5853 0
    endloop
  endfacet
  facet normal -0.969962 -0.243255 0
    outer loop
      vertex -95.9424 -44.5853 5.5
      vertex -95.8708 -44.8708 0
      vertex -95.8708 -44.8708 5.5
    endloop
  endfacet
  facet normal -0.941565 -0.336831 0
    outer loop
      vertex -95.7716 -45.1481 0
      vertex -95.8708 -44.8708 5.5
      vertex -95.8708 -44.8708 0
    endloop
  endfacet
  facet normal -0.941565 -0.336831 0
    outer loop
      vertex -95.8708 -44.8708 5.5
      vertex -95.7716 -45.1481 0
      vertex -95.7716 -45.1481 5.5
    endloop
  endfacet
  facet normal -0.904063 -0.4274 0
    outer loop
      vertex -95.6458 -45.4142 0
      vertex -95.7716 -45.1481 5.5
      vertex -95.7716 -45.1481 0
    endloop
  endfacet
  facet normal -0.904063 -0.4274 0
    outer loop
      vertex -95.7716 -45.1481 5.5
      vertex -95.6458 -45.4142 0
      vertex -95.6458 -45.4142 5.5
    endloop
  endfacet
  facet normal -0.857643 -0.514246 0
    outer loop
      vertex -95.4944 -45.6667 0
      vertex -95.6458 -45.4142 5.5
      vertex -95.6458 -45.4142 0
    endloop
  endfacet
  facet normal -0.857643 -0.514246 0
    outer loop
      vertex -95.6458 -45.4142 5.5
      vertex -95.4944 -45.6667 0
      vertex -95.4944 -45.6667 5.5
    endloop
  endfacet
  facet normal -0.803208 -0.595699 0
    outer loop
      vertex -95.319 -45.9032 0
      vertex -95.4944 -45.6667 5.5
      vertex -95.4944 -45.6667 0
    endloop
  endfacet
  facet normal -0.803208 -0.595699 0
    outer loop
      vertex -95.4944 -45.6667 5.5
      vertex -95.319 -45.9032 0
      vertex -95.319 -45.9032 5.5
    endloop
  endfacet
  facet normal -0.740908 -0.671607 0
    outer loop
      vertex -95.1213 -46.1213 0
      vertex -95.319 -45.9032 5.5
      vertex -95.319 -45.9032 0
    endloop
  endfacet
  facet normal -0.740908 -0.671607 0
    outer loop
      vertex -95.319 -45.9032 5.5
      vertex -95.1213 -46.1213 0
      vertex -95.1213 -46.1213 5.5
    endloop
  endfacet
  facet normal -0.671607 -0.740908 0
    outer loop
      vertex -95.1213 -46.1213 0
      vertex -94.9032 -46.319 5.5
      vertex -95.1213 -46.1213 5.5
    endloop
  endfacet
  facet normal -0.671607 -0.740908 -0
    outer loop
      vertex -94.9032 -46.319 5.5
      vertex -95.1213 -46.1213 0
      vertex -94.9032 -46.319 0
    endloop
  endfacet
  facet normal -0.595699 -0.803208 0
    outer loop
      vertex -94.9032 -46.319 0
      vertex -94.6667 -46.4944 5.5
      vertex -94.9032 -46.319 5.5
    endloop
  endfacet
  facet normal -0.595699 -0.803208 -0
    outer loop
      vertex -94.6667 -46.4944 5.5
      vertex -94.9032 -46.319 0
      vertex -94.6667 -46.4944 0
    endloop
  endfacet
  facet normal -0.514246 -0.857643 0
    outer loop
      vertex -94.6667 -46.4944 0
      vertex -94.4142 -46.6458 5.5
      vertex -94.6667 -46.4944 5.5
    endloop
  endfacet
  facet normal -0.514246 -0.857643 -0
    outer loop
      vertex -94.4142 -46.6458 5.5
      vertex -94.6667 -46.4944 0
      vertex -94.4142 -46.6458 0
    endloop
  endfacet
  facet normal -0.4274 -0.904063 0
    outer loop
      vertex -94.4142 -46.6458 0
      vertex -94.1481 -46.7716 5.5
      vertex -94.4142 -46.6458 5.5
    endloop
  endfacet
  facet normal -0.4274 -0.904063 -0
    outer loop
      vertex -94.1481 -46.7716 5.5
      vertex -94.4142 -46.6458 0
      vertex -94.1481 -46.7716 0
    endloop
  endfacet
  facet normal -0.336831 -0.941565 0
    outer loop
      vertex -94.1481 -46.7716 0
      vertex -93.8708 -46.8708 5.5
      vertex -94.1481 -46.7716 5.5
    endloop
  endfacet
  facet normal -0.336831 -0.941565 -0
    outer loop
      vertex -93.8708 -46.8708 5.5
      vertex -94.1481 -46.7716 0
      vertex -93.8708 -46.8708 0
    endloop
  endfacet
  facet normal -0.243255 -0.969962 0
    outer loop
      vertex -93.8708 -46.8708 0
      vertex -93.5853 -46.9424 5.5
      vertex -93.8708 -46.8708 5.5
    endloop
  endfacet
  facet normal -0.243255 -0.969962 -0
    outer loop
      vertex -93.5853 -46.9424 5.5
      vertex -93.8708 -46.8708 0
      vertex -93.5853 -46.9424 0
    endloop
  endfacet
  facet normal -0.146413 -0.989224 0
    outer loop
      vertex -93.5853 -46.9424 0
      vertex -93.2941 -46.9855 5.5
      vertex -93.5853 -46.9424 5.5
    endloop
  endfacet
  facet normal -0.146413 -0.989224 -0
    outer loop
      vertex -93.2941 -46.9855 5.5
      vertex -93.5853 -46.9424 0
      vertex -93.2941 -46.9855 0
    endloop
  endfacet
  facet normal -0.0492431 -0.998787 0
    outer loop
      vertex -93.2941 -46.9855 0
      vertex -93 -47 5.5
      vertex -93.2941 -46.9855 5.5
    endloop
  endfacet
  facet normal -0.0492431 -0.998787 -0
    outer loop
      vertex -93 -47 5.5
      vertex -93.2941 -46.9855 0
      vertex -93 -47 0
    endloop
  endfacet
  facet normal 0 -1 0
    outer loop
      vertex -93 -47 0
      vertex -86.9963 -47 5.5
      vertex -93 -47 5.5
    endloop
  endfacet
  facet normal 0 -1 -0
    outer loop
      vertex -86.9963 -47 5.5
      vertex -93 -47 0
      vertex -86.9963 -47 0
    endloop
  endfacet
  facet normal 0.803198 0.595712 0
    outer loop
      vertex -86.9963 -47 5.5
      vertex -87.0787 -46.8889 0
      vertex -87.0787 -46.8889 5.5
    endloop
  endfacet
  facet normal 0.803198 0.595712 0
    outer loop
      vertex -87.0787 -46.8889 0
      vertex -86.9963 -47 5.5
      vertex -86.9963 -47 0
    endloop
  endfacet
  facet normal 0.0493715 0.99878 -0
    outer loop
      vertex -92.9609 -45.4 3.3
      vertex -93.1369 -45.3913 5.5
      vertex -92.9609 -45.4 5.5
    endloop
  endfacet
  facet normal 0.0493715 0.99878 0
    outer loop
      vertex -93.1369 -45.3913 5.5
      vertex -92.9609 -45.4 3.3
      vertex -93.1369 -45.3913 3.3
    endloop
  endfacet
  facet normal 0.146311 0.989239 -0
    outer loop
      vertex -93.1369 -45.3913 3.3
      vertex -93.2728 -45.3712 5.5
      vertex -93.1369 -45.3913 5.5
    endloop
  endfacet
  facet normal 0.146311 0.989239 0
    outer loop
      vertex -93.2728 -45.3712 5.5
      vertex -93.1369 -45.3913 3.3
      vertex -93.2728 -45.3712 3.3
    endloop
  endfacet
  facet normal 0.242707 0.9701 -0
    outer loop
      vertex -93.2728 -45.3712 3.3
      vertex -93.4059 -45.3379 5.5
      vertex -93.2728 -45.3712 5.5
    endloop
  endfacet
  facet normal 0.242707 0.9701 0
    outer loop
      vertex -93.4059 -45.3379 5.5
      vertex -93.2728 -45.3712 3.3
      vertex -93.4059 -45.3379 3.3
    endloop
  endfacet
  facet normal 0.336937 0.941527 -0
    outer loop
      vertex -93.4059 -45.3379 3.3
      vertex -93.535 -45.2917 5.5
      vertex -93.4059 -45.3379 5.5
    endloop
  endfacet
  facet normal 0.336937 0.941527 0
    outer loop
      vertex -93.535 -45.2917 5.5
      vertex -93.4059 -45.3379 3.3
      vertex -93.535 -45.2917 3.3
    endloop
  endfacet
  facet normal 0.427867 0.903842 -0
    outer loop
      vertex -93.535 -45.2917 3.3
      vertex -93.659 -45.233 5.5
      vertex -93.535 -45.2917 5.5
    endloop
  endfacet
  facet normal 0.427867 0.903842 0
    outer loop
      vertex -93.659 -45.233 5.5
      vertex -93.535 -45.2917 3.3
      vertex -93.659 -45.233 3.3
    endloop
  endfacet
  facet normal 0.513852 0.857879 -0
    outer loop
      vertex -93.659 -45.233 3.3
      vertex -93.7767 -45.1625 5.5
      vertex -93.659 -45.233 5.5
    endloop
  endfacet
  facet normal 0.513852 0.857879 0
    outer loop
      vertex -93.7767 -45.1625 5.5
      vertex -93.659 -45.233 3.3
      vertex -93.7767 -45.1625 3.3
    endloop
  endfacet
  facet normal 0.596029 0.802963 -0
    outer loop
      vertex -93.7767 -45.1625 3.3
      vertex -93.8869 -45.0807 5.5
      vertex -93.7767 -45.1625 5.5
    endloop
  endfacet
  facet normal 0.596029 0.802963 0
    outer loop
      vertex -93.8869 -45.0807 5.5
      vertex -93.7767 -45.1625 3.3
      vertex -93.8869 -45.0807 3.3
    endloop
  endfacet
  facet normal 0.671257 0.741225 -0
    outer loop
      vertex -93.8869 -45.0807 3.3
      vertex -93.9886 -44.9886 5.5
      vertex -93.8869 -45.0807 5.5
    endloop
  endfacet
  facet normal 0.671257 0.741225 0
    outer loop
      vertex -93.9886 -44.9886 5.5
      vertex -93.8869 -45.0807 3.3
      vertex -93.9886 -44.9886 3.3
    endloop
  endfacet
  facet normal 0.741225 0.671257 0
    outer loop
      vertex -93.9886 -44.9886 5.5
      vertex -94.0807 -44.8869 3.3
      vertex -94.0807 -44.8869 5.5
    endloop
  endfacet
  facet normal 0.741225 0.671257 0
    outer loop
      vertex -94.0807 -44.8869 3.3
      vertex -93.9886 -44.9886 5.5
      vertex -93.9886 -44.9886 3.3
    endloop
  endfacet
  facet normal 0.802963 0.596029 0
    outer loop
      vertex -94.0807 -44.8869 5.5
      vertex -94.1625 -44.7767 3.3
      vertex -94.1625 -44.7767 5.5
    endloop
  endfacet
  facet normal 0.802963 0.596029 0
    outer loop
      vertex -94.1625 -44.7767 3.3
      vertex -94.0807 -44.8869 5.5
      vertex -94.0807 -44.8869 3.3
    endloop
  endfacet
  facet normal 0.857879 0.513852 0
    outer loop
      vertex -94.1625 -44.7767 5.5
      vertex -94.233 -44.659 3.3
      vertex -94.233 -44.659 5.5
    endloop
  endfacet
  facet normal 0.857879 0.513852 0
    outer loop
      vertex -94.233 -44.659 3.3
      vertex -94.1625 -44.7767 5.5
      vertex -94.1625 -44.7767 3.3
    endloop
  endfacet
  facet normal 0.903842 0.427867 0
    outer loop
      vertex -94.233 -44.659 5.5
      vertex -94.2917 -44.535 3.3
      vertex -94.2917 -44.535 5.5
    endloop
  endfacet
  facet normal 0.903842 0.427867 0
    outer loop
      vertex -94.2917 -44.535 3.3
      vertex -94.233 -44.659 5.5
      vertex -94.233 -44.659 3.3
    endloop
  endfacet
  facet normal 0.941527 0.336937 0
    outer loop
      vertex -94.2917 -44.535 5.5
      vertex -94.3379 -44.4059 3.3
      vertex -94.3379 -44.4059 5.5
    endloop
  endfacet
  facet normal 0.941527 0.336937 0
    outer loop
      vertex -94.3379 -44.4059 3.3
      vertex -94.2917 -44.535 5.5
      vertex -94.2917 -44.535 3.3
    endloop
  endfacet
  facet normal 0.9701 0.242707 0
    outer loop
      vertex -94.3379 -44.4059 5.5
      vertex -94.3712 -44.2728 3.3
      vertex -94.3712 -44.2728 5.5
    endloop
  endfacet
  facet normal 0.9701 0.242707 0
    outer loop
      vertex -94.3712 -44.2728 3.3
      vertex -94.3379 -44.4059 5.5
      vertex -94.3379 -44.4059 3.3
    endloop
  endfacet
  facet normal 0.989239 0.146311 0
    outer loop
      vertex -94.3712 -44.2728 5.5
      vertex -94.3913 -44.1369 3.3
      vertex -94.3913 -44.1369 5.5
    endloop
  endfacet
  facet normal 0.989239 0.146311 0
    outer loop
      vertex -94.3913 -44.1369 3.3
      vertex -94.3712 -44.2728 5.5
      vertex -94.3712 -44.2728 3.3
    endloop
  endfacet
  facet normal 0.99878 0.0493715 0
    outer loop
      vertex -94.3913 -44.1369 5.5
      vertex -94.4 -43.9609 3.3
      vertex -94.4 -43.9609 5.5
    endloop
  endfacet
  facet normal 0.99878 0.0493715 0
    outer loop
      vertex -94.4 -43.9609 3.3
      vertex -94.3913 -44.1369 5.5
      vertex -94.3913 -44.1369 3.3
    endloop
  endfacet
  facet normal 1 -0 0
    outer loop
      vertex -94.4 -43.9609 5.5
      vertex -94.4 32.3372 3.3
      vertex -94.4 32.3372 5.5
    endloop
  endfacet
  facet normal 1 0 0
    outer loop
      vertex -94.4 32.3372 3.3
      vertex -94.4 -43.9609 5.5
      vertex -94.4 -43.9609 3.3
    endloop
  endfacet
  facet normal 0.707107 -0.707107 0
    outer loop
      vertex -94.4 32.3372 5.5
      vertex -81.3372 45.4 3.3
      vertex -81.3372 45.4 5.5
    endloop
  endfacet
  facet normal 0.707107 -0.707107 0
    outer loop
      vertex -81.3372 45.4 3.3
      vertex -94.4 32.3372 5.5
      vertex -94.4 32.3372 3.3
    endloop
  endfacet
  facet normal 0 -1 0
    outer loop
      vertex -81.3372 45.4 3.3
      vertex -9.03911 45.4 5.5
      vertex -81.3372 45.4 5.5
    endloop
  endfacet
  facet normal 0 -1 -0
    outer loop
      vertex -9.03911 45.4 5.5
      vertex -81.3372 45.4 3.3
      vertex -9.03911 45.4 3.3
    endloop
  endfacet
  facet normal -0.0493603 -0.998781 0
    outer loop
      vertex -9.03911 45.4 3.3
      vertex -8.86307 45.3913 5.5
      vertex -9.03911 45.4 5.5
    endloop
  endfacet
  facet normal -0.0493603 -0.998781 -0
    outer loop
      vertex -8.86307 45.3913 5.5
      vertex -9.03911 45.4 3.3
      vertex -8.86307 45.3913 3.3
    endloop
  endfacet
  facet normal -0.146301 -0.98924 0
    outer loop
      vertex -8.86307 45.3913 3.3
      vertex -8.72716 45.3712 5.5
      vertex -8.86307 45.3913 5.5
    endloop
  endfacet
  facet normal -0.146301 -0.98924 -0
    outer loop
      vertex -8.72716 45.3712 5.5
      vertex -8.86307 45.3913 3.3
      vertex -8.72716 45.3712 3.3
    endloop
  endfacet
  facet normal -0.242776 -0.970082 0
    outer loop
      vertex -8.72716 45.3712 3.3
      vertex -8.5941 45.3379 5.5
      vertex -8.72716 45.3712 5.5
    endloop
  endfacet
  facet normal -0.242776 -0.970082 -0
    outer loop
      vertex -8.5941 45.3379 5.5
      vertex -8.72716 45.3712 3.3
      vertex -8.5941 45.3379 3.3
    endloop
  endfacet
  facet normal -0.336937 -0.941527 0
    outer loop
      vertex -8.5941 45.3379 3.3
      vertex -8.465 45.2917 5.5
      vertex -8.5941 45.3379 5.5
    endloop
  endfacet
  facet normal -0.336937 -0.941527 -0
    outer loop
      vertex -8.465 45.2917 5.5
      vertex -8.5941 45.3379 3.3
      vertex -8.465 45.2917 3.3
    endloop
  endfacet
  facet normal -0.427839 -0.903855 0
    outer loop
      vertex -8.465 45.2917 3.3
      vertex -8.34099 45.233 5.5
      vertex -8.465 45.2917 5.5
    endloop
  endfacet
  facet normal -0.427839 -0.903855 -0
    outer loop
      vertex -8.34099 45.233 5.5
      vertex -8.465 45.2917 3.3
      vertex -8.34099 45.233 3.3
    endloop
  endfacet
  facet normal -0.513885 -0.857859 0
    outer loop
      vertex -8.34099 45.233 3.3
      vertex -8.2233 45.1625 5.5
      vertex -8.34099 45.233 5.5
    endloop
  endfacet
  facet normal -0.513885 -0.857859 -0
    outer loop
      vertex -8.2233 45.1625 5.5
      vertex -8.34099 45.233 3.3
      vertex -8.2233 45.1625 3.3
    endloop
  endfacet
  facet normal -0.596029 -0.802963 0
    outer loop
      vertex -8.2233 45.1625 3.3
      vertex -8.1131 45.0807 5.5
      vertex -8.2233 45.1625 5.5
    endloop
  endfacet
  facet normal -0.596029 -0.802963 -0
    outer loop
      vertex -8.1131 45.0807 5.5
      vertex -8.2233 45.1625 3.3
      vertex -8.1131 45.0807 3.3
    endloop
  endfacet
  facet normal -0.671293 -0.741192 0
    outer loop
      vertex -8.1131 45.0807 3.3
      vertex -8.01141 44.9886 5.5
      vertex -8.1131 45.0807 5.5
    endloop
  endfacet
  facet normal -0.671293 -0.741192 -0
    outer loop
      vertex -8.01141 44.9886 5.5
      vertex -8.1131 45.0807 3.3
      vertex -8.01141 44.9886 3.3
    endloop
  endfacet
  facet normal -0.741007 -0.671497 0
    outer loop
      vertex -7.91925 44.8869 3.3
      vertex -8.01141 44.9886 5.5
      vertex -8.01141 44.9886 3.3
    endloop
  endfacet
  facet normal -0.741007 -0.671497 0
    outer loop
      vertex -8.01141 44.9886 5.5
      vertex -7.91925 44.8869 3.3
      vertex -7.91925 44.8869 5.5
    endloop
  endfacet
  facet normal -0.803207 -0.5957 0
    outer loop
      vertex -7.83752 44.7767 3.3
      vertex -7.91925 44.8869 5.5
      vertex -7.91925 44.8869 3.3
    endloop
  endfacet
  facet normal -0.803207 -0.5957 0
    outer loop
      vertex -7.91925 44.8869 5.5
      vertex -7.83752 44.7767 3.3
      vertex -7.83752 44.7767 5.5
    endloop
  endfacet
  facet normal -0.85775 -0.514067 0
    outer loop
      vertex -7.76698 44.659 3.3
      vertex -7.83752 44.7767 5.5
      vertex -7.83752 44.7767 3.3
    endloop
  endfacet
  facet normal -0.85775 -0.514067 0
    outer loop
      vertex -7.83752 44.7767 5.5
      vertex -7.76698 44.659 3.3
      vertex -7.76698 44.659 5.5
    endloop
  endfacet
  facet normal -0.904011 -0.42751 0
    outer loop
      vertex -7.70834 44.535 3.3
      vertex -7.76698 44.659 5.5
      vertex -7.76698 44.659 3.3
    endloop
  endfacet
  facet normal -0.904011 -0.42751 0
    outer loop
      vertex -7.76698 44.659 5.5
      vertex -7.70834 44.535 3.3
      vertex -7.70834 44.535 5.5
    endloop
  endfacet
  facet normal -0.941527 -0.336937 0
    outer loop
      vertex -7.66214 44.4059 3.3
      vertex -7.70834 44.535 5.5
      vertex -7.70834 44.535 3.3
    endloop
  endfacet
  facet normal -0.941527 -0.336937 0
    outer loop
      vertex -7.70834 44.535 5.5
      vertex -7.66214 44.4059 3.3
      vertex -7.66214 44.4059 5.5
    endloop
  endfacet
  facet normal -0.970048 -0.242913 0
    outer loop
      vertex -7.62881 44.2728 3.3
      vertex -7.66214 44.4059 5.5
      vertex -7.66214 44.4059 3.3
    endloop
  endfacet
  facet normal -0.970048 -0.242913 0
    outer loop
      vertex -7.66214 44.4059 5.5
      vertex -7.62881 44.2728 3.3
      vertex -7.62881 44.2728 5.5
    endloop
  endfacet
  facet normal -0.989186 -0.146667 0
    outer loop
      vertex -7.60866 44.1369 3.3
      vertex -7.62881 44.2728 5.5
      vertex -7.62881 44.2728 3.3
    endloop
  endfacet
  facet normal -0.989186 -0.146667 0
    outer loop
      vertex -7.62881 44.2728 5.5
      vertex -7.60866 44.1369 3.3
      vertex -7.60866 44.1369 5.5
    endloop
  endfacet
  facet normal -0.998794 -0.0490885 0
    outer loop
      vertex -7.60001 43.9609 3.3
      vertex -7.60866 44.1369 5.5
      vertex -7.60866 44.1369 3.3
    endloop
  endfacet
  facet normal -0.998794 -0.0490885 0
    outer loop
      vertex -7.60866 44.1369 5.5
      vertex -7.60001 43.9609 3.3
      vertex -7.60001 43.9609 5.5
    endloop
  endfacet
  facet normal -1 0 0
    outer loop
      vertex -7.60001 -43.9609 3.3
      vertex -7.60001 43.9609 5.5
      vertex -7.60001 43.9609 3.3
    endloop
  endfacet
  facet normal -1 -0 0
    outer loop
      vertex -7.60001 43.9609 5.5
      vertex -7.60001 -43.9609 3.3
      vertex -7.60001 -43.9609 5.5
    endloop
  endfacet
  facet normal -0.998794 0.0490885 0
    outer loop
      vertex -7.60866 -44.1369 3.3
      vertex -7.60001 -43.9609 5.5
      vertex -7.60001 -43.9609 3.3
    endloop
  endfacet
  facet normal -0.998794 0.0490885 0
    outer loop
      vertex -7.60001 -43.9609 5.5
      vertex -7.60866 -44.1369 3.3
      vertex -7.60866 -44.1369 5.5
    endloop
  endfacet
  facet normal -0.989186 0.146667 0
    outer loop
      vertex -7.62881 -44.2728 3.3
      vertex -7.60866 -44.1369 5.5
      vertex -7.60866 -44.1369 3.3
    endloop
  endfacet
  facet normal -0.989186 0.146667 0
    outer loop
      vertex -7.60866 -44.1369 5.5
      vertex -7.62881 -44.2728 3.3
      vertex -7.62881 -44.2728 5.5
    endloop
  endfacet
  facet normal -0.970048 0.242913 0
    outer loop
      vertex -7.66214 -44.4059 3.3
      vertex -7.62881 -44.2728 5.5
      vertex -7.62881 -44.2728 3.3
    endloop
  endfacet
  facet normal -0.970048 0.242913 0
    outer loop
      vertex -7.62881 -44.2728 5.5
      vertex -7.66214 -44.4059 3.3
      vertex -7.66214 -44.4059 5.5
    endloop
  endfacet
  facet normal -0.941527 0.336937 0
    outer loop
      vertex -7.70834 -44.535 3.3
      vertex -7.66214 -44.4059 5.5
      vertex -7.66214 -44.4059 3.3
    endloop
  endfacet
  facet normal -0.941527 0.336937 0
    outer loop
      vertex -7.66214 -44.4059 5.5
      vertex -7.70834 -44.535 3.3
      vertex -7.70834 -44.535 5.5
    endloop
  endfacet
  facet normal -0.904011 0.42751 0
    outer loop
      vertex -7.76698 -44.659 3.3
      vertex -7.70834 -44.535 5.5
      vertex -7.70834 -44.535 3.3
    endloop
  endfacet
  facet normal -0.904011 0.42751 0
    outer loop
      vertex -7.70834 -44.535 5.5
      vertex -7.76698 -44.659 3.3
      vertex -7.76698 -44.659 5.5
    endloop
  endfacet
  facet normal -0.85775 0.514067 0
    outer loop
      vertex -7.83752 -44.7767 3.3
      vertex -7.76698 -44.659 5.5
      vertex -7.76698 -44.659 3.3
    endloop
  endfacet
  facet normal -0.85775 0.514067 0
    outer loop
      vertex -7.76698 -44.659 5.5
      vertex -7.83752 -44.7767 3.3
      vertex -7.83752 -44.7767 5.5
    endloop
  endfacet
  facet normal -0.803207 0.5957 0
    outer loop
      vertex -7.91925 -44.8869 3.3
      vertex -7.83752 -44.7767 5.5
      vertex -7.83752 -44.7767 3.3
    endloop
  endfacet
  facet normal -0.803207 0.5957 0
    outer loop
      vertex -7.83752 -44.7767 5.5
      vertex -7.91925 -44.8869 3.3
      vertex -7.91925 -44.8869 5.5
    endloop
  endfacet
  facet normal -0.741007 0.671497 0
    outer loop
      vertex -8.01141 -44.9886 3.3
      vertex -7.91925 -44.8869 5.5
      vertex -7.91925 -44.8869 3.3
    endloop
  endfacet
  facet normal -0.741007 0.671497 0
    outer loop
      vertex -7.91925 -44.8869 5.5
      vertex -8.01141 -44.9886 3.3
      vertex -8.01141 -44.9886 5.5
    endloop
  endfacet
  facet normal -0.671293 0.741192 0
    outer loop
      vertex -8.01141 -44.9886 3.3
      vertex -8.1131 -45.0807 5.5
      vertex -8.01141 -44.9886 5.5
    endloop
  endfacet
  facet normal -0.671293 0.741192 0
    outer loop
      vertex -8.1131 -45.0807 5.5
      vertex -8.01141 -44.9886 3.3
      vertex -8.1131 -45.0807 3.3
    endloop
  endfacet
  facet normal -0.596029 0.802963 0
    outer loop
      vertex -8.1131 -45.0807 3.3
      vertex -8.2233 -45.1625 5.5
      vertex -8.1131 -45.0807 5.5
    endloop
  endfacet
  facet normal -0.596029 0.802963 0
    outer loop
      vertex -8.2233 -45.1625 5.5
      vertex -8.1131 -45.0807 3.3
      vertex -8.2233 -45.1625 3.3
    endloop
  endfacet
  facet normal -0.513885 0.857859 0
    outer loop
      vertex -8.2233 -45.1625 3.3
      vertex -8.34099 -45.233 5.5
      vertex -8.2233 -45.1625 5.5
    endloop
  endfacet
  facet normal -0.513885 0.857859 0
    outer loop
      vertex -8.34099 -45.233 5.5
      vertex -8.2233 -45.1625 3.3
      vertex -8.34099 -45.233 3.3
    endloop
  endfacet
  facet normal -0.427839 0.903855 0
    outer loop
      vertex -8.34099 -45.233 3.3
      vertex -8.465 -45.2917 5.5
      vertex -8.34099 -45.233 5.5
    endloop
  endfacet
  facet normal -0.427839 0.903855 0
    outer loop
      vertex -8.465 -45.2917 5.5
      vertex -8.34099 -45.233 3.3
      vertex -8.465 -45.2917 3.3
    endloop
  endfacet
  facet normal -0.336937 0.941527 0
    outer loop
      vertex -8.465 -45.2917 3.3
      vertex -8.5941 -45.3379 5.5
      vertex -8.465 -45.2917 5.5
    endloop
  endfacet
  facet normal -0.336937 0.941527 0
    outer loop
      vertex -8.5941 -45.3379 5.5
      vertex -8.465 -45.2917 3.3
      vertex -8.5941 -45.3379 3.3
    endloop
  endfacet
  facet normal -0.242776 0.970082 0
    outer loop
      vertex -8.5941 -45.3379 3.3
      vertex -8.72716 -45.3712 5.5
      vertex -8.5941 -45.3379 5.5
    endloop
  endfacet
  facet normal -0.242776 0.970082 0
    outer loop
      vertex -8.72716 -45.3712 5.5
      vertex -8.5941 -45.3379 3.3
      vertex -8.72716 -45.3712 3.3
    endloop
  endfacet
  facet normal -0.146301 0.98924 0
    outer loop
      vertex -8.72716 -45.3712 3.3
      vertex -8.86307 -45.3913 5.5
      vertex -8.72716 -45.3712 5.5
    endloop
  endfacet
  facet normal -0.146301 0.98924 0
    outer loop
      vertex -8.86307 -45.3913 5.5
      vertex -8.72716 -45.3712 3.3
      vertex -8.86307 -45.3913 3.3
    endloop
  endfacet
  facet normal -0.0493603 0.998781 0
    outer loop
      vertex -8.86307 -45.3913 3.3
      vertex -9.03911 -45.4 5.5
      vertex -8.86307 -45.3913 5.5
    endloop
  endfacet
  facet normal -0.0493603 0.998781 0
    outer loop
      vertex -9.03911 -45.4 5.5
      vertex -8.86307 -45.3913 3.3
      vertex -9.03911 -45.4 3.3
    endloop
  endfacet
  facet normal 0 1 -0
    outer loop
      vertex -9.03911 -45.4 3.3
      vertex -14.9 -45.4 5.5
      vertex -9.03911 -45.4 5.5
    endloop
  endfacet
  facet normal 0 1 0
    outer loop
      vertex -14.9 -45.4 5.5
      vertex -9.03911 -45.4 3.3
      vertex -14.9 -45.4 3.3
    endloop
  endfacet
  facet normal 1 -0 0
    outer loop
      vertex -14.9 -45.4 5.5
      vertex -14.9 -44.4607 3.3
      vertex -14.9 -44.4607 5.5
    endloop
  endfacet
  facet normal 1 0 0
    outer loop
      vertex -14.9 -44.4607 3.3
      vertex -14.9 -45.4 5.5
      vertex -14.9 -45.4 3.3
    endloop
  endfacet
  facet normal 0.998795 0.0490831 0
    outer loop
      vertex -14.9 -44.4607 5.5
      vertex -14.9106 -44.245 3.3
      vertex -14.9106 -44.245 5.5
    endloop
  endfacet
  facet normal 0.998795 0.0490831 0
    outer loop
      vertex -14.9106 -44.245 3.3
      vertex -14.9 -44.4607 5.5
      vertex -14.9 -44.4607 3.3
    endloop
  endfacet
  facet normal 0.989216 0.146464 0
    outer loop
      vertex -14.9106 -44.245 5.5
      vertex -14.948 -43.9924 3.3
      vertex -14.948 -43.9924 5.5
    endloop
  endfacet
  facet normal 0.989216 0.146464 0
    outer loop
      vertex -14.948 -43.9924 3.3
      vertex -14.9106 -44.245 5.5
      vertex -14.9106 -44.245 3.3
    endloop
  endfacet
  facet normal 0.969981 0.243181 0
    outer loop
      vertex -14.948 -43.9924 5.5
      vertex -15.0101 -43.7447 3.3
      vertex -15.0101 -43.7447 5.5
    endloop
  endfacet
  facet normal 0.969981 0.243181 0
    outer loop
      vertex -15.0101 -43.7447 3.3
      vertex -14.948 -43.9924 5.5
      vertex -14.948 -43.9924 3.3
    endloop
  endfacet
  facet normal 0.941565 0.336833 0
    outer loop
      vertex -15.0101 -43.7447 5.5
      vertex -15.0961 -43.5043 3.3
      vertex -15.0961 -43.5043 5.5
    endloop
  endfacet
  facet normal 0.941565 0.336833 0
    outer loop
      vertex -15.0961 -43.5043 3.3
      vertex -15.0101 -43.7447 5.5
      vertex -15.0101 -43.7447 3.3
    endloop
  endfacet
  facet normal 0.903929 0.427682 0
    outer loop
      vertex -15.0961 -43.5043 5.5
      vertex -15.2053 -43.2735 3.3
      vertex -15.2053 -43.2735 5.5
    endloop
  endfacet
  facet normal 0.903929 0.427682 0
    outer loop
      vertex -15.2053 -43.2735 3.3
      vertex -15.0961 -43.5043 5.5
      vertex -15.0961 -43.5043 3.3
    endloop
  endfacet
  facet normal 0.857666 0.514208 0
    outer loop
      vertex -15.2053 -43.2735 5.5
      vertex -15.3366 -43.0545 3.3
      vertex -15.3366 -43.0545 5.5
    endloop
  endfacet
  facet normal 0.857666 0.514208 0
    outer loop
      vertex -15.3366 -43.0545 3.3
      vertex -15.2053 -43.2735 5.5
      vertex -15.2053 -43.2735 3.3
    endloop
  endfacet
  facet normal 0.80337 0.59548 0
    outer loop
      vertex -15.3366 -43.0545 5.5
      vertex -15.4887 -42.8493 3.3
      vertex -15.4887 -42.8493 5.5
    endloop
  endfacet
  facet normal 0.80337 0.59548 0
    outer loop
      vertex -15.4887 -42.8493 3.3
      vertex -15.3366 -43.0545 5.5
      vertex -15.3366 -43.0545 3.3
    endloop
  endfacet
  facet normal 0.740737 0.671795 0
    outer loop
      vertex -15.4887 -42.8493 5.5
      vertex -15.6602 -42.6602 3.3
      vertex -15.6602 -42.6602 5.5
    endloop
  endfacet
  facet normal 0.740737 0.671795 0
    outer loop
      vertex -15.6602 -42.6602 3.3
      vertex -15.4887 -42.8493 5.5
      vertex -15.4887 -42.8493 3.3
    endloop
  endfacet
  facet normal 0.671795 0.740737 -0
    outer loop
      vertex -15.6602 -42.6602 3.3
      vertex -15.8493 -42.4887 5.5
      vertex -15.6602 -42.6602 5.5
    endloop
  endfacet
  facet normal 0.671795 0.740737 0
    outer loop
      vertex -15.8493 -42.4887 5.5
      vertex -15.6602 -42.6602 3.3
      vertex -15.8493 -42.4887 3.3
    endloop
  endfacet
  facet normal 0.59548 0.80337 -0
    outer loop
      vertex -15.8493 -42.4887 3.3
      vertex -16.0545 -42.3366 5.5
      vertex -15.8493 -42.4887 5.5
    endloop
  endfacet
  facet normal 0.59548 0.80337 0
    outer loop
      vertex -16.0545 -42.3366 5.5
      vertex -15.8493 -42.4887 3.3
      vertex -16.0545 -42.3366 3.3
    endloop
  endfacet
  facet normal 0.514208 0.857666 -0
    outer loop
      vertex -16.0545 -42.3366 3.3
      vertex -16.2735 -42.2053 5.5
      vertex -16.0545 -42.3366 5.5
    endloop
  endfacet
  facet normal 0.514208 0.857666 0
    outer loop
      vertex -16.2735 -42.2053 5.5
      vertex -16.0545 -42.3366 3.3
      vertex -16.2735 -42.2053 3.3
    endloop
  endfacet
  facet normal 0.427682 0.903929 -0
    outer loop
      vertex -16.2735 -42.2053 3.3
      vertex -16.5043 -42.0961 5.5
      vertex -16.2735 -42.2053 5.5
    endloop
  endfacet
  facet normal 0.427682 0.903929 0
    outer loop
      vertex -16.5043 -42.0961 5.5
      vertex -16.2735 -42.2053 3.3
      vertex -16.5043 -42.0961 3.3
    endloop
  endfacet
  facet normal 0.336833 0.941565 -0
    outer loop
      vertex -16.5043 -42.0961 3.3
      vertex -16.7447 -42.0101 5.5
      vertex -16.5043 -42.0961 5.5
    endloop
  endfacet
  facet normal 0.336833 0.941565 0
    outer loop
      vertex -16.7447 -42.0101 5.5
      vertex -16.5043 -42.0961 3.3
      vertex -16.7447 -42.0101 3.3
    endloop
  endfacet
  facet normal 0.243181 0.969981 -0
    outer loop
      vertex -16.7447 -42.0101 3.3
      vertex -16.9924 -41.948 5.5
      vertex -16.7447 -42.0101 5.5
    endloop
  endfacet
  facet normal 0.243181 0.969981 0
    outer loop
      vertex -16.9924 -41.948 5.5
      vertex -16.7447 -42.0101 3.3
      vertex -16.9924 -41.948 3.3
    endloop
  endfacet
  facet normal 0.146464 0.989216 -0
    outer loop
      vertex -16.9924 -41.948 3.3
      vertex -17.245 -41.9106 5.5
      vertex -16.9924 -41.948 5.5
    endloop
  endfacet
  facet normal 0.146464 0.989216 0
    outer loop
      vertex -17.245 -41.9106 5.5
      vertex -16.9924 -41.948 3.3
      vertex -17.245 -41.9106 3.3
    endloop
  endfacet
  facet normal 0.0490831 0.998795 -0
    outer loop
      vertex -17.245 -41.9106 3.3
      vertex -17.4607 -41.9 5.5
      vertex -17.245 -41.9106 5.5
    endloop
  endfacet
  facet normal 0.0490831 0.998795 0
    outer loop
      vertex -17.4607 -41.9 5.5
      vertex -17.245 -41.9106 3.3
      vertex -17.4607 -41.9 3.3
    endloop
  endfacet
  facet normal 0 1 -0
    outer loop
      vertex -17.4607 -41.9 3.3
      vertex -20.5393 -41.9 5.5
      vertex -17.4607 -41.9 5.5
    endloop
  endfacet
  facet normal 0 1 0
    outer loop
      vertex -20.5393 -41.9 5.5
      vertex -17.4607 -41.9 3.3
      vertex -20.5393 -41.9 3.3
    endloop
  endfacet
  facet normal -0.0490831 0.998795 0
    outer loop
      vertex -20.5393 -41.9 3.3
      vertex -20.755 -41.9106 5.5
      vertex -20.5393 -41.9 5.5
    endloop
  endfacet
  facet normal -0.0490831 0.998795 0
    outer loop
      vertex -20.755 -41.9106 5.5
      vertex -20.5393 -41.9 3.3
      vertex -20.755 -41.9106 3.3
    endloop
  endfacet
  facet normal -0.146464 0.989216 0
    outer loop
      vertex -20.755 -41.9106 3.3
      vertex -21.0076 -41.948 5.5
      vertex -20.755 -41.9106 5.5
    endloop
  endfacet
  facet normal -0.146464 0.989216 0
    outer loop
      vertex -21.0076 -41.948 5.5
      vertex -20.755 -41.9106 3.3
      vertex -21.0076 -41.948 3.3
    endloop
  endfacet
  facet normal -0.243181 0.969981 0
    outer loop
      vertex -21.0076 -41.948 3.3
      vertex -21.2553 -42.0101 5.5
      vertex -21.0076 -41.948 5.5
    endloop
  endfacet
  facet normal -0.243181 0.969981 0
    outer loop
      vertex -21.2553 -42.0101 5.5
      vertex -21.0076 -41.948 3.3
      vertex -21.2553 -42.0101 3.3
    endloop
  endfacet
  facet normal -0.336833 0.941565 0
    outer loop
      vertex -21.2553 -42.0101 3.3
      vertex -21.4957 -42.0961 5.5
      vertex -21.2553 -42.0101 5.5
    endloop
  endfacet
  facet normal -0.336833 0.941565 0
    outer loop
      vertex -21.4957 -42.0961 5.5
      vertex -21.2553 -42.0101 3.3
      vertex -21.4957 -42.0961 3.3
    endloop
  endfacet
  facet normal -0.427682 0.903929 0
    outer loop
      vertex -21.4957 -42.0961 3.3
      vertex -21.7265 -42.2053 5.5
      vertex -21.4957 -42.0961 5.5
    endloop
  endfacet
  facet normal -0.427682 0.903929 0
    outer loop
      vertex -21.7265 -42.2053 5.5
      vertex -21.4957 -42.0961 3.3
      vertex -21.7265 -42.2053 3.3
    endloop
  endfacet
  facet normal -0.514208 0.857666 0
    outer loop
      vertex -21.7265 -42.2053 3.3
      vertex -21.9455 -42.3366 5.5
      vertex -21.7265 -42.2053 5.5
    endloop
  endfacet
  facet normal -0.514208 0.857666 0
    outer loop
      vertex -21.9455 -42.3366 5.5
      vertex -21.7265 -42.2053 3.3
      vertex -21.9455 -42.3366 3.3
    endloop
  endfacet
  facet normal -0.59548 0.80337 0
    outer loop
      vertex -21.9455 -42.3366 3.3
      vertex -22.1507 -42.4887 5.5
      vertex -21.9455 -42.3366 5.5
    endloop
  endfacet
  facet normal -0.59548 0.80337 0
    outer loop
      vertex -22.1507 -42.4887 5.5
      vertex -21.9455 -42.3366 3.3
      vertex -22.1507 -42.4887 3.3
    endloop
  endfacet
  facet normal -0.671795 0.740737 0
    outer loop
      vertex -22.1507 -42.4887 3.3
      vertex -22.3398 -42.6602 5.5
      vertex -22.1507 -42.4887 5.5
    endloop
  endfacet
  facet normal -0.671795 0.740737 0
    outer loop
      vertex -22.3398 -42.6602 5.5
      vertex -22.1507 -42.4887 3.3
      vertex -22.3398 -42.6602 3.3
    endloop
  endfacet
  facet normal -0.740737 0.671795 0
    outer loop
      vertex -22.5113 -42.8493 3.3
      vertex -22.3398 -42.6602 5.5
      vertex -22.3398 -42.6602 3.3
    endloop
  endfacet
  facet normal -0.740737 0.671795 0
    outer loop
      vertex -22.3398 -42.6602 5.5
      vertex -22.5113 -42.8493 3.3
      vertex -22.5113 -42.8493 5.5
    endloop
  endfacet
  facet normal -0.80337 0.59548 0
    outer loop
      vertex -22.6634 -43.0545 3.3
      vertex -22.5113 -42.8493 5.5
      vertex -22.5113 -42.8493 3.3
    endloop
  endfacet
  facet normal -0.80337 0.59548 0
    outer loop
      vertex -22.5113 -42.8493 5.5
      vertex -22.6634 -43.0545 3.3
      vertex -22.6634 -43.0545 5.5
    endloop
  endfacet
  facet normal -0.857666 0.514208 0
    outer loop
      vertex -22.7947 -43.2735 3.3
      vertex -22.6634 -43.0545 5.5
      vertex -22.6634 -43.0545 3.3
    endloop
  endfacet
  facet normal -0.857666 0.514208 0
    outer loop
      vertex -22.6634 -43.0545 5.5
      vertex -22.7947 -43.2735 3.3
      vertex -22.7947 -43.2735 5.5
    endloop
  endfacet
  facet normal -0.903929 0.427682 0
    outer loop
      vertex -22.9039 -43.5043 3.3
      vertex -22.7947 -43.2735 5.5
      vertex -22.7947 -43.2735 3.3
    endloop
  endfacet
  facet normal -0.903929 0.427682 0
    outer loop
      vertex -22.7947 -43.2735 5.5
      vertex -22.9039 -43.5043 3.3
      vertex -22.9039 -43.5043 5.5
    endloop
  endfacet
  facet normal -0.941565 0.336833 0
    outer loop
      vertex -22.9899 -43.7447 3.3
      vertex -22.9039 -43.5043 5.5
      vertex -22.9039 -43.5043 3.3
    endloop
  endfacet
  facet normal -0.941565 0.336833 0
    outer loop
      vertex -22.9039 -43.5043 5.5
      vertex -22.9899 -43.7447 3.3
      vertex -22.9899 -43.7447 5.5
    endloop
  endfacet
  facet normal -0.969981 0.243181 0
    outer loop
      vertex -23.052 -43.9924 3.3
      vertex -22.9899 -43.7447 5.5
      vertex -22.9899 -43.7447 3.3
    endloop
  endfacet
  facet normal -0.969981 0.243181 0
    outer loop
      vertex -22.9899 -43.7447 5.5
      vertex -23.052 -43.9924 3.3
      vertex -23.052 -43.9924 5.5
    endloop
  endfacet
  facet normal -0.989216 0.146464 0
    outer loop
      vertex -23.0894 -44.245 3.3
      vertex -23.052 -43.9924 5.5
      vertex -23.052 -43.9924 3.3
    endloop
  endfacet
  facet normal -0.989216 0.146464 0
    outer loop
      vertex -23.052 -43.9924 5.5
      vertex -23.0894 -44.245 3.3
      vertex -23.0894 -44.245 5.5
    endloop
  endfacet
  facet normal -0.998795 0.0490831 0
    outer loop
      vertex -23.1 -44.4607 3.3
      vertex -23.0894 -44.245 5.5
      vertex -23.0894 -44.245 3.3
    endloop
  endfacet
  facet normal -0.998795 0.0490831 0
    outer loop
      vertex -23.0894 -44.245 5.5
      vertex -23.1 -44.4607 3.3
      vertex -23.1 -44.4607 5.5
    endloop
  endfacet
  facet normal -1 0 0
    outer loop
      vertex -23.1 -45.4 3.3
      vertex -23.1 -44.4607 5.5
      vertex -23.1 -44.4607 3.3
    endloop
  endfacet
  facet normal -1 -0 0
    outer loop
      vertex -23.1 -44.4607 5.5
      vertex -23.1 -45.4 3.3
      vertex -23.1 -45.4 5.5
    endloop
  endfacet
  facet normal 0 1 -0
    outer loop
      vertex -23.1 -45.4 3.3
      vertex -76.9 -45.4 5.5
      vertex -23.1 -45.4 5.5
    endloop
  endfacet
  facet normal 0 1 0
    outer loop
      vertex -76.9 -45.4 5.5
      vertex -23.1 -45.4 3.3
      vertex -76.9 -45.4 3.3
    endloop
  endfacet
  facet normal 1 -0 0
    outer loop
      vertex -76.9 -45.4 5.5
      vertex -76.9 -43.4607 3.3
      vertex -76.9 -43.4607 5.5
    endloop
  endfacet
  facet normal 1 0 0
    outer loop
      vertex -76.9 -43.4607 3.3
      vertex -76.9 -45.4 5.5
      vertex -76.9 -45.4 3.3
    endloop
  endfacet
  facet normal 0.998799 0.0490039 0
    outer loop
      vertex -76.9 -43.4607 5.5
      vertex -76.9178 -43.0979 3.3
      vertex -76.9178 -43.0979 5.5
    endloop
  endfacet
  facet normal 0.998799 0.0490039 0
    outer loop
      vertex -76.9178 -43.0979 3.3
      vertex -76.9 -43.4607 5.5
      vertex -76.9 -43.4607 3.3
    endloop
  endfacet
  facet normal 0.989165 0.14681 0
    outer loop
      vertex -76.9178 -43.0979 5.5
      vertex -76.9769 -42.6997 3.3
      vertex -76.9769 -42.6997 5.5
    endloop
  endfacet
  facet normal 0.989165 0.14681 0
    outer loop
      vertex -76.9769 -42.6997 3.3
      vertex -76.9178 -43.0979 5.5
      vertex -76.9178 -43.0979 3.3
    endloop
  endfacet
  facet normal 0.97004 0.242945 0
    outer loop
      vertex -76.9769 -42.6997 5.5
      vertex -77.0747 -42.3092 3.3
      vertex -77.0747 -42.3092 5.5
    endloop
  endfacet
  facet normal 0.97004 0.242945 0
    outer loop
      vertex -77.0747 -42.3092 3.3
      vertex -76.9769 -42.6997 5.5
      vertex -76.9769 -42.6997 3.3
    endloop
  endfacet
  facet normal 0.941522 0.33695 0
    outer loop
      vertex -77.0747 -42.3092 5.5
      vertex -77.2103 -41.9303 3.3
      vertex -77.2103 -41.9303 5.5
    endloop
  endfacet
  facet normal 0.941522 0.33695 0
    outer loop
      vertex -77.2103 -41.9303 3.3
      vertex -77.0747 -42.3092 5.5
      vertex -77.0747 -42.3092 3.3
    endloop
  endfacet
  facet normal 0.904001 0.427531 0
    outer loop
      vertex -77.2103 -41.9303 5.5
      vertex -77.3824 -41.5664 3.3
      vertex -77.3824 -41.5664 5.5
    endloop
  endfacet
  facet normal 0.904001 0.427531 0
    outer loop
      vertex -77.3824 -41.5664 3.3
      vertex -77.2103 -41.9303 5.5
      vertex -77.2103 -41.9303 3.3
    endloop
  endfacet
  facet normal 0.85769 0.514167 0
    outer loop
      vertex -77.3824 -41.5664 5.5
      vertex -77.5894 -41.2211 3.3
      vertex -77.5894 -41.2211 5.5
    endloop
  endfacet
  facet normal 0.85769 0.514167 0
    outer loop
      vertex -77.5894 -41.2211 3.3
      vertex -77.3824 -41.5664 5.5
      vertex -77.3824 -41.5664 3.3
    endloop
  endfacet
  facet normal 0.803267 0.59562 0
    outer loop
      vertex -77.5894 -41.2211 5.5
      vertex -77.8292 -40.8977 3.3
      vertex -77.8292 -40.8977 5.5
    endloop
  endfacet
  facet normal 0.803267 0.59562 0
    outer loop
      vertex -77.8292 -40.8977 3.3
      vertex -77.5894 -41.2211 5.5
      vertex -77.5894 -41.2211 3.3
    endloop
  endfacet
  facet normal 0.740917 0.671596 0
    outer loop
      vertex -77.8292 -40.8977 5.5
      vertex -78.0995 -40.5995 3.3
      vertex -78.0995 -40.5995 5.5
    endloop
  endfacet
  facet normal 0.740917 0.671596 0
    outer loop
      vertex -78.0995 -40.5995 3.3
      vertex -77.8292 -40.8977 5.5
      vertex -77.8292 -40.8977 3.3
    endloop
  endfacet
  facet normal 0.671596 0.740917 -0
    outer loop
      vertex -78.0995 -40.5995 3.3
      vertex -78.3977 -40.3292 5.5
      vertex -78.0995 -40.5995 5.5
    endloop
  endfacet
  facet normal 0.671596 0.740917 0
    outer loop
      vertex -78.3977 -40.3292 5.5
      vertex -78.0995 -40.5995 3.3
      vertex -78.3977 -40.3292 3.3
    endloop
  endfacet
  facet normal 0.59562 0.803267 -0
    outer loop
      vertex -78.3977 -40.3292 3.3
      vertex -78.7211 -40.0894 5.5
      vertex -78.3977 -40.3292 5.5
    endloop
  endfacet
  facet normal 0.59562 0.803267 0
    outer loop
      vertex -78.7211 -40.0894 5.5
      vertex -78.3977 -40.3292 3.3
      vertex -78.7211 -40.0894 3.3
    endloop
  endfacet
  facet normal 0.514167 0.85769 -0
    outer loop
      vertex -78.7211 -40.0894 3.3
      vertex -79.0664 -39.8824 5.5
      vertex -78.7211 -40.0894 5.5
    endloop
  endfacet
  facet normal 0.514167 0.85769 0
    outer loop
      vertex -79.0664 -39.8824 5.5
      vertex -78.7211 -40.0894 3.3
      vertex -79.0664 -39.8824 3.3
    endloop
  endfacet
  facet normal 0.427531 0.904001 -0
    outer loop
      vertex -79.0664 -39.8824 3.3
      vertex -79.4303 -39.7103 5.5
      vertex -79.0664 -39.8824 5.5
    endloop
  endfacet
  facet normal 0.427531 0.904001 0
    outer loop
      vertex -79.4303 -39.7103 5.5
      vertex -79.0664 -39.8824 3.3
      vertex -79.4303 -39.7103 3.3
    endloop
  endfacet
  facet normal 0.33695 0.941522 -0
    outer loop
      vertex -79.4303 -39.7103 3.3
      vertex -79.8092 -39.5747 5.5
      vertex -79.4303 -39.7103 5.5
    endloop
  endfacet
  facet normal 0.33695 0.941522 0
    outer loop
      vertex -79.8092 -39.5747 5.5
      vertex -79.4303 -39.7103 3.3
      vertex -79.8092 -39.5747 3.3
    endloop
  endfacet
  facet normal 0.242945 0.97004 -0
    outer loop
      vertex -79.8092 -39.5747 3.3
      vertex -80.1997 -39.4769 5.5
      vertex -79.8092 -39.5747 5.5
    endloop
  endfacet
  facet normal 0.242945 0.97004 0
    outer loop
      vertex -80.1997 -39.4769 5.5
      vertex -79.8092 -39.5747 3.3
      vertex -80.1997 -39.4769 3.3
    endloop
  endfacet
  facet normal 0.14681 0.989165 -0
    outer loop
      vertex -80.1997 -39.4769 3.3
      vertex -80.5979 -39.4178 5.5
      vertex -80.1997 -39.4769 5.5
    endloop
  endfacet
  facet normal 0.14681 0.989165 0
    outer loop
      vertex -80.5979 -39.4178 5.5
      vertex -80.1997 -39.4769 3.3
      vertex -80.5979 -39.4178 3.3
    endloop
  endfacet
  facet normal 0.0490039 0.998799 -0
    outer loop
      vertex -80.5979 -39.4178 3.3
      vertex -80.9607 -39.4 5.5
      vertex -80.5979 -39.4178 5.5
    endloop
  endfacet
  facet normal 0.0490039 0.998799 0
    outer loop
      vertex -80.9607 -39.4 5.5
      vertex -80.5979 -39.4178 3.3
      vertex -80.9607 -39.4 3.3
    endloop
  endfacet
  facet normal 0 1 -0
    outer loop
      vertex -80.9607 -39.4 3.3
      vertex -85.0393 -39.4 5.5
      vertex -80.9607 -39.4 5.5
    endloop
  endfacet
  facet normal 0 1 0
    outer loop
      vertex -85.0393 -39.4 5.5
      vertex -80.9607 -39.4 3.3
      vertex -85.0393 -39.4 3.3
    endloop
  endfacet
  facet normal -0.0490039 0.998799 0
    outer loop
      vertex -85.0393 -39.4 3.3
      vertex -85.4021 -39.4178 5.5
      vertex -85.0393 -39.4 5.5
    endloop
  endfacet
  facet normal -0.0490039 0.998799 0
    outer loop
      vertex -85.4021 -39.4178 5.5
      vertex -85.0393 -39.4 3.3
      vertex -85.4021 -39.4178 3.3
    endloop
  endfacet
  facet normal -0.14681 0.989165 0
    outer loop
      vertex -85.4021 -39.4178 3.3
      vertex -85.8003 -39.4769 5.5
      vertex -85.4021 -39.4178 5.5
    endloop
  endfacet
  facet normal -0.14681 0.989165 0
    outer loop
      vertex -85.8003 -39.4769 5.5
      vertex -85.4021 -39.4178 3.3
      vertex -85.8003 -39.4769 3.3
    endloop
  endfacet
  facet normal -0.242945 0.97004 0
    outer loop
      vertex -85.8003 -39.4769 3.3
      vertex -86.1908 -39.5747 5.5
      vertex -85.8003 -39.4769 5.5
    endloop
  endfacet
  facet normal -0.242945 0.97004 0
    outer loop
      vertex -86.1908 -39.5747 5.5
      vertex -85.8003 -39.4769 3.3
      vertex -86.1908 -39.5747 3.3
    endloop
  endfacet
  facet normal -0.33695 0.941522 0
    outer loop
      vertex -86.1908 -39.5747 3.3
      vertex -86.5697 -39.7103 5.5
      vertex -86.1908 -39.5747 5.5
    endloop
  endfacet
  facet normal -0.33695 0.941522 0
    outer loop
      vertex -86.5697 -39.7103 5.5
      vertex -86.1908 -39.5747 3.3
      vertex -86.5697 -39.7103 3.3
    endloop
  endfacet
  facet normal -0.427531 0.904001 0
    outer loop
      vertex -86.5697 -39.7103 3.3
      vertex -86.9336 -39.8824 5.5
      vertex -86.5697 -39.7103 5.5
    endloop
  endfacet
  facet normal -0.427531 0.904001 0
    outer loop
      vertex -86.9336 -39.8824 5.5
      vertex -86.5697 -39.7103 3.3
      vertex -86.9336 -39.8824 3.3
    endloop
  endfacet
  facet normal -0.514167 0.85769 0
    outer loop
      vertex -86.9336 -39.8824 3.3
      vertex -87.2789 -40.0894 5.5
      vertex -86.9336 -39.8824 5.5
    endloop
  endfacet
  facet normal -0.514167 0.85769 0
    outer loop
      vertex -87.2789 -40.0894 5.5
      vertex -86.9336 -39.8824 3.3
      vertex -87.2789 -40.0894 3.3
    endloop
  endfacet
  facet normal -0.59562 0.803267 0
    outer loop
      vertex -87.2789 -40.0894 3.3
      vertex -87.6023 -40.3292 5.5
      vertex -87.2789 -40.0894 5.5
    endloop
  endfacet
  facet normal -0.59562 0.803267 0
    outer loop
      vertex -87.6023 -40.3292 5.5
      vertex -87.2789 -40.0894 3.3
      vertex -87.6023 -40.3292 3.3
    endloop
  endfacet
  facet normal -0.671596 0.740917 0
    outer loop
      vertex -87.6023 -40.3292 3.3
      vertex -87.9005 -40.5995 5.5
      vertex -87.6023 -40.3292 5.5
    endloop
  endfacet
  facet normal -0.671596 0.740917 0
    outer loop
      vertex -87.9005 -40.5995 5.5
      vertex -87.6023 -40.3292 3.3
      vertex -87.9005 -40.5995 3.3
    endloop
  endfacet
  facet normal -0.740917 0.671596 0
    outer loop
      vertex -88.1708 -40.8977 3.3
      vertex -87.9005 -40.5995 5.5
      vertex -87.9005 -40.5995 3.3
    endloop
  endfacet
  facet normal -0.740917 0.671596 0
    outer loop
      vertex -87.9005 -40.5995 5.5
      vertex -88.1708 -40.8977 3.3
      vertex -88.1708 -40.8977 5.5
    endloop
  endfacet
  facet normal -0.803267 0.59562 0
    outer loop
      vertex -88.4106 -41.2211 3.3
      vertex -88.1708 -40.8977 5.5
      vertex -88.1708 -40.8977 3.3
    endloop
  endfacet
  facet normal -0.803267 0.59562 0
    outer loop
      vertex -88.1708 -40.8977 5.5
      vertex -88.4106 -41.2211 3.3
      vertex -88.4106 -41.2211 5.5
    endloop
  endfacet
  facet normal -0.85769 0.514167 0
    outer loop
      vertex -88.6176 -41.5664 3.3
      vertex -88.4106 -41.2211 5.5
      vertex -88.4106 -41.2211 3.3
    endloop
  endfacet
  facet normal -0.85769 0.514167 0
    outer loop
      vertex -88.4106 -41.2211 5.5
      vertex -88.6176 -41.5664 3.3
      vertex -88.6176 -41.5664 5.5
    endloop
  endfacet
  facet normal -0.904001 0.427531 0
    outer loop
      vertex -88.7897 -41.9303 3.3
      vertex -88.6176 -41.5664 5.5
      vertex -88.6176 -41.5664 3.3
    endloop
  endfacet
  facet normal -0.904001 0.427531 0
    outer loop
      vertex -88.6176 -41.5664 5.5
      vertex -88.7897 -41.9303 3.3
      vertex -88.7897 -41.9303 5.5
    endloop
  endfacet
  facet normal -0.941522 0.33695 0
    outer loop
      vertex -88.9253 -42.3092 3.3
      vertex -88.7897 -41.9303 5.5
      vertex -88.7897 -41.9303 3.3
    endloop
  endfacet
  facet normal -0.941522 0.33695 0
    outer loop
      vertex -88.7897 -41.9303 5.5
      vertex -88.9253 -42.3092 3.3
      vertex -88.9253 -42.3092 5.5
    endloop
  endfacet
  facet normal -0.97004 0.242945 0
    outer loop
      vertex -89.0231 -42.6997 3.3
      vertex -88.9253 -42.3092 5.5
      vertex -88.9253 -42.3092 3.3
    endloop
  endfacet
  facet normal -0.97004 0.242945 0
    outer loop
      vertex -88.9253 -42.3092 5.5
      vertex -89.0231 -42.6997 3.3
      vertex -89.0231 -42.6997 5.5
    endloop
  endfacet
  facet normal -0.989165 0.14681 0
    outer loop
      vertex -89.0822 -43.0979 3.3
      vertex -89.0231 -42.6997 5.5
      vertex -89.0231 -42.6997 3.3
    endloop
  endfacet
  facet normal -0.989165 0.14681 0
    outer loop
      vertex -89.0231 -42.6997 5.5
      vertex -89.0822 -43.0979 3.3
      vertex -89.0822 -43.0979 5.5
    endloop
  endfacet
  facet normal -0.998799 0.0490039 0
    outer loop
      vertex -89.1 -43.4607 3.3
      vertex -89.0822 -43.0979 5.5
      vertex -89.0822 -43.0979 3.3
    endloop
  endfacet
  facet normal -0.998799 0.0490039 0
    outer loop
      vertex -89.0822 -43.0979 5.5
      vertex -89.1 -43.4607 3.3
      vertex -89.1 -43.4607 5.5
    endloop
  endfacet
  facet normal -1 0 0
    outer loop
      vertex -89.1 -45.4 3.3
      vertex -89.1 -43.4607 5.5
      vertex -89.1 -43.4607 3.3
    endloop
  endfacet
  facet normal -1 -0 0
    outer loop
      vertex -89.1 -43.4607 5.5
      vertex -89.1 -45.4 3.3
      vertex -89.1 -45.4 5.5
    endloop
  endfacet
  facet normal 0 1 -0
    outer loop
      vertex -89.1 -45.4 3.3
      vertex -92.9609 -45.4 5.5
      vertex -89.1 -45.4 5.5
    endloop
  endfacet
  facet normal 0 1 0
    outer loop
      vertex -92.9609 -45.4 5.5
      vertex -89.1 -45.4 3.3
      vertex -92.9609 -45.4 3.3
    endloop
  endfacet
  facet normal 0 0 1
    outer loop
      vertex -60.8417 -15.6657 3.3
      vertex -58.9583 -15.6657 3.3
      vertex -60.7913 -15.5592 3.3
    endloop
  endfacet
  facet normal 0 0 1
    outer loop
      vertex -58.8276 -18.3387 3.3
      vertex -60.7058 -18.9824 3.3
      vertex -60.7 -19.1 3.3
    endloop
  endfacet
  facet normal 0 0 1
    outer loop
      vertex -58.9583 -15.6657 3.3
      vertex -60.8417 -15.6657 3.3
      vertex -58.8977 -15.7667 3.3
    endloop
  endfacet
  facet normal 0 0 1
    outer loop
      vertex -58.8276 -18.3387 3.3
      vertex -60.7231 -18.8659 3.3
      vertex -60.7058 -18.9824 3.3
    endloop
  endfacet
  facet normal 0 0 1
    outer loop
      vertex -60.9022 -15.7667 3.3
      vertex -58.8977 -15.7667 3.3
      vertex -60.8417 -15.6657 3.3
    endloop
  endfacet
  facet normal 0 0 1
    outer loop
      vertex -58.8276 -18.3387 3.3
      vertex -60.7517 -18.7516 3.3
      vertex -60.7231 -18.8659 3.3
    endloop
  endfacet
  facet normal 0 0 1
    outer loop
      vertex -58.8977 -15.7667 3.3
      vertex -60.9022 -15.7667 3.3
      vertex -58.8276 -15.8613 3.3
    endloop
  endfacet
  facet normal 0 0 1
    outer loop
      vertex -58.8276 -18.3387 3.3
      vertex -60.7913 -18.6408 3.3
      vertex -60.7517 -18.7516 3.3
    endloop
  endfacet
  facet normal 0 0 1
    outer loop
      vertex -60.9724 -15.8613 3.3
      vertex -58.8276 -15.8613 3.3
      vertex -60.9022 -15.7667 3.3
    endloop
  endfacet
  facet normal 0 0 1
    outer loop
      vertex -58.8276 -18.3387 3.3
      vertex -60.8417 -18.5343 3.3
      vertex -60.7913 -18.6408 3.3
    endloop
  endfacet
  facet normal 0 0 1
    outer loop
      vertex -61.0515 -15.9485 3.3
      vertex -58.8276 -15.8613 3.3
      vertex -60.9724 -15.8613 3.3
    endloop
  endfacet
  facet normal 0 0 1
    outer loop
      vertex -58.8276 -18.3387 3.3
      vertex -60.9022 -18.4333 3.3
      vertex -60.8417 -18.5343 3.3
    endloop
  endfacet
  facet normal 0 0 1
    outer loop
      vertex -58.8276 -15.8613 3.3
      vertex -61.0515 -15.9485 3.3
      vertex -58.8276 -18.3387 3.3
    endloop
  endfacet
  facet normal 0 0 1
    outer loop
      vertex -58.8276 -18.3387 3.3
      vertex -60.9724 -18.3387 3.3
      vertex -60.9022 -18.4333 3.3
    endloop
  endfacet
  facet normal -0 0 1
    outer loop
      vertex -61.0515 -18.2515 3.3
      vertex -58.8276 -18.3387 3.3
      vertex -61.0515 -15.9485 3.3
    endloop
  endfacet
  facet normal 0 0 1
    outer loop
      vertex -58.8276 -18.3387 3.3
      vertex -61.0515 -18.2515 3.3
      vertex -60.9724 -18.3387 3.3
    endloop
  endfacet
  facet normal -0 0 1
    outer loop
      vertex -61.1387 -16.0276 3.3
      vertex -61.0515 -18.2515 3.3
      vertex -61.0515 -15.9485 3.3
    endloop
  endfacet
  facet normal 0 0 1
    outer loop
      vertex -61.1387 -16.0276 3.3
      vertex -61.1387 -18.1724 3.3
      vertex -61.0515 -18.2515 3.3
    endloop
  endfacet
  facet normal -0 0 1
    outer loop
      vertex -61.2333 -16.0977 3.3
      vertex -61.1387 -18.1724 3.3
      vertex -61.1387 -16.0276 3.3
    endloop
  endfacet
  facet normal 0 0 1
    outer loop
      vertex -61.2333 -16.0977 3.3
      vertex -61.2333 -18.1022 3.3
      vertex -61.1387 -18.1724 3.3
    endloop
  endfacet
  facet normal -0 0 1
    outer loop
      vertex -61.3343 -16.1583 3.3
      vertex -61.2333 -18.1022 3.3
      vertex -61.2333 -16.0977 3.3
    endloop
  endfacet
  facet normal 0 0 1
    outer loop
      vertex -61.3343 -16.1583 3.3
      vertex -61.3343 -18.0417 3.3
      vertex -61.2333 -18.1022 3.3
    endloop
  endfacet
  facet normal -0 0 1
    outer loop
      vertex -61.4408 -16.2086 3.3
      vertex -61.3343 -18.0417 3.3
      vertex -61.3343 -16.1583 3.3
    endloop
  endfacet
  facet normal 0 0 1
    outer loop
      vertex -61.4408 -16.2086 3.3
      vertex -61.4408 -17.9913 3.3
      vertex -61.3343 -18.0417 3.3
    endloop
  endfacet
  facet normal -0 0 1
    outer loop
      vertex -61.5517 -16.2483 3.3
      vertex -61.4408 -17.9913 3.3
      vertex -61.4408 -16.2086 3.3
    endloop
  endfacet
  facet normal 0 0 1
    outer loop
      vertex -61.5517 -16.2483 3.3
      vertex -61.5517 -17.9517 3.3
      vertex -61.4408 -17.9913 3.3
    endloop
  endfacet
  facet normal -0 0 1
    outer loop
      vertex -61.6659 -16.2769 3.3
      vertex -61.5517 -17.9517 3.3
      vertex -61.5517 -16.2483 3.3
    endloop
  endfacet
  facet normal 0 0 1
    outer loop
      vertex -61.6659 -16.2769 3.3
      vertex -61.6659 -17.923 3.3
      vertex -61.5517 -17.9517 3.3
    endloop
  endfacet
  facet normal -0 0 1
    outer loop
      vertex -61.7824 -16.2942 3.3
      vertex -61.6659 -17.923 3.3
      vertex -61.6659 -16.2769 3.3
    endloop
  endfacet
  facet normal 0 0 1
    outer loop
      vertex -61.7824 -16.2942 3.3
      vertex -61.7824 -17.9058 3.3
      vertex -61.6659 -17.923 3.3
    endloop
  endfacet
  facet normal -0 0 1
    outer loop
      vertex -61.9 -16.3 3.3
      vertex -61.7824 -17.9058 3.3
      vertex -61.7824 -16.2942 3.3
    endloop
  endfacet
  facet normal 0 0 1
    outer loop
      vertex -61.9 -16.3 3.3
      vertex -61.9 -17.9 3.3
      vertex -61.7824 -17.9058 3.3
    endloop
  endfacet
  facet normal -0 0 1
    outer loop
      vertex -75.7 -16.3 3.3
      vertex -61.9 -17.9 3.3
      vertex -61.9 -16.3 3.3
    endloop
  endfacet
  facet normal 0 0 1
    outer loop
      vertex -75.7 -16.3 3.3
      vertex -75.7 -17.9 3.3
      vertex -61.9 -17.9 3.3
    endloop
  endfacet
  facet normal 0 0 1
    outer loop
      vertex -75.8176 -16.2942 3.3
      vertex -75.7 -17.9 3.3
      vertex -75.7 -16.3 3.3
    endloop
  endfacet
  facet normal 0 0 1
    outer loop
      vertex -75.8176 -16.2942 3.3
      vertex -75.8176 -17.9058 3.3
      vertex -75.7 -17.9 3.3
    endloop
  endfacet
  facet normal 0 0 1
    outer loop
      vertex -75.9341 -16.2769 3.3
      vertex -75.8176 -17.9058 3.3
      vertex -75.8176 -16.2942 3.3
    endloop
  endfacet
  facet normal 0 0 1
    outer loop
      vertex -75.9341 -16.2769 3.3
      vertex -75.9341 -17.923 3.3
      vertex -75.8176 -17.9058 3.3
    endloop
  endfacet
  facet normal 0 0 1
    outer loop
      vertex -76.0483 -16.2483 3.3
      vertex -75.9341 -17.923 3.3
      vertex -75.9341 -16.2769 3.3
    endloop
  endfacet
  facet normal 0 0 1
    outer loop
      vertex -76.0483 -16.2483 3.3
      vertex -76.0483 -17.9517 3.3
      vertex -75.9341 -17.923 3.3
    endloop
  endfacet
  facet normal 0 0 1
    outer loop
      vertex -76.1592 -16.2086 3.3
      vertex -76.0483 -17.9517 3.3
      vertex -76.0483 -16.2483 3.3
    endloop
  endfacet
  facet normal 0 0 1
    outer loop
      vertex -76.1592 -16.2086 3.3
      vertex -76.1592 -17.9913 3.3
      vertex -76.0483 -17.9517 3.3
    endloop
  endfacet
  facet normal 0 0 1
    outer loop
      vertex -76.2657 -16.1583 3.3
      vertex -76.1592 -17.9913 3.3
      vertex -76.1592 -16.2086 3.3
    endloop
  endfacet
  facet normal 0 0 1
    outer loop
      vertex -76.2657 -16.1583 3.3
      vertex -76.2657 -18.0417 3.3
      vertex -76.1592 -17.9913 3.3
    endloop
  endfacet
  facet normal 0 0 1
    outer loop
      vertex -76.3667 -16.0977 3.3
      vertex -76.2657 -18.0417 3.3
      vertex -76.2657 -16.1583 3.3
    endloop
  endfacet
  facet normal 0 0 1
    outer loop
      vertex -76.3667 -16.0977 3.3
      vertex -76.3667 -18.1022 3.3
      vertex -76.2657 -18.0417 3.3
    endloop
  endfacet
  facet normal 0 0 1
    outer loop
      vertex -76.4613 -16.0276 3.3
      vertex -76.3667 -18.1022 3.3
      vertex -76.3667 -16.0977 3.3
    endloop
  endfacet
  facet normal 0 0 1
    outer loop
      vertex -76.4613 -16.0276 3.3
      vertex -76.4613 -18.1724 3.3
      vertex -76.3667 -18.1022 3.3
    endloop
  endfacet
  facet normal 0 0 1
    outer loop
      vertex -76.5485 -15.9485 3.3
      vertex -76.4613 -18.1724 3.3
      vertex -76.4613 -16.0276 3.3
    endloop
  endfacet
  facet normal 0 0 1
    outer loop
      vertex -76.5485 -15.9485 3.3
      vertex -76.5485 -18.2515 3.3
      vertex -76.4613 -18.1724 3.3
    endloop
  endfacet
  facet normal 0 0 1
    outer loop
      vertex -76.6276 -15.8613 3.3
      vertex -76.5485 -18.2515 3.3
      vertex -76.5485 -15.9485 3.3
    endloop
  endfacet
  facet normal 0 0 1
    outer loop
      vertex -76.6276 -15.8613 3.3
      vertex -76.6276 -18.3387 3.3
      vertex -76.5485 -18.2515 3.3
    endloop
  endfacet
  facet normal 0 0 1
    outer loop
      vertex -76.6977 -15.7667 3.3
      vertex -76.6276 -18.3387 3.3
      vertex -76.6276 -15.8613 3.3
    endloop
  endfacet
  facet normal 0 0 1
    outer loop
      vertex -76.6977 -15.7667 3.3
      vertex -76.6977 -18.4333 3.3
      vertex -76.6276 -18.3387 3.3
    endloop
  endfacet
  facet normal 0 0 1
    outer loop
      vertex -76.7583 -15.6657 3.3
      vertex -76.6977 -18.4333 3.3
      vertex -76.6977 -15.7667 3.3
    endloop
  endfacet
  facet normal 0 0 1
    outer loop
      vertex -76.7583 -15.6657 3.3
      vertex -76.7583 -18.5343 3.3
      vertex -76.6977 -18.4333 3.3
    endloop
  endfacet
  facet normal 0 0 1
    outer loop
      vertex -76.8086 -15.5592 3.3
      vertex -76.7583 -18.5343 3.3
      vertex -76.7583 -15.6657 3.3
    endloop
  endfacet
  facet normal 0 0 1
    outer loop
      vertex -76.8086 -15.5592 3.3
      vertex -76.8086 -18.6408 3.3
      vertex -76.7583 -18.5343 3.3
    endloop
  endfacet
  facet normal 0 0 1
    outer loop
      vertex -76.8483 -15.4483 3.3
      vertex -76.8086 -18.6408 3.3
      vertex -76.8086 -15.5592 3.3
    endloop
  endfacet
  facet normal 0 0 1
    outer loop
      vertex -76.8483 -15.4483 3.3
      vertex -76.8483 -18.7516 3.3
      vertex -76.8086 -18.6408 3.3
    endloop
  endfacet
  facet normal 0 0 1
    outer loop
      vertex -76.8769 -15.3341 3.3
      vertex -76.8483 -18.7516 3.3
      vertex -76.8483 -15.4483 3.3
    endloop
  endfacet
  facet normal 0 0 1
    outer loop
      vertex -76.8769 -15.3341 3.3
      vertex -76.8769 -18.8659 3.3
      vertex -76.8483 -18.7516 3.3
    endloop
  endfacet
  facet normal 0 0 1
    outer loop
      vertex -76.8942 -15.2176 3.3
      vertex -76.8769 -18.8659 3.3
      vertex -76.8769 -15.3341 3.3
    endloop
  endfacet
  facet normal 0 0 1
    outer loop
      vertex -76.8942 -15.2176 3.3
      vertex -76.8942 -18.9824 3.3
      vertex -76.8769 -18.8659 3.3
    endloop
  endfacet
  facet normal 0 0 1
    outer loop
      vertex -76.9 -15.1 3.3
      vertex -76.8942 -18.9824 3.3
      vertex -76.8942 -15.2176 3.3
    endloop
  endfacet
  facet normal 0 0 1
    outer loop
      vertex -76.8942 -18.9824 3.3
      vertex -76.9 -15.1 3.3
      vertex -76.9 -19.1 3.3
    endloop
  endfacet
  facet normal 0 0 1
    outer loop
      vertex -43.0417 -15.6657 3.3
      vertex -41.1583 -15.6657 3.3
      vertex -42.9913 -15.5592 3.3
    endloop
  endfacet
  facet normal 0 0 1
    outer loop
      vertex -41.0276 -18.3387 3.3
      vertex -42.9058 -18.9824 3.3
      vertex -42.9 -19.1 3.3
    endloop
  endfacet
  facet normal 0 0 1
    outer loop
      vertex -41.1583 -15.6657 3.3
      vertex -43.0417 -15.6657 3.3
      vertex -41.0978 -15.7667 3.3
    endloop
  endfacet
  facet normal 0 0 1
    outer loop
      vertex -41.0276 -18.3387 3.3
      vertex -42.9231 -18.8659 3.3
      vertex -42.9058 -18.9824 3.3
    endloop
  endfacet
  facet normal 0 0 1
    outer loop
      vertex -43.1022 -15.7667 3.3
      vertex -41.0978 -15.7667 3.3
      vertex -43.0417 -15.6657 3.3
    endloop
  endfacet
  facet normal 0 0 1
    outer loop
      vertex -41.0276 -18.3387 3.3
      vertex -42.9517 -18.7516 3.3
      vertex -42.9231 -18.8659 3.3
    endloop
  endfacet
  facet normal 0 0 1
    outer loop
      vertex -41.0978 -15.7667 3.3
      vertex -43.1022 -15.7667 3.3
      vertex -41.0276 -15.8613 3.3
    endloop
  endfacet
  facet normal 0 0 1
    outer loop
      vertex -41.0276 -18.3387 3.3
      vertex -42.9913 -18.6408 3.3
      vertex -42.9517 -18.7516 3.3
    endloop
  endfacet
  facet normal 0 0 1
    outer loop
      vertex -43.1724 -15.8613 3.3
      vertex -41.0276 -15.8613 3.3
      vertex -43.1022 -15.7667 3.3
    endloop
  endfacet
  facet normal 0 0 1
    outer loop
      vertex -41.0276 -18.3387 3.3
      vertex -43.0417 -18.5343 3.3
      vertex -42.9913 -18.6408 3.3
    endloop
  endfacet
  facet normal 0 0 1
    outer loop
      vertex -43.2515 -15.9485 3.3
      vertex -41.0276 -15.8613 3.3
      vertex -43.1724 -15.8613 3.3
    endloop
  endfacet
  facet normal 0 0 1
    outer loop
      vertex -41.0276 -18.3387 3.3
      vertex -43.1022 -18.4333 3.3
      vertex -43.0417 -18.5343 3.3
    endloop
  endfacet
  facet normal 0 0 1
    outer loop
      vertex -41.0276 -15.8613 3.3
      vertex -43.2515 -15.9485 3.3
      vertex -41.0276 -18.3387 3.3
    endloop
  endfacet
  facet normal 0 0 1
    outer loop
      vertex -41.0276 -18.3387 3.3
      vertex -43.1724 -18.3387 3.3
      vertex -43.1022 -18.4333 3.3
    endloop
  endfacet
  facet normal -0 0 1
    outer loop
      vertex -43.2515 -18.2515 3.3
      vertex -41.0276 -18.3387 3.3
      vertex -43.2515 -15.9485 3.3
    endloop
  endfacet
  facet normal 0 0 1
    outer loop
      vertex -41.0276 -18.3387 3.3
      vertex -43.2515 -18.2515 3.3
      vertex -43.1724 -18.3387 3.3
    endloop
  endfacet
  facet normal -0 0 1
    outer loop
      vertex -43.3387 -16.0276 3.3
      vertex -43.2515 -18.2515 3.3
      vertex -43.2515 -15.9485 3.3
    endloop
  endfacet
  facet normal 0 0 1
    outer loop
      vertex -43.3387 -16.0276 3.3
      vertex -43.3387 -18.1724 3.3
      vertex -43.2515 -18.2515 3.3
    endloop
  endfacet
  facet normal -0 0 1
    outer loop
      vertex -43.4333 -16.0977 3.3
      vertex -43.3387 -18.1724 3.3
      vertex -43.3387 -16.0276 3.3
    endloop
  endfacet
  facet normal 0 0 1
    outer loop
      vertex -43.4333 -16.0977 3.3
      vertex -43.4333 -18.1022 3.3
      vertex -43.3387 -18.1724 3.3
    endloop
  endfacet
  facet normal -0 0 1
    outer loop
      vertex -43.5343 -16.1583 3.3
      vertex -43.4333 -18.1022 3.3
      vertex -43.4333 -16.0977 3.3
    endloop
  endfacet
  facet normal 0 0 1
    outer loop
      vertex -43.5343 -16.1583 3.3
      vertex -43.5343 -18.0417 3.3
      vertex -43.4333 -18.1022 3.3
    endloop
  endfacet
  facet normal -0 0 1
    outer loop
      vertex -43.6408 -16.2086 3.3
      vertex -43.5343 -18.0417 3.3
      vertex -43.5343 -16.1583 3.3
    endloop
  endfacet
  facet normal 0 0 1
    outer loop
      vertex -43.6408 -16.2086 3.3
      vertex -43.6408 -17.9913 3.3
      vertex -43.5343 -18.0417 3.3
    endloop
  endfacet
  facet normal -0 0 1
    outer loop
      vertex -43.7517 -16.2483 3.3
      vertex -43.6408 -17.9913 3.3
      vertex -43.6408 -16.2086 3.3
    endloop
  endfacet
  facet normal 0 0 1
    outer loop
      vertex -43.7517 -16.2483 3.3
      vertex -43.7517 -17.9517 3.3
      vertex -43.6408 -17.9913 3.3
    endloop
  endfacet
  facet normal -0 0 1
    outer loop
      vertex -43.8659 -16.2769 3.3
      vertex -43.7517 -17.9517 3.3
      vertex -43.7517 -16.2483 3.3
    endloop
  endfacet
  facet normal 0 0 1
    outer loop
      vertex -43.8659 -16.2769 3.3
      vertex -43.8659 -17.923 3.3
      vertex -43.7517 -17.9517 3.3
    endloop
  endfacet
  facet normal -0 0 1
    outer loop
      vertex -43.9824 -16.2942 3.3
      vertex -43.8659 -17.923 3.3
      vertex -43.8659 -16.2769 3.3
    endloop
  endfacet
  facet normal 0 0 1
    outer loop
      vertex -43.9824 -16.2942 3.3
      vertex -43.9824 -17.9058 3.3
      vertex -43.8659 -17.923 3.3
    endloop
  endfacet
  facet normal -0 0 1
    outer loop
      vertex -44.1 -16.3 3.3
      vertex -43.9824 -17.9058 3.3
      vertex -43.9824 -16.2942 3.3
    endloop
  endfacet
  facet normal 0 0 1
    outer loop
      vertex -44.1 -16.3 3.3
      vertex -44.1 -17.9 3.3
      vertex -43.9824 -17.9058 3.3
    endloop
  endfacet
  facet normal -0 0 1
    outer loop
      vertex -57.9 -16.3 3.3
      vertex -44.1 -17.9 3.3
      vertex -44.1 -16.3 3.3
    endloop
  endfacet
  facet normal 0 0 1
    outer loop
      vertex -57.9 -16.3 3.3
      vertex -57.9 -17.9 3.3
      vertex -44.1 -17.9 3.3
    endloop
  endfacet
  facet normal 0 0 1
    outer loop
      vertex -58.0176 -16.2942 3.3
      vertex -57.9 -17.9 3.3
      vertex -57.9 -16.3 3.3
    endloop
  endfacet
  facet normal 0 0 1
    outer loop
      vertex -58.0176 -16.2942 3.3
      vertex -58.0176 -17.9058 3.3
      vertex -57.9 -17.9 3.3
    endloop
  endfacet
  facet normal 0 0 1
    outer loop
      vertex -58.1341 -16.2769 3.3
      vertex -58.0176 -17.9058 3.3
      vertex -58.0176 -16.2942 3.3
    endloop
  endfacet
  facet normal 0 0 1
    outer loop
      vertex -58.1341 -16.2769 3.3
      vertex -58.1341 -17.923 3.3
      vertex -58.0176 -17.9058 3.3
    endloop
  endfacet
  facet normal 0 0 1
    outer loop
      vertex -58.2483 -16.2483 3.3
      vertex -58.1341 -17.923 3.3
      vertex -58.1341 -16.2769 3.3
    endloop
  endfacet
  facet normal 0 0 1
    outer loop
      vertex -58.2483 -16.2483 3.3
      vertex -58.2483 -17.9517 3.3
      vertex -58.1341 -17.923 3.3
    endloop
  endfacet
  facet normal 0 0 1
    outer loop
      vertex -58.3592 -16.2086 3.3
      vertex -58.2483 -17.9517 3.3
      vertex -58.2483 -16.2483 3.3
    endloop
  endfacet
  facet normal 0 0 1
    outer loop
      vertex -58.3592 -16.2086 3.3
      vertex -58.3592 -17.9913 3.3
      vertex -58.2483 -17.9517 3.3
    endloop
  endfacet
  facet normal 0 0 1
    outer loop
      vertex -58.4657 -16.1583 3.3
      vertex -58.3592 -17.9913 3.3
      vertex -58.3592 -16.2086 3.3
    endloop
  endfacet
  facet normal 0 0 1
    outer loop
      vertex -58.4657 -16.1583 3.3
      vertex -58.4657 -18.0417 3.3
      vertex -58.3592 -17.9913 3.3
    endloop
  endfacet
  facet normal 0 0 1
    outer loop
      vertex -58.5667 -16.0977 3.3
      vertex -58.4657 -18.0417 3.3
      vertex -58.4657 -16.1583 3.3
    endloop
  endfacet
  facet normal 0 0 1
    outer loop
      vertex -58.5667 -16.0977 3.3
      vertex -58.5667 -18.1022 3.3
      vertex -58.4657 -18.0417 3.3
    endloop
  endfacet
  facet normal 0 0 1
    outer loop
      vertex -58.6613 -16.0276 3.3
      vertex -58.5667 -18.1022 3.3
      vertex -58.5667 -16.0977 3.3
    endloop
  endfacet
  facet normal 0 0 1
    outer loop
      vertex -58.6613 -16.0276 3.3
      vertex -58.6613 -18.1724 3.3
      vertex -58.5667 -18.1022 3.3
    endloop
  endfacet
  facet normal 0 0 1
    outer loop
      vertex -58.7485 -15.9485 3.3
      vertex -58.6613 -18.1724 3.3
      vertex -58.6613 -16.0276 3.3
    endloop
  endfacet
  facet normal 0 0 1
    outer loop
      vertex -58.7485 -15.9485 3.3
      vertex -58.7485 -18.2515 3.3
      vertex -58.6613 -18.1724 3.3
    endloop
  endfacet
  facet normal 0 0 1
    outer loop
      vertex -58.8276 -15.8613 3.3
      vertex -58.7485 -18.2515 3.3
      vertex -58.7485 -15.9485 3.3
    endloop
  endfacet
  facet normal 0 0 1
    outer loop
      vertex -58.8276 -15.8613 3.3
      vertex -58.8276 -18.3387 3.3
      vertex -58.7485 -18.2515 3.3
    endloop
  endfacet
  facet normal 0 0 1
    outer loop
      vertex -59.0483 -15.4483 3.3
      vertex -60.7517 -15.4483 3.3
      vertex -59.0086 -15.5592 3.3
    endloop
  endfacet
  facet normal 0 0 1
    outer loop
      vertex -60.7913 -15.5592 3.3
      vertex -59.0086 -15.5592 3.3
      vertex -60.7517 -15.4483 3.3
    endloop
  endfacet
  facet normal 0 0 1
    outer loop
      vertex -60.7517 -15.4483 3.3
      vertex -59.0483 -15.4483 3.3
      vertex -60.7231 -15.3341 3.3
    endloop
  endfacet
  facet normal 0 0 1
    outer loop
      vertex -59.0086 -15.5592 3.3
      vertex -60.7913 -15.5592 3.3
      vertex -58.9583 -15.6657 3.3
    endloop
  endfacet
  facet normal 0 0 1
    outer loop
      vertex -59.0769 -15.3341 3.3
      vertex -60.7231 -15.3341 3.3
      vertex -59.0483 -15.4483 3.3
    endloop
  endfacet
  facet normal 0 0 1
    outer loop
      vertex -58.8276 -18.3387 3.3
      vertex -60.7 -19.1 3.3
      vertex -58.8977 -18.4333 3.3
    endloop
  endfacet
  facet normal 0 0 1
    outer loop
      vertex -60.7231 -15.3341 3.3
      vertex -59.0769 -15.3341 3.3
      vertex -60.7058 -15.2176 3.3
    endloop
  endfacet
  facet normal 0 0 1
    outer loop
      vertex -58.8977 -18.4333 3.3
      vertex -60.7 -19.1 3.3
      vertex -58.9583 -18.5343 3.3
    endloop
  endfacet
  facet normal 0 0 1
    outer loop
      vertex -59.0942 -15.2176 3.3
      vertex -60.7058 -15.2176 3.3
      vertex -59.0769 -15.3341 3.3
    endloop
  endfacet
  facet normal 0 0 1
    outer loop
      vertex -58.9583 -18.5343 3.3
      vertex -60.7 -19.1 3.3
      vertex -59.0086 -18.6408 3.3
    endloop
  endfacet
  facet normal 0 0 1
    outer loop
      vertex -60.7058 -15.2176 3.3
      vertex -59.0942 -15.2176 3.3
      vertex -60.7 -15.1 3.3
    endloop
  endfacet
  facet normal 0 0 1
    outer loop
      vertex -59.0086 -18.6408 3.3
      vertex -60.7 -19.1 3.3
      vertex -59.0483 -18.7516 3.3
    endloop
  endfacet
  facet normal -0 0 1
    outer loop
      vertex -60.7 -15.1 3.3
      vertex -59.0942 -15.2176 3.3
      vertex -59.1 -15.1 3.3
    endloop
  endfacet
  facet normal 0 0 1
    outer loop
      vertex -59.0483 -18.7516 3.3
      vertex -60.7 -19.1 3.3
      vertex -59.0769 -18.8659 3.3
    endloop
  endfacet
  facet normal -0 0 1
    outer loop
      vertex -25.1058 -18.9824 3.3
      vertex -7.60001 -43.9609 3.3
      vertex -25.1058 -15.2176 3.3
    endloop
  endfacet
  facet normal 0 0 1
    outer loop
      vertex -7.60001 -43.9609 3.3
      vertex -25.1058 -18.9824 3.3
      vertex -25.1 -19.1 3.3
    endloop
  endfacet
  facet normal -0 0 1
    outer loop
      vertex -25.1231 -15.3341 3.3
      vertex -25.1058 -18.9824 3.3
      vertex -25.1058 -15.2176 3.3
    endloop
  endfacet
  facet normal 0 0 1
    outer loop
      vertex -25.1231 -15.3341 3.3
      vertex -25.1231 -18.8659 3.3
      vertex -25.1058 -18.9824 3.3
    endloop
  endfacet
  facet normal -0 0 1
    outer loop
      vertex -25.1517 -15.4483 3.3
      vertex -25.1231 -18.8659 3.3
      vertex -25.1231 -15.3341 3.3
    endloop
  endfacet
  facet normal 0 0 1
    outer loop
      vertex -25.1517 -15.4483 3.3
      vertex -25.1517 -18.7516 3.3
      vertex -25.1231 -18.8659 3.3
    endloop
  endfacet
  facet normal -0 0 1
    outer loop
      vertex -25.1914 -15.5592 3.3
      vertex -25.1517 -18.7516 3.3
      vertex -25.1517 -15.4483 3.3
    endloop
  endfacet
  facet normal 0 0 1
    outer loop
      vertex -25.1914 -15.5592 3.3
      vertex -25.1914 -18.6408 3.3
      vertex -25.1517 -18.7516 3.3
    endloop
  endfacet
  facet normal -0 0 1
    outer loop
      vertex -25.2417 -15.6657 3.3
      vertex -25.1914 -18.6408 3.3
      vertex -25.1914 -15.5592 3.3
    endloop
  endfacet
  facet normal 0 0 1
    outer loop
      vertex -25.2417 -15.6657 3.3
      vertex -25.2417 -18.5343 3.3
      vertex -25.1914 -18.6408 3.3
    endloop
  endfacet
  facet normal -0 0 1
    outer loop
      vertex -25.3023 -15.7667 3.3
      vertex -25.2417 -18.5343 3.3
      vertex -25.2417 -15.6657 3.3
    endloop
  endfacet
  facet normal 0 0 1
    outer loop
      vertex -25.3023 -15.7667 3.3
      vertex -25.3023 -18.4333 3.3
      vertex -25.2417 -18.5343 3.3
    endloop
  endfacet
  facet normal -0 0 1
    outer loop
      vertex -25.3724 -15.8613 3.3
      vertex -25.3023 -18.4333 3.3
      vertex -25.3023 -15.7667 3.3
    endloop
  endfacet
  facet normal 0 0 1
    outer loop
      vertex -25.3724 -15.8613 3.3
      vertex -25.3724 -18.3387 3.3
      vertex -25.3023 -18.4333 3.3
    endloop
  endfacet
  facet normal -0 0 1
    outer loop
      vertex -25.4515 -15.9485 3.3
      vertex -25.3724 -18.3387 3.3
      vertex -25.3724 -15.8613 3.3
    endloop
  endfacet
  facet normal 0 0 1
    outer loop
      vertex -25.4515 -15.9485 3.3
      vertex -25.4515 -18.2515 3.3
      vertex -25.3724 -18.3387 3.3
    endloop
  endfacet
  facet normal -0 0 1
    outer loop
      vertex -25.5387 -16.0276 3.3
      vertex -25.4515 -18.2515 3.3
      vertex -25.4515 -15.9485 3.3
    endloop
  endfacet
  facet normal 0 0 1
    outer loop
      vertex -25.5387 -16.0276 3.3
      vertex -25.5387 -18.1724 3.3
      vertex -25.4515 -18.2515 3.3
    endloop
  endfacet
  facet normal -0 0 1
    outer loop
      vertex -25.6333 -16.0977 3.3
      vertex -25.5387 -18.1724 3.3
      vertex -25.5387 -16.0276 3.3
    endloop
  endfacet
  facet normal 0 0 1
    outer loop
      vertex -25.6333 -16.0977 3.3
      vertex -25.6333 -18.1022 3.3
      vertex -25.5387 -18.1724 3.3
    endloop
  endfacet
  facet normal -0 0 1
    outer loop
      vertex -25.7343 -16.1583 3.3
      vertex -25.6333 -18.1022 3.3
      vertex -25.6333 -16.0977 3.3
    endloop
  endfacet
  facet normal 0 0 1
    outer loop
      vertex -25.7343 -16.1583 3.3
      vertex -25.7343 -18.0417 3.3
      vertex -25.6333 -18.1022 3.3
    endloop
  endfacet
  facet normal -0 0 1
    outer loop
      vertex -25.8408 -16.2086 3.3
      vertex -25.7343 -18.0417 3.3
      vertex -25.7343 -16.1583 3.3
    endloop
  endfacet
  facet normal 0 0 1
    outer loop
      vertex -25.8408 -16.2086 3.3
      vertex -25.8408 -17.9913 3.3
      vertex -25.7343 -18.0417 3.3
    endloop
  endfacet
  facet normal -0 0 1
    outer loop
      vertex -25.9517 -16.2483 3.3
      vertex -25.8408 -17.9913 3.3
      vertex -25.8408 -16.2086 3.3
    endloop
  endfacet
  facet normal 0 0 1
    outer loop
      vertex -25.9517 -16.2483 3.3
      vertex -25.9517 -17.9517 3.3
      vertex -25.8408 -17.9913 3.3
    endloop
  endfacet
  facet normal -0 0 1
    outer loop
      vertex -26.0659 -16.2769 3.3
      vertex -25.9517 -17.9517 3.3
      vertex -25.9517 -16.2483 3.3
    endloop
  endfacet
  facet normal 0 0 1
    outer loop
      vertex -26.0659 -16.2769 3.3
      vertex -26.0659 -17.923 3.3
      vertex -25.9517 -17.9517 3.3
    endloop
  endfacet
  facet normal -0 0 1
    outer loop
      vertex -26.1824 -16.2942 3.3
      vertex -26.0659 -17.923 3.3
      vertex -26.0659 -16.2769 3.3
    endloop
  endfacet
  facet normal 0 0 1
    outer loop
      vertex -26.1824 -16.2942 3.3
      vertex -26.1824 -17.9058 3.3
      vertex -26.0659 -17.923 3.3
    endloop
  endfacet
  facet normal -0 0 1
    outer loop
      vertex -26.3 -16.3 3.3
      vertex -26.1824 -17.9058 3.3
      vertex -26.1824 -16.2942 3.3
    endloop
  endfacet
  facet normal 0 0 1
    outer loop
      vertex -26.3 -16.3 3.3
      vertex -26.3 -17.9 3.3
      vertex -26.1824 -17.9058 3.3
    endloop
  endfacet
  facet normal -0 0 1
    outer loop
      vertex -40.1 -16.3 3.3
      vertex -26.3 -17.9 3.3
      vertex -26.3 -16.3 3.3
    endloop
  endfacet
  facet normal 0 0 1
    outer loop
      vertex -40.1 -16.3 3.3
      vertex -40.1 -17.9 3.3
      vertex -26.3 -17.9 3.3
    endloop
  endfacet
  facet normal 0 0 1
    outer loop
      vertex -40.2176 -16.2942 3.3
      vertex -40.1 -17.9 3.3
      vertex -40.1 -16.3 3.3
    endloop
  endfacet
  facet normal 0 0 1
    outer loop
      vertex -40.2176 -16.2942 3.3
      vertex -40.2176 -17.9058 3.3
      vertex -40.1 -17.9 3.3
    endloop
  endfacet
  facet normal 0 0 1
    outer loop
      vertex -40.3341 -16.2769 3.3
      vertex -40.2176 -17.9058 3.3
      vertex -40.2176 -16.2942 3.3
    endloop
  endfacet
  facet normal 0 0 1
    outer loop
      vertex -40.3341 -16.2769 3.3
      vertex -40.3341 -17.923 3.3
      vertex -40.2176 -17.9058 3.3
    endloop
  endfacet
  facet normal 0 0 1
    outer loop
      vertex -40.4483 -16.2483 3.3
      vertex -40.3341 -17.923 3.3
      vertex -40.3341 -16.2769 3.3
    endloop
  endfacet
  facet normal 0 0 1
    outer loop
      vertex -40.4483 -16.2483 3.3
      vertex -40.4483 -17.9517 3.3
      vertex -40.3341 -17.923 3.3
    endloop
  endfacet
  facet normal 0 0 1
    outer loop
      vertex -40.5592 -16.2086 3.3
      vertex -40.4483 -17.9517 3.3
      vertex -40.4483 -16.2483 3.3
    endloop
  endfacet
  facet normal 0 0 1
    outer loop
      vertex -40.5592 -16.2086 3.3
      vertex -40.5592 -17.9913 3.3
      vertex -40.4483 -17.9517 3.3
    endloop
  endfacet
  facet normal 0 0 1
    outer loop
      vertex -40.6657 -16.1583 3.3
      vertex -40.5592 -17.9913 3.3
      vertex -40.5592 -16.2086 3.3
    endloop
  endfacet
  facet normal 0 0 1
    outer loop
      vertex -40.6657 -16.1583 3.3
      vertex -40.6657 -18.0417 3.3
      vertex -40.5592 -17.9913 3.3
    endloop
  endfacet
  facet normal 0 0 1
    outer loop
      vertex -40.7667 -16.0977 3.3
      vertex -40.6657 -18.0417 3.3
      vertex -40.6657 -16.1583 3.3
    endloop
  endfacet
  facet normal 0 0 1
    outer loop
      vertex -40.7667 -16.0977 3.3
      vertex -40.7667 -18.1022 3.3
      vertex -40.6657 -18.0417 3.3
    endloop
  endfacet
  facet normal 0 0 1
    outer loop
      vertex -40.8613 -16.0276 3.3
      vertex -40.7667 -18.1022 3.3
      vertex -40.7667 -16.0977 3.3
    endloop
  endfacet
  facet normal 0 0 1
    outer loop
      vertex -40.8613 -16.0276 3.3
      vertex -40.8613 -18.1724 3.3
      vertex -40.7667 -18.1022 3.3
    endloop
  endfacet
  facet normal 0 0 1
    outer loop
      vertex -40.9485 -15.9485 3.3
      vertex -40.8613 -18.1724 3.3
      vertex -40.8613 -16.0276 3.3
    endloop
  endfacet
  facet normal 0 0 1
    outer loop
      vertex -40.9485 -15.9485 3.3
      vertex -40.9485 -18.2515 3.3
      vertex -40.8613 -18.1724 3.3
    endloop
  endfacet
  facet normal 0 0 1
    outer loop
      vertex -41.0276 -15.8613 3.3
      vertex -40.9485 -18.2515 3.3
      vertex -40.9485 -15.9485 3.3
    endloop
  endfacet
  facet normal 0 0 1
    outer loop
      vertex -41.0276 -15.8613 3.3
      vertex -41.0276 -18.3387 3.3
      vertex -40.9485 -18.2515 3.3
    endloop
  endfacet
  facet normal 0 0 1
    outer loop
      vertex -41.2483 -15.4483 3.3
      vertex -42.9517 -15.4483 3.3
      vertex -41.2087 -15.5592 3.3
    endloop
  endfacet
  facet normal 0 0 1
    outer loop
      vertex -42.9913 -15.5592 3.3
      vertex -41.2087 -15.5592 3.3
      vertex -42.9517 -15.4483 3.3
    endloop
  endfacet
  facet normal 0 0 1
    outer loop
      vertex -42.9517 -15.4483 3.3
      vertex -41.2483 -15.4483 3.3
      vertex -42.9231 -15.3341 3.3
    endloop
  endfacet
  facet normal 0 0 1
    outer loop
      vertex -41.2087 -15.5592 3.3
      vertex -42.9913 -15.5592 3.3
      vertex -41.1583 -15.6657 3.3
    endloop
  endfacet
  facet normal 0 0 1
    outer loop
      vertex -41.2769 -15.3341 3.3
      vertex -42.9231 -15.3341 3.3
      vertex -41.2483 -15.4483 3.3
    endloop
  endfacet
  facet normal 0 0 1
    outer loop
      vertex -41.0276 -18.3387 3.3
      vertex -42.9 -19.1 3.3
      vertex -41.0978 -18.4333 3.3
    endloop
  endfacet
  facet normal 0 0 1
    outer loop
      vertex -42.9231 -15.3341 3.3
      vertex -41.2769 -15.3341 3.3
      vertex -42.9058 -15.2176 3.3
    endloop
  endfacet
  facet normal 0 0 1
    outer loop
      vertex -41.0978 -18.4333 3.3
      vertex -42.9 -19.1 3.3
      vertex -41.1583 -18.5343 3.3
    endloop
  endfacet
  facet normal 0 0 1
    outer loop
      vertex -41.2942 -15.2176 3.3
      vertex -42.9058 -15.2176 3.3
      vertex -41.2769 -15.3341 3.3
    endloop
  endfacet
  facet normal 0 0 1
    outer loop
      vertex -41.1583 -18.5343 3.3
      vertex -42.9 -19.1 3.3
      vertex -41.2087 -18.6408 3.3
    endloop
  endfacet
  facet normal 0 0 1
    outer loop
      vertex -42.9058 -15.2176 3.3
      vertex -41.2942 -15.2176 3.3
      vertex -42.9 -15.1 3.3
    endloop
  endfacet
  facet normal 0 0 1
    outer loop
      vertex -41.2087 -18.6408 3.3
      vertex -42.9 -19.1 3.3
      vertex -41.2483 -18.7516 3.3
    endloop
  endfacet
  facet normal -0 0 1
    outer loop
      vertex -42.9 -15.1 3.3
      vertex -41.2942 -15.2176 3.3
      vertex -41.3 -15.1 3.3
    endloop
  endfacet
  facet normal 0 0 1
    outer loop
      vertex -41.2483 -18.7516 3.3
      vertex -42.9 -19.1 3.3
      vertex -41.2769 -18.8659 3.3
    endloop
  endfacet
  facet normal 0 0 1
    outer loop
      vertex -9.03911 45.4 3.3
      vertex -7.60001 43.9609 3.3
      vertex -7.60866 44.1369 3.3
    endloop
  endfacet
  facet normal 0 0 1
    outer loop
      vertex -7.60001 43.9609 3.3
      vertex -17.2058 6.18237 3.3
      vertex -7.60001 -43.9609 3.3
    endloop
  endfacet
  facet normal 0 0 1
    outer loop
      vertex -9.03911 45.4 3.3
      vertex -7.60866 44.1369 3.3
      vertex -7.62881 44.2728 3.3
    endloop
  endfacet
  facet normal -0 0 1
    outer loop
      vertex -17.2231 6.06587 3.3
      vertex -7.60001 -43.9609 3.3
      vertex -17.2058 6.18237 3.3
    endloop
  endfacet
  facet normal 0 0 1
    outer loop
      vertex -9.03911 45.4 3.3
      vertex -7.62881 44.2728 3.3
      vertex -7.66214 44.4059 3.3
    endloop
  endfacet
  facet normal -0 0 1
    outer loop
      vertex -17.2517 5.95164 3.3
      vertex -7.60001 -43.9609 3.3
      vertex -17.2231 6.06587 3.3
    endloop
  endfacet
  facet normal 0 0 1
    outer loop
      vertex -9.03911 45.4 3.3
      vertex -7.66214 44.4059 3.3
      vertex -7.70834 44.535 3.3
    endloop
  endfacet
  facet normal -0 0 1
    outer loop
      vertex -17.2914 5.84077 3.3
      vertex -7.60001 -43.9609 3.3
      vertex -17.2517 5.95164 3.3
    endloop
  endfacet
  facet normal 0 0 1
    outer loop
      vertex -9.03911 45.4 3.3
      vertex -7.70834 44.535 3.3
      vertex -7.76698 44.659 3.3
    endloop
  endfacet
  facet normal -0 0 1
    outer loop
      vertex -17.3417 5.73431 3.3
      vertex -7.60001 -43.9609 3.3
      vertex -17.2914 5.84077 3.3
    endloop
  endfacet
  facet normal 0 0 1
    outer loop
      vertex -9.03911 45.4 3.3
      vertex -7.76698 44.659 3.3
      vertex -7.83752 44.7767 3.3
    endloop
  endfacet
  facet normal -0 0 1
    outer loop
      vertex -17.4023 5.6333 3.3
      vertex -7.60001 -43.9609 3.3
      vertex -17.3417 5.73431 3.3
    endloop
  endfacet
  facet normal 0 0 1
    outer loop
      vertex -9.03911 45.4 3.3
      vertex -7.83752 44.7767 3.3
      vertex -7.91925 44.8869 3.3
    endloop
  endfacet
  facet normal -0 0 1
    outer loop
      vertex -17.4724 5.53871 3.3
      vertex -7.60001 -43.9609 3.3
      vertex -17.4023 5.6333 3.3
    endloop
  endfacet
  facet normal 0 0 1
    outer loop
      vertex -9.03911 45.4 3.3
      vertex -7.91925 44.8869 3.3
      vertex -8.01141 44.9886 3.3
    endloop
  endfacet
  facet normal -0 0 1
    outer loop
      vertex -25.1 -15.1 3.3
      vertex -7.60001 -43.9609 3.3
      vertex -17.4724 5.53871 3.3
    endloop
  endfacet
  facet normal 0 0 1
    outer loop
      vertex -9.03911 45.4 3.3
      vertex -8.01141 44.9886 3.3
      vertex -8.1131 45.0807 3.3
    endloop
  endfacet
  facet normal -0 0 1
    outer loop
      vertex -25.1058 -15.2176 3.3
      vertex -7.60001 -43.9609 3.3
      vertex -25.1 -15.1 3.3
    endloop
  endfacet
  facet normal 0 0 1
    outer loop
      vertex -9.03911 45.4 3.3
      vertex -8.1131 45.0807 3.3
      vertex -8.2233 45.1625 3.3
    endloop
  endfacet
  facet normal -0 0 1
    outer loop
      vertex -25.1 -28.9 3.3
      vertex -7.60001 -43.9609 3.3
      vertex -25.1 -19.1 3.3
    endloop
  endfacet
  facet normal 0 0 1
    outer loop
      vertex -9.03911 45.4 3.3
      vertex -8.2233 45.1625 3.3
      vertex -8.34099 45.233 3.3
    endloop
  endfacet
  facet normal -0 -0 1
    outer loop
      vertex -16.2735 -42.2053 3.3
      vertex -7.60001 -43.9609 3.3
      vertex -25.1 -28.9 3.3
    endloop
  endfacet
  facet normal 0 0 1
    outer loop
      vertex -9.03911 45.4 3.3
      vertex -8.34099 45.233 3.3
      vertex -8.465 45.2917 3.3
    endloop
  endfacet
  facet normal -0 -0 1
    outer loop
      vertex -16.0545 -42.3366 3.3
      vertex -7.60001 -43.9609 3.3
      vertex -16.2735 -42.2053 3.3
    endloop
  endfacet
  facet normal 0 0 1
    outer loop
      vertex -9.03911 45.4 3.3
      vertex -8.465 45.2917 3.3
      vertex -8.5941 45.3379 3.3
    endloop
  endfacet
  facet normal -0 -0 1
    outer loop
      vertex -15.8493 -42.4887 3.3
      vertex -7.60001 -43.9609 3.3
      vertex -16.0545 -42.3366 3.3
    endloop
  endfacet
  facet normal 0 0 1
    outer loop
      vertex -9.03911 45.4 3.3
      vertex -8.5941 45.3379 3.3
      vertex -8.72716 45.3712 3.3
    endloop
  endfacet
  facet normal -0 -0 1
    outer loop
      vertex -15.6602 -42.6602 3.3
      vertex -7.60001 -43.9609 3.3
      vertex -15.8493 -42.4887 3.3
    endloop
  endfacet
  facet normal 0 0 1
    outer loop
      vertex -9.03911 45.4 3.3
      vertex -8.72716 45.3712 3.3
      vertex -8.86307 45.3913 3.3
    endloop
  endfacet
  facet normal -0 -0 1
    outer loop
      vertex -15.4887 -42.8493 3.3
      vertex -7.60001 -43.9609 3.3
      vertex -15.6602 -42.6602 3.3
    endloop
  endfacet
  facet normal 0 0 1
    outer loop
      vertex -7.60001 43.9609 3.3
      vertex -9.03911 45.4 3.3
      vertex -17.9408 30.0087 3.3
    endloop
  endfacet
  facet normal -0 -0 1
    outer loop
      vertex -15.3366 -43.0545 3.3
      vertex -7.60001 -43.9609 3.3
      vertex -15.4887 -42.8493 3.3
    endloop
  endfacet
  facet normal -0 -0 1
    outer loop
      vertex -15.0961 -43.5043 3.3
      vertex -7.60001 -43.9609 3.3
      vertex -15.2053 -43.2735 3.3
    endloop
  endfacet
  facet normal 0 0 1
    outer loop
      vertex -9.03911 -45.4 3.3
      vertex -14.9106 -44.245 3.3
      vertex -14.9 -44.4607 3.3
    endloop
  endfacet
  facet normal 0 0 1
    outer loop
      vertex -9.03911 -45.4 3.3
      vertex -14.948 -43.9924 3.3
      vertex -14.9106 -44.245 3.3
    endloop
  endfacet
  facet normal 0 -0 1
    outer loop
      vertex -9.03911 -45.4 3.3
      vertex -7.60001 -43.9609 3.3
      vertex -15.0961 -43.5043 3.3
    endloop
  endfacet
  facet normal 0 0 1
    outer loop
      vertex -9.03911 -45.4 3.3
      vertex -15.0101 -43.7447 3.3
      vertex -14.948 -43.9924 3.3
    endloop
  endfacet
  facet normal 0 0 1
    outer loop
      vertex -7.60866 -44.1369 3.3
      vertex -9.03911 -45.4 3.3
      vertex -7.62881 -44.2728 3.3
    endloop
  endfacet
  facet normal 0 0 1
    outer loop
      vertex -7.62881 -44.2728 3.3
      vertex -9.03911 -45.4 3.3
      vertex -7.66214 -44.4059 3.3
    endloop
  endfacet
  facet normal 0 0 1
    outer loop
      vertex -9.03911 -45.4 3.3
      vertex -15.0961 -43.5043 3.3
      vertex -15.0101 -43.7447 3.3
    endloop
  endfacet
  facet normal 0 0 1
    outer loop
      vertex -7.66214 -44.4059 3.3
      vertex -9.03911 -45.4 3.3
      vertex -7.70834 -44.535 3.3
    endloop
  endfacet
  facet normal 0 0 1
    outer loop
      vertex -7.60001 -43.9609 3.3
      vertex -9.03911 -45.4 3.3
      vertex -7.60866 -44.1369 3.3
    endloop
  endfacet
  facet normal 0 0 1
    outer loop
      vertex -7.76698 -44.659 3.3
      vertex -9.03911 -45.4 3.3
      vertex -7.83752 -44.7767 3.3
    endloop
  endfacet
  facet normal 0 0 1
    outer loop
      vertex -7.70834 -44.535 3.3
      vertex -9.03911 -45.4 3.3
      vertex -7.76698 -44.659 3.3
    endloop
  endfacet
  facet normal 0 0 1
    outer loop
      vertex -7.83752 -44.7767 3.3
      vertex -9.03911 -45.4 3.3
      vertex -7.91925 -44.8869 3.3
    endloop
  endfacet
  facet normal 0 0 1
    outer loop
      vertex -8.1131 -45.0807 3.3
      vertex -9.03911 -45.4 3.3
      vertex -8.2233 -45.1625 3.3
    endloop
  endfacet
  facet normal 0 0 1
    outer loop
      vertex -8.2233 -45.1625 3.3
      vertex -9.03911 -45.4 3.3
      vertex -8.34099 -45.233 3.3
    endloop
  endfacet
  facet normal 0 0 1
    outer loop
      vertex -7.60001 43.9609 3.3
      vertex -17.2 28.9 3.3
      vertex -17.2 6.29999 3.3
    endloop
  endfacet
  facet normal 0 0 1
    outer loop
      vertex -7.60001 43.9609 3.3
      vertex -17.2058 29.0176 3.3
      vertex -17.2 28.9 3.3
    endloop
  endfacet
  facet normal 0 0 1
    outer loop
      vertex -7.60001 43.9609 3.3
      vertex -17.2231 29.1341 3.3
      vertex -17.2058 29.0176 3.3
    endloop
  endfacet
  facet normal 0 0 1
    outer loop
      vertex -7.60001 43.9609 3.3
      vertex -17.2517 29.2483 3.3
      vertex -17.2231 29.1341 3.3
    endloop
  endfacet
  facet normal 0 0 1
    outer loop
      vertex -7.60001 43.9609 3.3
      vertex -17.2914 29.3592 3.3
      vertex -17.2517 29.2483 3.3
    endloop
  endfacet
  facet normal 0 0 1
    outer loop
      vertex -7.60001 43.9609 3.3
      vertex -17.3417 29.4657 3.3
      vertex -17.2914 29.3592 3.3
    endloop
  endfacet
  facet normal 0 0 1
    outer loop
      vertex -7.60001 43.9609 3.3
      vertex -17.4023 29.5667 3.3
      vertex -17.3417 29.4657 3.3
    endloop
  endfacet
  facet normal 0 0 1
    outer loop
      vertex -7.60001 43.9609 3.3
      vertex -17.4724 29.6613 3.3
      vertex -17.4023 29.5667 3.3
    endloop
  endfacet
  facet normal 0 0 1
    outer loop
      vertex -7.60001 43.9609 3.3
      vertex -17.5515 29.7485 3.3
      vertex -17.4724 29.6613 3.3
    endloop
  endfacet
  facet normal 0 0 1
    outer loop
      vertex -7.60001 43.9609 3.3
      vertex -17.6387 29.8276 3.3
      vertex -17.5515 29.7485 3.3
    endloop
  endfacet
  facet normal 0 0 1
    outer loop
      vertex -7.60001 43.9609 3.3
      vertex -17.7333 29.8978 3.3
      vertex -17.6387 29.8276 3.3
    endloop
  endfacet
  facet normal 0 0 1
    outer loop
      vertex -7.60001 43.9609 3.3
      vertex -17.8343 29.9583 3.3
      vertex -17.7333 29.8978 3.3
    endloop
  endfacet
  facet normal 0 0 1
    outer loop
      vertex -7.60001 43.9609 3.3
      vertex -17.9408 30.0087 3.3
      vertex -17.8343 29.9583 3.3
    endloop
  endfacet
  facet normal 0 0 1
    outer loop
      vertex -9.03911 45.4 3.3
      vertex -18.0517 30.0483 3.3
      vertex -17.9408 30.0087 3.3
    endloop
  endfacet
  facet normal 0 0 1
    outer loop
      vertex -9.03911 45.4 3.3
      vertex -18.1659 30.0769 3.3
      vertex -18.0517 30.0483 3.3
    endloop
  endfacet
  facet normal 0 0 1
    outer loop
      vertex -9.03911 45.4 3.3
      vertex -18.2824 30.0942 3.3
      vertex -18.1659 30.0769 3.3
    endloop
  endfacet
  facet normal 0 0 1
    outer loop
      vertex -9.03911 45.4 3.3
      vertex -18.4 30.1 3.3
      vertex -18.2824 30.0942 3.3
    endloop
  endfacet
  facet normal 0 0 1
    outer loop
      vertex -9.03911 45.4 3.3
      vertex -49 30.1 3.3
      vertex -18.4 30.1 3.3
    endloop
  endfacet
  facet normal -0 0 1
    outer loop
      vertex -81.3372 45.4 3.3
      vertex -49 30.1 3.3
      vertex -9.03911 45.4 3.3
    endloop
  endfacet
  facet normal 0 0 1
    outer loop
      vertex -49 30.1 3.3
      vertex -81.3372 45.4 3.3
      vertex -49.1176 30.0942 3.3
    endloop
  endfacet
  facet normal 0 -0 1
    outer loop
      vertex -52.8824 30.0942 3.3
      vertex -49.1176 30.0942 3.3
      vertex -81.3372 45.4 3.3
    endloop
  endfacet
  facet normal 0 0 1
    outer loop
      vertex -49.1176 30.0942 3.3
      vertex -52.8824 30.0942 3.3
      vertex -49.2341 30.0769 3.3
    endloop
  endfacet
  facet normal 0 0 1
    outer loop
      vertex -50.2 28.9 3.3
      vertex -51.8 28.9 3.3
      vertex -50.2 6.29999 3.3
    endloop
  endfacet
  facet normal 0 0 1
    outer loop
      vertex -50.1942 29.0176 3.3
      vertex -51.8 28.9 3.3
      vertex -50.2 28.9 3.3
    endloop
  endfacet
  facet normal 0 0 1
    outer loop
      vertex -51.8058 29.0176 3.3
      vertex -50.1942 29.0176 3.3
      vertex -50.177 29.1341 3.3
    endloop
  endfacet
  facet normal 0 0 1
    outer loop
      vertex -51.823 29.1341 3.3
      vertex -50.177 29.1341 3.3
      vertex -50.1483 29.2483 3.3
    endloop
  endfacet
  facet normal 0 0 1
    outer loop
      vertex -51.8517 29.2483 3.3
      vertex -50.1483 29.2483 3.3
      vertex -50.1087 29.3592 3.3
    endloop
  endfacet
  facet normal 0 0 1
    outer loop
      vertex -51.8913 29.3592 3.3
      vertex -50.1087 29.3592 3.3
      vertex -50.0583 29.4657 3.3
    endloop
  endfacet
  facet normal 0 0 1
    outer loop
      vertex -51.9417 29.4657 3.3
      vertex -50.0583 29.4657 3.3
      vertex -49.9978 29.5667 3.3
    endloop
  endfacet
  facet normal 0 0 1
    outer loop
      vertex -52.0022 29.5667 3.3
      vertex -49.9978 29.5667 3.3
      vertex -49.9276 29.6613 3.3
    endloop
  endfacet
  facet normal 0 0 1
    outer loop
      vertex -52.0724 29.6613 3.3
      vertex -49.9276 29.6613 3.3
      vertex -49.8485 29.7485 3.3
    endloop
  endfacet
  facet normal 0 0 1
    outer loop
      vertex -52.1515 29.7485 3.3
      vertex -49.8485 29.7485 3.3
      vertex -49.7613 29.8276 3.3
    endloop
  endfacet
  facet normal 0 0 1
    outer loop
      vertex -52.2387 29.8276 3.3
      vertex -49.7613 29.8276 3.3
      vertex -49.6667 29.8978 3.3
    endloop
  endfacet
  facet normal 0 0 1
    outer loop
      vertex -52.3333 29.8978 3.3
      vertex -49.6667 29.8978 3.3
      vertex -49.5657 29.9583 3.3
    endloop
  endfacet
  facet normal 0 0 1
    outer loop
      vertex -50.1942 29.0176 3.3
      vertex -51.8058 29.0176 3.3
      vertex -51.8 28.9 3.3
    endloop
  endfacet
  facet normal 0 0 1
    outer loop
      vertex -52.4343 29.9583 3.3
      vertex -49.5657 29.9583 3.3
      vertex -49.4592 30.0087 3.3
    endloop
  endfacet
  facet normal 0 0 1
    outer loop
      vertex -50.177 29.1341 3.3
      vertex -51.823 29.1341 3.3
      vertex -51.8058 29.0176 3.3
    endloop
  endfacet
  facet normal 0 -0 1
    outer loop
      vertex -52.7659 30.0769 3.3
      vertex -49.2341 30.0769 3.3
      vertex -52.8824 30.0942 3.3
    endloop
  endfacet
  facet normal 0 0 1
    outer loop
      vertex -50.1483 29.2483 3.3
      vertex -51.8517 29.2483 3.3
      vertex -51.823 29.1341 3.3
    endloop
  endfacet
  facet normal 0 0 1
    outer loop
      vertex -50.1087 29.3592 3.3
      vertex -51.8913 29.3592 3.3
      vertex -51.8517 29.2483 3.3
    endloop
  endfacet
  facet normal 0 0 1
    outer loop
      vertex -50.0583 29.4657 3.3
      vertex -51.9417 29.4657 3.3
      vertex -51.8913 29.3592 3.3
    endloop
  endfacet
  facet normal 0 0 1
    outer loop
      vertex -49.9978 29.5667 3.3
      vertex -52.0022 29.5667 3.3
      vertex -51.9417 29.4657 3.3
    endloop
  endfacet
  facet normal 0 0 1
    outer loop
      vertex -49.9276 29.6613 3.3
      vertex -52.0724 29.6613 3.3
      vertex -52.0022 29.5667 3.3
    endloop
  endfacet
  facet normal 0 0 1
    outer loop
      vertex -49.8485 29.7485 3.3
      vertex -52.1515 29.7485 3.3
      vertex -52.0724 29.6613 3.3
    endloop
  endfacet
  facet normal 0 0 1
    outer loop
      vertex -49.7613 29.8276 3.3
      vertex -52.2387 29.8276 3.3
      vertex -52.1515 29.7485 3.3
    endloop
  endfacet
  facet normal 0 0 1
    outer loop
      vertex -49.6667 29.8978 3.3
      vertex -52.3333 29.8978 3.3
      vertex -52.2387 29.8276 3.3
    endloop
  endfacet
  facet normal 0 0 1
    outer loop
      vertex -49.5657 29.9583 3.3
      vertex -52.4343 29.9583 3.3
      vertex -52.3333 29.8978 3.3
    endloop
  endfacet
  facet normal 0 0 1
    outer loop
      vertex -49.4592 30.0087 3.3
      vertex -52.5408 30.0087 3.3
      vertex -52.4343 29.9583 3.3
    endloop
  endfacet
  facet normal 0 0 1
    outer loop
      vertex -49.4592 30.0087 3.3
      vertex -52.6516 30.0483 3.3
      vertex -52.5408 30.0087 3.3
    endloop
  endfacet
  facet normal 0 0 1
    outer loop
      vertex -49.3484 30.0483 3.3
      vertex -52.6516 30.0483 3.3
      vertex -49.4592 30.0087 3.3
    endloop
  endfacet
  facet normal 0 -0 1
    outer loop
      vertex -52.6516 30.0483 3.3
      vertex -49.3484 30.0483 3.3
      vertex -52.7659 30.0769 3.3
    endloop
  endfacet
  facet normal 0 0 1
    outer loop
      vertex -49.2341 30.0769 3.3
      vertex -52.7659 30.0769 3.3
      vertex -49.3484 30.0483 3.3
    endloop
  endfacet
  facet normal 0 0 1
    outer loop
      vertex -52.8824 30.0942 3.3
      vertex -81.3372 45.4 3.3
      vertex -53 30.1 3.3
    endloop
  endfacet
  facet normal 0 0 1
    outer loop
      vertex -81.3372 45.4 3.3
      vertex -83.6 30.1 3.3
      vertex -53 30.1 3.3
    endloop
  endfacet
  facet normal 0 0 1
    outer loop
      vertex -81.3372 45.4 3.3
      vertex -83.7176 30.0942 3.3
      vertex -83.6 30.1 3.3
    endloop
  endfacet
  facet normal 0 0 1
    outer loop
      vertex -81.3372 45.4 3.3
      vertex -83.8341 30.0769 3.3
      vertex -83.7176 30.0942 3.3
    endloop
  endfacet
  facet normal 0 0 1
    outer loop
      vertex -81.3372 45.4 3.3
      vertex -83.9483 30.0483 3.3
      vertex -83.8341 30.0769 3.3
    endloop
  endfacet
  facet normal 0 0 1
    outer loop
      vertex -81.3372 45.4 3.3
      vertex -84.0592 30.0087 3.3
      vertex -83.9483 30.0483 3.3
    endloop
  endfacet
  facet normal -0 0 1
    outer loop
      vertex -94.4 32.3372 3.3
      vertex -84.0592 30.0087 3.3
      vertex -81.3372 45.4 3.3
    endloop
  endfacet
  facet normal 0 0 1
    outer loop
      vertex -84.0592 30.0087 3.3
      vertex -94.4 32.3372 3.3
      vertex -84.1657 29.9583 3.3
    endloop
  endfacet
  facet normal 0 0 1
    outer loop
      vertex -84.1657 29.9583 3.3
      vertex -94.4 32.3372 3.3
      vertex -84.2667 29.8978 3.3
    endloop
  endfacet
  facet normal 0 0 1
    outer loop
      vertex -84.2667 29.8978 3.3
      vertex -94.4 32.3372 3.3
      vertex -84.3613 29.8276 3.3
    endloop
  endfacet
  facet normal 0 0 1
    outer loop
      vertex -84.3613 29.8276 3.3
      vertex -94.4 32.3372 3.3
      vertex -84.4485 29.7485 3.3
    endloop
  endfacet
  facet normal 0 0 1
    outer loop
      vertex -84.4485 29.7485 3.3
      vertex -94.4 32.3372 3.3
      vertex -84.5276 29.6613 3.3
    endloop
  endfacet
  facet normal 0 0 1
    outer loop
      vertex -84.5276 29.6613 3.3
      vertex -94.4 32.3372 3.3
      vertex -84.5977 29.5667 3.3
    endloop
  endfacet
  facet normal 0 0 1
    outer loop
      vertex -84.5977 29.5667 3.3
      vertex -94.4 32.3372 3.3
      vertex -84.6583 29.4657 3.3
    endloop
  endfacet
  facet normal 0 0 1
    outer loop
      vertex -84.6583 29.4657 3.3
      vertex -94.4 32.3372 3.3
      vertex -84.7086 29.3592 3.3
    endloop
  endfacet
  facet normal 0 0 1
    outer loop
      vertex -84.7086 29.3592 3.3
      vertex -94.4 32.3372 3.3
      vertex -84.7483 29.2483 3.3
    endloop
  endfacet
  facet normal 0 0 1
    outer loop
      vertex -94.4 32.3372 3.3
      vertex -84.8 6.29999 3.3
      vertex -84.8 28.9 3.3
    endloop
  endfacet
  facet normal 0 0 1
    outer loop
      vertex -84.8 6.29999 3.3
      vertex -85.4021 -39.4178 3.3
      vertex -85.0393 -39.4 3.3
    endloop
  endfacet
  facet normal 0 0 1
    outer loop
      vertex -84.8 6.29999 3.3
      vertex -85.8003 -39.4769 3.3
      vertex -85.4021 -39.4178 3.3
    endloop
  endfacet
  facet normal 0 0 1
    outer loop
      vertex -84.8 6.29999 3.3
      vertex -86.1908 -39.5747 3.3
      vertex -85.8003 -39.4769 3.3
    endloop
  endfacet
  facet normal 0 0 1
    outer loop
      vertex -84.8 6.29999 3.3
      vertex -86.5697 -39.7103 3.3
      vertex -86.1908 -39.5747 3.3
    endloop
  endfacet
  facet normal 0 0 1
    outer loop
      vertex -94.4 -43.9609 3.3
      vertex -84.8 6.29999 3.3
      vertex -94.4 32.3372 3.3
    endloop
  endfacet
  facet normal 0 0 1
    outer loop
      vertex -84.8 6.29999 3.3
      vertex -86.9336 -39.8824 3.3
      vertex -86.5697 -39.7103 3.3
    endloop
  endfacet
  facet normal 0 0 1
    outer loop
      vertex -84.8 6.29999 3.3
      vertex -87.2789 -40.0894 3.3
      vertex -86.9336 -39.8824 3.3
    endloop
  endfacet
  facet normal 0 0 1
    outer loop
      vertex -84.8 6.29999 3.3
      vertex -94.4 -43.9609 3.3
      vertex -87.2789 -40.0894 3.3
    endloop
  endfacet
  facet normal 0 0 1
    outer loop
      vertex -87.2789 -40.0894 3.3
      vertex -94.4 -43.9609 3.3
      vertex -87.6023 -40.3292 3.3
    endloop
  endfacet
  facet normal 0 0 1
    outer loop
      vertex -87.6023 -40.3292 3.3
      vertex -94.4 -43.9609 3.3
      vertex -87.9005 -40.5995 3.3
    endloop
  endfacet
  facet normal 0 0 1
    outer loop
      vertex -94.4 32.3372 3.3
      vertex -84.8 28.9 3.3
      vertex -84.7942 29.0176 3.3
    endloop
  endfacet
  facet normal 0 0 1
    outer loop
      vertex -87.9005 -40.5995 3.3
      vertex -94.4 -43.9609 3.3
      vertex -88.1708 -40.8977 3.3
    endloop
  endfacet
  facet normal 0 0 1
    outer loop
      vertex -88.1708 -40.8977 3.3
      vertex -94.4 -43.9609 3.3
      vertex -88.4106 -41.2211 3.3
    endloop
  endfacet
  facet normal 0 0 1
    outer loop
      vertex -88.4106 -41.2211 3.3
      vertex -94.4 -43.9609 3.3
      vertex -88.6176 -41.5664 3.3
    endloop
  endfacet
  facet normal 0 0 1
    outer loop
      vertex -88.6176 -41.5664 3.3
      vertex -94.4 -43.9609 3.3
      vertex -88.7897 -41.9303 3.3
    endloop
  endfacet
  facet normal 0 0 1
    outer loop
      vertex -88.9253 -42.3092 3.3
      vertex -94.4 -43.9609 3.3
      vertex -89.0231 -42.6997 3.3
    endloop
  endfacet
  facet normal 0 0 1
    outer loop
      vertex -89.1 -43.4607 3.3
      vertex -92.9609 -45.4 3.3
      vertex -89.1 -45.4 3.3
    endloop
  endfacet
  facet normal 0 0 1
    outer loop
      vertex -89.0822 -43.0979 3.3
      vertex -92.9609 -45.4 3.3
      vertex -89.1 -43.4607 3.3
    endloop
  endfacet
  facet normal 0 0 1
    outer loop
      vertex -89.0231 -42.6997 3.3
      vertex -94.4 -43.9609 3.3
      vertex -89.0822 -43.0979 3.3
    endloop
  endfacet
  facet normal 0 0 1
    outer loop
      vertex -89.0822 -43.0979 3.3
      vertex -94.4 -43.9609 3.3
      vertex -92.9609 -45.4 3.3
    endloop
  endfacet
  facet normal 0 0 1
    outer loop
      vertex -92.9609 -45.4 3.3
      vertex -94.4 -43.9609 3.3
      vertex -93.1369 -45.3913 3.3
    endloop
  endfacet
  facet normal 0 0 1
    outer loop
      vertex -93.1369 -45.3913 3.3
      vertex -94.4 -43.9609 3.3
      vertex -93.2728 -45.3712 3.3
    endloop
  endfacet
  facet normal 0 0 1
    outer loop
      vertex -93.2728 -45.3712 3.3
      vertex -94.4 -43.9609 3.3
      vertex -93.4059 -45.3379 3.3
    endloop
  endfacet
  facet normal 0 0 1
    outer loop
      vertex -93.4059 -45.3379 3.3
      vertex -94.4 -43.9609 3.3
      vertex -93.535 -45.2917 3.3
    endloop
  endfacet
  facet normal 0 0 1
    outer loop
      vertex -93.535 -45.2917 3.3
      vertex -94.4 -43.9609 3.3
      vertex -93.659 -45.233 3.3
    endloop
  endfacet
  facet normal 0 0 1
    outer loop
      vertex -93.659 -45.233 3.3
      vertex -94.4 -43.9609 3.3
      vertex -93.7767 -45.1625 3.3
    endloop
  endfacet
  facet normal 0 0 1
    outer loop
      vertex -93.7767 -45.1625 3.3
      vertex -94.4 -43.9609 3.3
      vertex -93.8869 -45.0807 3.3
    endloop
  endfacet
  facet normal 0 0 1
    outer loop
      vertex -93.8869 -45.0807 3.3
      vertex -94.4 -43.9609 3.3
      vertex -93.9886 -44.9886 3.3
    endloop
  endfacet
  facet normal 0 0 1
    outer loop
      vertex -93.9886 -44.9886 3.3
      vertex -94.4 -43.9609 3.3
      vertex -94.0807 -44.8869 3.3
    endloop
  endfacet
  facet normal 0 0 1
    outer loop
      vertex -94.0807 -44.8869 3.3
      vertex -94.4 -43.9609 3.3
      vertex -94.1625 -44.7767 3.3
    endloop
  endfacet
  facet normal 0 0 1
    outer loop
      vertex -94.1625 -44.7767 3.3
      vertex -94.4 -43.9609 3.3
      vertex -94.233 -44.659 3.3
    endloop
  endfacet
  facet normal 0 0 1
    outer loop
      vertex -94.233 -44.659 3.3
      vertex -94.4 -43.9609 3.3
      vertex -94.2917 -44.535 3.3
    endloop
  endfacet
  facet normal 0 0 1
    outer loop
      vertex -94.2917 -44.535 3.3
      vertex -94.4 -43.9609 3.3
      vertex -94.3379 -44.4059 3.3
    endloop
  endfacet
  facet normal 0 0 1
    outer loop
      vertex -94.3379 -44.4059 3.3
      vertex -94.4 -43.9609 3.3
      vertex -94.3712 -44.2728 3.3
    endloop
  endfacet
  facet normal 0 0 1
    outer loop
      vertex -84.7483 29.2483 3.3
      vertex -94.4 32.3372 3.3
      vertex -84.7769 29.1341 3.3
    endloop
  endfacet
  facet normal 0 0 1
    outer loop
      vertex -94.4 32.3372 3.3
      vertex -84.7942 29.0176 3.3
      vertex -84.7769 29.1341 3.3
    endloop
  endfacet
  facet normal 0 0 1
    outer loop
      vertex -88.7897 -41.9303 3.3
      vertex -94.4 -43.9609 3.3
      vertex -88.9253 -42.3092 3.3
    endloop
  endfacet
  facet normal 0 0 1
    outer loop
      vertex -94.3712 -44.2728 3.3
      vertex -94.4 -43.9609 3.3
      vertex -94.3913 -44.1369 3.3
    endloop
  endfacet
  facet normal 0 0 1
    outer loop
      vertex -9.03911 -45.4 3.3
      vertex -14.9 -44.4607 3.3
      vertex -14.9 -45.4 3.3
    endloop
  endfacet
  facet normal 0 0 1
    outer loop
      vertex -7.60001 43.9609 3.3
      vertex -17.2 6.29999 3.3
      vertex -17.2058 6.18237 3.3
    endloop
  endfacet
  facet normal 0 0 1
    outer loop
      vertex -8.465 -45.2917 3.3
      vertex -9.03911 -45.4 3.3
      vertex -8.5941 -45.3379 3.3
    endloop
  endfacet
  facet normal 0 0 1
    outer loop
      vertex -8.72716 -45.3712 3.3
      vertex -9.03911 -45.4 3.3
      vertex -8.86307 -45.3913 3.3
    endloop
  endfacet
  facet normal 0 0 1
    outer loop
      vertex -8.5941 -45.3379 3.3
      vertex -9.03911 -45.4 3.3
      vertex -8.72716 -45.3712 3.3
    endloop
  endfacet
  facet normal 0 0 1
    outer loop
      vertex -8.34099 -45.233 3.3
      vertex -9.03911 -45.4 3.3
      vertex -8.465 -45.2917 3.3
    endloop
  endfacet
  facet normal -0 -0 1
    outer loop
      vertex -15.2053 -43.2735 3.3
      vertex -7.60001 -43.9609 3.3
      vertex -15.3366 -43.0545 3.3
    endloop
  endfacet
  facet normal 0 0 1
    outer loop
      vertex -16.2735 -42.2053 3.3
      vertex -25.1 -28.9 3.3
      vertex -16.5043 -42.0961 3.3
    endloop
  endfacet
  facet normal -0 0 1
    outer loop
      vertex -25.1058 -29.0176 3.3
      vertex -16.5043 -42.0961 3.3
      vertex -25.1 -28.9 3.3
    endloop
  endfacet
  facet normal 0 0 1
    outer loop
      vertex -16.5043 -42.0961 3.3
      vertex -25.1058 -29.0176 3.3
      vertex -16.7447 -42.0101 3.3
    endloop
  endfacet
  facet normal 0 0 1
    outer loop
      vertex -7.91925 -44.8869 3.3
      vertex -9.03911 -45.4 3.3
      vertex -8.01141 -44.9886 3.3
    endloop
  endfacet
  facet normal 0 0 1
    outer loop
      vertex -25.1 -15.1 3.3
      vertex -17.4724 5.53871 3.3
      vertex -17.5515 5.45146 3.3
    endloop
  endfacet
  facet normal 0 0 1
    outer loop
      vertex -25.1 -15.1 3.3
      vertex -17.5515 5.45146 3.3
      vertex -17.6387 5.37238 3.3
    endloop
  endfacet
  facet normal 0 0 1
    outer loop
      vertex -25.1 -15.1 3.3
      vertex -17.6387 5.37238 3.3
      vertex -17.7333 5.30223 3.3
    endloop
  endfacet
  facet normal 0 0 1
    outer loop
      vertex -25.1 -5.3 3.3
      vertex -17.7333 5.30223 3.3
      vertex -17.8343 5.24168 3.3
    endloop
  endfacet
  facet normal 0 0 1
    outer loop
      vertex -25.1 -5.3 3.3
      vertex -17.8343 5.24168 3.3
      vertex -17.9408 5.19133 3.3
    endloop
  endfacet
  facet normal 0 0 1
    outer loop
      vertex -25.1 -5.3 3.3
      vertex -17.9408 5.19133 3.3
      vertex -18.0517 5.15166 3.3
    endloop
  endfacet
  facet normal 0 0 1
    outer loop
      vertex -25.1058 -5.18239 3.3
      vertex -18.0517 5.15166 3.3
      vertex -18.1659 5.12305 3.3
    endloop
  endfacet
  facet normal 0 0 1
    outer loop
      vertex -25.1231 -5.06589 3.3
      vertex -18.1659 5.12305 3.3
      vertex -18.2824 5.10576 3.3
    endloop
  endfacet
  facet normal 0 0 1
    outer loop
      vertex -25.1517 -4.95166 3.3
      vertex -18.2824 5.10576 3.3
      vertex -18.4 5.09999 3.3
    endloop
  endfacet
  facet normal -0 0 1
    outer loop
      vertex -25.1231 -29.1341 3.3
      vertex -16.7447 -42.0101 3.3
      vertex -25.1058 -29.0176 3.3
    endloop
  endfacet
  facet normal 0 0 1
    outer loop
      vertex -16.7447 -42.0101 3.3
      vertex -25.1231 -29.1341 3.3
      vertex -16.9924 -41.948 3.3
    endloop
  endfacet
  facet normal -0 0 1
    outer loop
      vertex -25.1517 -29.2483 3.3
      vertex -16.9924 -41.948 3.3
      vertex -25.1231 -29.1341 3.3
    endloop
  endfacet
  facet normal 0 0 1
    outer loop
      vertex -16.9924 -41.948 3.3
      vertex -25.1517 -29.2483 3.3
      vertex -17.245 -41.9106 3.3
    endloop
  endfacet
  facet normal -0 0 1
    outer loop
      vertex -25.1914 -29.3592 3.3
      vertex -17.245 -41.9106 3.3
      vertex -25.1517 -29.2483 3.3
    endloop
  endfacet
  facet normal 0 0 1
    outer loop
      vertex -17.245 -41.9106 3.3
      vertex -25.1914 -29.3592 3.3
      vertex -17.4607 -41.9 3.3
    endloop
  endfacet
  facet normal -0 0 1
    outer loop
      vertex -25.2417 -29.4657 3.3
      vertex -17.4607 -41.9 3.3
      vertex -25.1914 -29.3592 3.3
    endloop
  endfacet
  facet normal -0 0 1
    outer loop
      vertex -25.3023 -29.5667 3.3
      vertex -17.4607 -41.9 3.3
      vertex -25.2417 -29.4657 3.3
    endloop
  endfacet
  facet normal 0 0 1
    outer loop
      vertex -17.4607 -41.9 3.3
      vertex -25.3023 -29.5667 3.3
      vertex -20.5393 -41.9 3.3
    endloop
  endfacet
  facet normal -0 0 1
    outer loop
      vertex -25.3724 -29.6613 3.3
      vertex -20.5393 -41.9 3.3
      vertex -25.3023 -29.5667 3.3
    endloop
  endfacet
  facet normal -0 0 1
    outer loop
      vertex -25.5387 -29.8276 3.3
      vertex -20.5393 -41.9 3.3
      vertex -25.4515 -29.7485 3.3
    endloop
  endfacet
  facet normal 0 0 1
    outer loop
      vertex -20.5393 -41.9 3.3
      vertex -25.5387 -29.8276 3.3
      vertex -20.755 -41.9106 3.3
    endloop
  endfacet
  facet normal -0 0 1
    outer loop
      vertex -25.6333 -29.8977 3.3
      vertex -20.755 -41.9106 3.3
      vertex -25.5387 -29.8276 3.3
    endloop
  endfacet
  facet normal 0 0 1
    outer loop
      vertex -20.755 -41.9106 3.3
      vertex -25.6333 -29.8977 3.3
      vertex -21.0076 -41.948 3.3
    endloop
  endfacet
  facet normal -0 0 1
    outer loop
      vertex -25.7343 -29.9583 3.3
      vertex -21.0076 -41.948 3.3
      vertex -25.6333 -29.8977 3.3
    endloop
  endfacet
  facet normal 0 0 1
    outer loop
      vertex -21.0076 -41.948 3.3
      vertex -25.7343 -29.9583 3.3
      vertex -21.2553 -42.0101 3.3
    endloop
  endfacet
  facet normal -0 0 1
    outer loop
      vertex -25.4515 -29.7485 3.3
      vertex -20.5393 -41.9 3.3
      vertex -25.3724 -29.6613 3.3
    endloop
  endfacet
  facet normal 0 0 1
    outer loop
      vertex -8.01141 -44.9886 3.3
      vertex -9.03911 -45.4 3.3
      vertex -8.1131 -45.0807 3.3
    endloop
  endfacet
  facet normal 0 0 1
    outer loop
      vertex -17.7333 5.30223 3.3
      vertex -25.1 -5.3 3.3
      vertex -25.1 -15.1 3.3
    endloop
  endfacet
  facet normal 0 0 1
    outer loop
      vertex -18.0517 5.15166 3.3
      vertex -25.1058 -5.18239 3.3
      vertex -25.1 -5.3 3.3
    endloop
  endfacet
  facet normal 0 0 1
    outer loop
      vertex -18.1659 5.12305 3.3
      vertex -25.1231 -5.06589 3.3
      vertex -25.1058 -5.18239 3.3
    endloop
  endfacet
  facet normal 0 0 1
    outer loop
      vertex -18.2824 5.10576 3.3
      vertex -25.1517 -4.95166 3.3
      vertex -25.1231 -5.06589 3.3
    endloop
  endfacet
  facet normal 0 0 1
    outer loop
      vertex -18.4 5.09999 3.3
      vertex -25.1914 -4.84079 3.3
      vertex -25.1517 -4.95166 3.3
    endloop
  endfacet
  facet normal 0 0 1
    outer loop
      vertex -18.4 5.09999 3.3
      vertex -25.2417 -4.73433 3.3
      vertex -25.1914 -4.84079 3.3
    endloop
  endfacet
  facet normal 0 0 1
    outer loop
      vertex -18.4 5.09999 3.3
      vertex -25.3023 -4.63332 3.3
      vertex -25.2417 -4.73433 3.3
    endloop
  endfacet
  facet normal 0 0 1
    outer loop
      vertex -18.4 5.09999 3.3
      vertex -25.3724 -4.53873 3.3
      vertex -25.3023 -4.63332 3.3
    endloop
  endfacet
  facet normal 0 0 1
    outer loop
      vertex -18.4 5.09999 3.3
      vertex -25.4515 -4.45148 3.3
      vertex -25.3724 -4.53873 3.3
    endloop
  endfacet
  facet normal 0 0 1
    outer loop
      vertex -18.4 5.09999 3.3
      vertex -25.5387 -4.37239 3.3
      vertex -25.4515 -4.45148 3.3
    endloop
  endfacet
  facet normal 0 0 1
    outer loop
      vertex -18.4 5.09999 3.3
      vertex -25.6333 -4.30225 3.3
      vertex -25.5387 -4.37239 3.3
    endloop
  endfacet
  facet normal 0 0 1
    outer loop
      vertex -18.4 5.09999 3.3
      vertex -25.7343 -4.2417 3.3
      vertex -25.6333 -4.30225 3.3
    endloop
  endfacet
  facet normal 0 0 1
    outer loop
      vertex -18.4 5.09999 3.3
      vertex -25.8408 -4.19135 3.3
      vertex -25.7343 -4.2417 3.3
    endloop
  endfacet
  facet normal 0 0 1
    outer loop
      vertex -18.4 5.09999 3.3
      vertex -25.9517 -4.15167 3.3
      vertex -25.8408 -4.19135 3.3
    endloop
  endfacet
  facet normal 0 0 1
    outer loop
      vertex -18.4 5.09999 3.3
      vertex -26.0659 -4.12306 3.3
      vertex -25.9517 -4.15167 3.3
    endloop
  endfacet
  facet normal 0 0 1
    outer loop
      vertex -18.4 5.09999 3.3
      vertex -26.1824 -4.10577 3.3
      vertex -26.0659 -4.12306 3.3
    endloop
  endfacet
  facet normal 0 0 1
    outer loop
      vertex -18.4 5.09999 3.3
      vertex -26.3 -4.10001 3.3
      vertex -26.1824 -4.10577 3.3
    endloop
  endfacet
  facet normal 0 0 1
    outer loop
      vertex -18.4 5.09999 3.3
      vertex -40.1 -4.10001 3.3
      vertex -26.3 -4.10001 3.3
    endloop
  endfacet
  facet normal -0 0 1
    outer loop
      vertex -49 5.09999 3.3
      vertex -40.1 -4.10001 3.3
      vertex -18.4 5.09999 3.3
    endloop
  endfacet
  facet normal 0 0 1
    outer loop
      vertex -40.1 -4.10001 3.3
      vertex -49 5.09999 3.3
      vertex -40.2176 -4.10577 3.3
    endloop
  endfacet
  facet normal 0 0 1
    outer loop
      vertex -40.2176 -4.10577 3.3
      vertex -49 5.09999 3.3
      vertex -40.3341 -4.12306 3.3
    endloop
  endfacet
  facet normal 0 0 1
    outer loop
      vertex -40.3341 -4.12306 3.3
      vertex -49 5.09999 3.3
      vertex -40.4483 -4.15167 3.3
    endloop
  endfacet
  facet normal 0 0 1
    outer loop
      vertex -42.9 -15.1 3.3
      vertex -41.3 -15.1 3.3
      vertex -41.3 -5.3 3.3
    endloop
  endfacet
  facet normal 0 0 1
    outer loop
      vertex -41.2769 -18.8659 3.3
      vertex -42.9 -19.1 3.3
      vertex -41.2942 -18.9824 3.3
    endloop
  endfacet
  facet normal 0 0 1
    outer loop
      vertex -42.9 -15.1 3.3
      vertex -41.3 -5.3 3.3
      vertex -42.9 -5.3 3.3
    endloop
  endfacet
  facet normal 0 0 1
    outer loop
      vertex -41.2942 -5.18239 3.3
      vertex -42.9 -5.3 3.3
      vertex -41.3 -5.3 3.3
    endloop
  endfacet
  facet normal 0 0 1
    outer loop
      vertex -42.9058 -5.18239 3.3
      vertex -41.2942 -5.18239 3.3
      vertex -41.2769 -5.06589 3.3
    endloop
  endfacet
  facet normal 0 0 1
    outer loop
      vertex -42.9231 -5.06589 3.3
      vertex -41.2769 -5.06589 3.3
      vertex -41.2483 -4.95166 3.3
    endloop
  endfacet
  facet normal 0 0 1
    outer loop
      vertex -42.9517 -4.95166 3.3
      vertex -41.2483 -4.95166 3.3
      vertex -41.2087 -4.84079 3.3
    endloop
  endfacet
  facet normal 0 0 1
    outer loop
      vertex -42.9913 -4.84079 3.3
      vertex -41.2087 -4.84079 3.3
      vertex -41.1583 -4.73433 3.3
    endloop
  endfacet
  facet normal 0 0 1
    outer loop
      vertex -43.0417 -4.73433 3.3
      vertex -41.1583 -4.73433 3.3
      vertex -41.0978 -4.63332 3.3
    endloop
  endfacet
  facet normal 0 0 1
    outer loop
      vertex -43.1022 -4.63332 3.3
      vertex -41.0978 -4.63332 3.3
      vertex -41.0276 -4.53873 3.3
    endloop
  endfacet
  facet normal 0 0 1
    outer loop
      vertex -43.1724 -4.53873 3.3
      vertex -41.0276 -4.53873 3.3
      vertex -40.9485 -4.45148 3.3
    endloop
  endfacet
  facet normal 0 0 1
    outer loop
      vertex -43.2515 -4.45148 3.3
      vertex -40.9485 -4.45148 3.3
      vertex -40.8613 -4.37239 3.3
    endloop
  endfacet
  facet normal 0 0 1
    outer loop
      vertex -43.3387 -4.37239 3.3
      vertex -40.8613 -4.37239 3.3
      vertex -40.7667 -4.30225 3.3
    endloop
  endfacet
  facet normal 0 0 1
    outer loop
      vertex -43.4333 -4.30225 3.3
      vertex -40.7667 -4.30225 3.3
      vertex -40.6657 -4.2417 3.3
    endloop
  endfacet
  facet normal 0 0 1
    outer loop
      vertex -41.2942 -5.18239 3.3
      vertex -42.9058 -5.18239 3.3
      vertex -42.9 -5.3 3.3
    endloop
  endfacet
  facet normal 0 0 1
    outer loop
      vertex -43.5343 -4.2417 3.3
      vertex -40.6657 -4.2417 3.3
      vertex -40.5592 -4.19135 3.3
    endloop
  endfacet
  facet normal 0 0 1
    outer loop
      vertex -41.2769 -5.06589 3.3
      vertex -42.9231 -5.06589 3.3
      vertex -42.9058 -5.18239 3.3
    endloop
  endfacet
  facet normal 0 -0 1
    outer loop
      vertex -43.7517 -4.15167 3.3
      vertex -40.4483 -4.15167 3.3
      vertex -49 5.09999 3.3
    endloop
  endfacet
  facet normal 0 0 1
    outer loop
      vertex -41.2483 -4.95166 3.3
      vertex -42.9517 -4.95166 3.3
      vertex -42.9231 -5.06589 3.3
    endloop
  endfacet
  facet normal 0 0 1
    outer loop
      vertex -41.2087 -4.84079 3.3
      vertex -42.9913 -4.84079 3.3
      vertex -42.9517 -4.95166 3.3
    endloop
  endfacet
  facet normal 0 0 1
    outer loop
      vertex -41.1583 -4.73433 3.3
      vertex -43.0417 -4.73433 3.3
      vertex -42.9913 -4.84079 3.3
    endloop
  endfacet
  facet normal 0 0 1
    outer loop
      vertex -41.0978 -4.63332 3.3
      vertex -43.1022 -4.63332 3.3
      vertex -43.0417 -4.73433 3.3
    endloop
  endfacet
  facet normal 0 0 1
    outer loop
      vertex -41.0276 -4.53873 3.3
      vertex -43.1724 -4.53873 3.3
      vertex -43.1022 -4.63332 3.3
    endloop
  endfacet
  facet normal 0 0 1
    outer loop
      vertex -40.9485 -4.45148 3.3
      vertex -43.2515 -4.45148 3.3
      vertex -43.1724 -4.53873 3.3
    endloop
  endfacet
  facet normal 0 0 1
    outer loop
      vertex -40.8613 -4.37239 3.3
      vertex -43.3387 -4.37239 3.3
      vertex -43.2515 -4.45148 3.3
    endloop
  endfacet
  facet normal 0 0 1
    outer loop
      vertex -40.4483 -4.15167 3.3
      vertex -43.7517 -4.15167 3.3
      vertex -40.5592 -4.19135 3.3
    endloop
  endfacet
  facet normal 0 0 1
    outer loop
      vertex -40.7667 -4.30225 3.3
      vertex -43.4333 -4.30225 3.3
      vertex -43.3387 -4.37239 3.3
    endloop
  endfacet
  facet normal 0 0 1
    outer loop
      vertex -40.6657 -4.2417 3.3
      vertex -43.5343 -4.2417 3.3
      vertex -43.4333 -4.30225 3.3
    endloop
  endfacet
  facet normal 0 0 1
    outer loop
      vertex -40.5592 -4.19135 3.3
      vertex -43.6408 -4.19135 3.3
      vertex -43.5343 -4.2417 3.3
    endloop
  endfacet
  facet normal 0 0 1
    outer loop
      vertex -40.5592 -4.19135 3.3
      vertex -43.7517 -4.15167 3.3
      vertex -43.6408 -4.19135 3.3
    endloop
  endfacet
  facet normal 0 0 1
    outer loop
      vertex -43.7517 -4.15167 3.3
      vertex -49 5.09999 3.3
      vertex -43.8659 -4.12306 3.3
    endloop
  endfacet
  facet normal 0 0 1
    outer loop
      vertex -43.8659 -4.12306 3.3
      vertex -49 5.09999 3.3
      vertex -43.9824 -4.10577 3.3
    endloop
  endfacet
  facet normal 0 0 1
    outer loop
      vertex -43.9824 -4.10577 3.3
      vertex -49 5.09999 3.3
      vertex -44.1 -4.10001 3.3
    endloop
  endfacet
  facet normal 0 0 1
    outer loop
      vertex -49.1176 5.10576 3.3
      vertex -44.1 -4.10001 3.3
      vertex -49 5.09999 3.3
    endloop
  endfacet
  facet normal 0 0 1
    outer loop
      vertex -49.2341 5.12305 3.3
      vertex -44.1 -4.10001 3.3
      vertex -49.1176 5.10576 3.3
    endloop
  endfacet
  facet normal 0 0 1
    outer loop
      vertex -49.3484 5.15166 3.3
      vertex -44.1 -4.10001 3.3
      vertex -49.2341 5.12305 3.3
    endloop
  endfacet
  facet normal 0 0 1
    outer loop
      vertex -52.6516 5.15166 3.3
      vertex -49.3484 5.15166 3.3
      vertex -49.4592 5.19133 3.3
    endloop
  endfacet
  facet normal 0 0 1
    outer loop
      vertex -52.5408 5.19133 3.3
      vertex -49.4592 5.19133 3.3
      vertex -49.5657 5.24168 3.3
    endloop
  endfacet
  facet normal 0 0 1
    outer loop
      vertex -52.4343 5.24168 3.3
      vertex -49.5657 5.24168 3.3
      vertex -49.6667 5.30223 3.3
    endloop
  endfacet
  facet normal 0 0 1
    outer loop
      vertex -52.3333 5.30223 3.3
      vertex -49.6667 5.30223 3.3
      vertex -49.7613 5.37238 3.3
    endloop
  endfacet
  facet normal 0 0 1
    outer loop
      vertex -52.2387 5.37238 3.3
      vertex -49.7613 5.37238 3.3
      vertex -49.8485 5.45146 3.3
    endloop
  endfacet
  facet normal 0 0 1
    outer loop
      vertex -52.1515 5.45146 3.3
      vertex -49.8485 5.45146 3.3
      vertex -49.9276 5.53871 3.3
    endloop
  endfacet
  facet normal 0 0 1
    outer loop
      vertex -52.0724 5.53871 3.3
      vertex -49.9276 5.53871 3.3
      vertex -49.9978 5.6333 3.3
    endloop
  endfacet
  facet normal 0 0 1
    outer loop
      vertex -51.8 6.29999 3.3
      vertex -50.2 6.29999 3.3
      vertex -51.8 28.9 3.3
    endloop
  endfacet
  facet normal 0 0 1
    outer loop
      vertex -50.2 6.29999 3.3
      vertex -51.8 6.29999 3.3
      vertex -50.1942 6.18237 3.3
    endloop
  endfacet
  facet normal 0 0 1
    outer loop
      vertex -51.8058 6.18237 3.3
      vertex -50.1942 6.18237 3.3
      vertex -51.8 6.29999 3.3
    endloop
  endfacet
  facet normal 0 0 1
    outer loop
      vertex -50.1942 6.18237 3.3
      vertex -51.8058 6.18237 3.3
      vertex -50.177 6.06587 3.3
    endloop
  endfacet
  facet normal 0 0 1
    outer loop
      vertex -51.823 6.06587 3.3
      vertex -50.177 6.06587 3.3
      vertex -51.8058 6.18237 3.3
    endloop
  endfacet
  facet normal 0 0 1
    outer loop
      vertex -50.177 6.06587 3.3
      vertex -51.823 6.06587 3.3
      vertex -50.1483 5.95164 3.3
    endloop
  endfacet
  facet normal 0 0 1
    outer loop
      vertex -51.8517 5.95164 3.3
      vertex -50.1483 5.95164 3.3
      vertex -51.823 6.06587 3.3
    endloop
  endfacet
  facet normal 0 0 1
    outer loop
      vertex -50.1483 5.95164 3.3
      vertex -51.8517 5.95164 3.3
      vertex -50.1087 5.84077 3.3
    endloop
  endfacet
  facet normal 0 0 1
    outer loop
      vertex -51.8913 5.84077 3.3
      vertex -50.1087 5.84077 3.3
      vertex -51.8517 5.95164 3.3
    endloop
  endfacet
  facet normal 0 0 1
    outer loop
      vertex -50.1087 5.84077 3.3
      vertex -51.8913 5.84077 3.3
      vertex -50.0583 5.73431 3.3
    endloop
  endfacet
  facet normal 0 0 1
    outer loop
      vertex -51.9417 5.73431 3.3
      vertex -50.0583 5.73431 3.3
      vertex -51.8913 5.84077 3.3
    endloop
  endfacet
  facet normal 0 0 1
    outer loop
      vertex -50.0583 5.73431 3.3
      vertex -51.9417 5.73431 3.3
      vertex -49.9978 5.6333 3.3
    endloop
  endfacet
  facet normal 0 0 1
    outer loop
      vertex -52.0022 5.6333 3.3
      vertex -49.9978 5.6333 3.3
      vertex -51.9417 5.73431 3.3
    endloop
  endfacet
  facet normal 0 0 1
    outer loop
      vertex -52.0724 5.53871 3.3
      vertex -49.9978 5.6333 3.3
      vertex -52.0022 5.6333 3.3
    endloop
  endfacet
  facet normal 0 0 1
    outer loop
      vertex -49.9276 5.53871 3.3
      vertex -52.0724 5.53871 3.3
      vertex -52.1515 5.45146 3.3
    endloop
  endfacet
  facet normal 0 0 1
    outer loop
      vertex -49.8485 5.45146 3.3
      vertex -52.1515 5.45146 3.3
      vertex -52.2387 5.37238 3.3
    endloop
  endfacet
  facet normal 0 0 1
    outer loop
      vertex -49.7613 5.37238 3.3
      vertex -52.2387 5.37238 3.3
      vertex -52.3333 5.30223 3.3
    endloop
  endfacet
  facet normal 0 0 1
    outer loop
      vertex -49.6667 5.30223 3.3
      vertex -52.3333 5.30223 3.3
      vertex -52.4343 5.24168 3.3
    endloop
  endfacet
  facet normal 0 0 1
    outer loop
      vertex -49.5657 5.24168 3.3
      vertex -52.4343 5.24168 3.3
      vertex -52.5408 5.19133 3.3
    endloop
  endfacet
  facet normal 0 0 1
    outer loop
      vertex -49.4592 5.19133 3.3
      vertex -52.5408 5.19133 3.3
      vertex -52.6516 5.15166 3.3
    endloop
  endfacet
  facet normal 0 0 1
    outer loop
      vertex -49.3484 5.15166 3.3
      vertex -52.6516 5.15166 3.3
      vertex -44.1 -4.10001 3.3
    endloop
  endfacet
  facet normal -0 0 1
    outer loop
      vertex -52.7659 5.12305 3.3
      vertex -44.1 -4.10001 3.3
      vertex -52.6516 5.15166 3.3
    endloop
  endfacet
  facet normal 0 0 1
    outer loop
      vertex -57.9 -4.10001 3.3
      vertex -52.7659 5.12305 3.3
      vertex -52.8824 5.10576 3.3
    endloop
  endfacet
  facet normal 0 0 1
    outer loop
      vertex -57.9 -4.10001 3.3
      vertex -52.8824 5.10576 3.3
      vertex -53 5.09999 3.3
    endloop
  endfacet
  facet normal 0 0 1
    outer loop
      vertex -52.7659 5.12305 3.3
      vertex -57.9 -4.10001 3.3
      vertex -44.1 -4.10001 3.3
    endloop
  endfacet
  facet normal 0 0 1
    outer loop
      vertex -53 5.09999 3.3
      vertex -58.0176 -4.10577 3.3
      vertex -57.9 -4.10001 3.3
    endloop
  endfacet
  facet normal 0 0 1
    outer loop
      vertex -53 5.09999 3.3
      vertex -58.1341 -4.12306 3.3
      vertex -58.0176 -4.10577 3.3
    endloop
  endfacet
  facet normal 0 0 1
    outer loop
      vertex -53 5.09999 3.3
      vertex -58.2483 -4.15167 3.3
      vertex -58.1341 -4.12306 3.3
    endloop
  endfacet
  facet normal 0 0 1
    outer loop
      vertex -61.5517 -4.15167 3.3
      vertex -58.2483 -4.15167 3.3
      vertex -53 5.09999 3.3
    endloop
  endfacet
  facet normal 0 0 1
    outer loop
      vertex -58.2483 -4.15167 3.3
      vertex -61.5517 -4.15167 3.3
      vertex -58.3592 -4.19135 3.3
    endloop
  endfacet
  facet normal 0 -0 1
    outer loop
      vertex -61.4408 -4.19135 3.3
      vertex -58.3592 -4.19135 3.3
      vertex -61.5517 -4.15167 3.3
    endloop
  endfacet
  facet normal 0 0 1
    outer loop
      vertex -58.3592 -4.19135 3.3
      vertex -61.4408 -4.19135 3.3
      vertex -58.4657 -4.2417 3.3
    endloop
  endfacet
  facet normal 0 -0 1
    outer loop
      vertex -61.3343 -4.2417 3.3
      vertex -58.4657 -4.2417 3.3
      vertex -61.4408 -4.19135 3.3
    endloop
  endfacet
  facet normal 0 0 1
    outer loop
      vertex -58.4657 -4.2417 3.3
      vertex -61.3343 -4.2417 3.3
      vertex -58.5667 -4.30225 3.3
    endloop
  endfacet
  facet normal 0 0 1
    outer loop
      vertex -58.5667 -4.30225 3.3
      vertex -61.2333 -4.30225 3.3
      vertex -58.6613 -4.37239 3.3
    endloop
  endfacet
  facet normal 0 0 1
    outer loop
      vertex -60.7 -15.1 3.3
      vertex -59.1 -15.1 3.3
      vertex -59.1 -5.3 3.3
    endloop
  endfacet
  facet normal 0 0 1
    outer loop
      vertex -59.0769 -18.8659 3.3
      vertex -60.7 -19.1 3.3
      vertex -59.0942 -18.9824 3.3
    endloop
  endfacet
  facet normal 0 0 1
    outer loop
      vertex -60.7 -15.1 3.3
      vertex -59.1 -5.3 3.3
      vertex -60.7 -5.3 3.3
    endloop
  endfacet
  facet normal 0 0 1
    outer loop
      vertex -59.0942 -5.18239 3.3
      vertex -60.7 -5.3 3.3
      vertex -59.1 -5.3 3.3
    endloop
  endfacet
  facet normal 0 0 1
    outer loop
      vertex -60.7058 -5.18239 3.3
      vertex -59.0942 -5.18239 3.3
      vertex -59.0769 -5.06589 3.3
    endloop
  endfacet
  facet normal 0 0 1
    outer loop
      vertex -60.7231 -5.06589 3.3
      vertex -59.0769 -5.06589 3.3
      vertex -59.0483 -4.95166 3.3
    endloop
  endfacet
  facet normal 0 0 1
    outer loop
      vertex -60.7517 -4.95166 3.3
      vertex -59.0483 -4.95166 3.3
      vertex -59.0086 -4.84079 3.3
    endloop
  endfacet
  facet normal 0 0 1
    outer loop
      vertex -60.7913 -4.84079 3.3
      vertex -59.0086 -4.84079 3.3
      vertex -58.9583 -4.73433 3.3
    endloop
  endfacet
  facet normal 0 0 1
    outer loop
      vertex -60.8417 -4.73433 3.3
      vertex -58.9583 -4.73433 3.3
      vertex -58.8977 -4.63332 3.3
    endloop
  endfacet
  facet normal 0 -0 1
    outer loop
      vertex -61.1387 -4.37239 3.3
      vertex -58.6613 -4.37239 3.3
      vertex -61.2333 -4.30225 3.3
    endloop
  endfacet
  facet normal 0 0 1
    outer loop
      vertex -59.0942 -5.18239 3.3
      vertex -60.7058 -5.18239 3.3
      vertex -60.7 -5.3 3.3
    endloop
  endfacet
  facet normal 0 0 1
    outer loop
      vertex -59.0769 -5.06589 3.3
      vertex -60.7231 -5.06589 3.3
      vertex -60.7058 -5.18239 3.3
    endloop
  endfacet
  facet normal 0 0 1
    outer loop
      vertex -59.0483 -4.95166 3.3
      vertex -60.7517 -4.95166 3.3
      vertex -60.7231 -5.06589 3.3
    endloop
  endfacet
  facet normal 0 0 1
    outer loop
      vertex -59.0086 -4.84079 3.3
      vertex -60.7913 -4.84079 3.3
      vertex -60.7517 -4.95166 3.3
    endloop
  endfacet
  facet normal 0 0 1
    outer loop
      vertex -58.9583 -4.73433 3.3
      vertex -60.8417 -4.73433 3.3
      vertex -60.7913 -4.84079 3.3
    endloop
  endfacet
  facet normal 0 0 1
    outer loop
      vertex -58.8977 -4.63332 3.3
      vertex -60.9022 -4.63332 3.3
      vertex -60.8417 -4.73433 3.3
    endloop
  endfacet
  facet normal 0 0 1
    outer loop
      vertex -58.8977 -4.63332 3.3
      vertex -60.9724 -4.53873 3.3
      vertex -60.9022 -4.63332 3.3
    endloop
  endfacet
  facet normal 0 0 1
    outer loop
      vertex -58.8276 -4.53873 3.3
      vertex -60.9724 -4.53873 3.3
      vertex -58.8977 -4.63332 3.3
    endloop
  endfacet
  facet normal 0 -0 1
    outer loop
      vertex -60.9724 -4.53873 3.3
      vertex -58.8276 -4.53873 3.3
      vertex -61.0515 -4.45148 3.3
    endloop
  endfacet
  facet normal 0 0 1
    outer loop
      vertex -58.7485 -4.45148 3.3
      vertex -61.0515 -4.45148 3.3
      vertex -58.8276 -4.53873 3.3
    endloop
  endfacet
  facet normal 0 -0 1
    outer loop
      vertex -61.0515 -4.45148 3.3
      vertex -58.7485 -4.45148 3.3
      vertex -61.1387 -4.37239 3.3
    endloop
  endfacet
  facet normal 0 0 1
    outer loop
      vertex -58.6613 -4.37239 3.3
      vertex -61.1387 -4.37239 3.3
      vertex -58.7485 -4.45148 3.3
    endloop
  endfacet
  facet normal 0 -0 1
    outer loop
      vertex -61.2333 -4.30225 3.3
      vertex -58.5667 -4.30225 3.3
      vertex -61.3343 -4.2417 3.3
    endloop
  endfacet
  facet normal 0 0 1
    outer loop
      vertex -53 5.09999 3.3
      vertex -61.6659 -4.12306 3.3
      vertex -61.5517 -4.15167 3.3
    endloop
  endfacet
  facet normal 0 0 1
    outer loop
      vertex -53 5.09999 3.3
      vertex -61.7824 -4.10577 3.3
      vertex -61.6659 -4.12306 3.3
    endloop
  endfacet
  facet normal 0 0 1
    outer loop
      vertex -53 5.09999 3.3
      vertex -61.9 -4.10001 3.3
      vertex -61.7824 -4.10577 3.3
    endloop
  endfacet
  facet normal -0 0 1
    outer loop
      vertex -83.6 5.09999 3.3
      vertex -61.9 -4.10001 3.3
      vertex -53 5.09999 3.3
    endloop
  endfacet
  facet normal 0 0 1
    outer loop
      vertex -61.9 -4.10001 3.3
      vertex -83.6 5.09999 3.3
      vertex -75.7 -4.10001 3.3
    endloop
  endfacet
  facet normal 0 0 1
    outer loop
      vertex -75.7 -4.10001 3.3
      vertex -83.6 5.09999 3.3
      vertex -75.8176 -4.10577 3.3
    endloop
  endfacet
  facet normal 0 0 1
    outer loop
      vertex -75.8176 -4.10577 3.3
      vertex -83.6 5.09999 3.3
      vertex -75.9341 -4.12306 3.3
    endloop
  endfacet
  facet normal 0 0 1
    outer loop
      vertex -75.9341 -4.12306 3.3
      vertex -83.6 5.09999 3.3
      vertex -76.0483 -4.15167 3.3
    endloop
  endfacet
  facet normal 0 0 1
    outer loop
      vertex -84.2667 5.30223 3.3
      vertex -76.9 -15.1 3.3
      vertex -76.9 -5.3 3.3
    endloop
  endfacet
  facet normal 0 0 1
    outer loop
      vertex -84.4485 5.45146 3.3
      vertex -76.9 -15.1 3.3
      vertex -84.3613 5.37238 3.3
    endloop
  endfacet
  facet normal 0 0 1
    outer loop
      vertex -76.9 -19.1 3.3
      vertex -85.0393 -39.4 3.3
      vertex -76.9 -28.9 3.3
    endloop
  endfacet
  facet normal 0 0 1
    outer loop
      vertex -76.9 -28.9 3.3
      vertex -76.9178 -43.0979 3.3
      vertex -76.9 -43.4607 3.3
    endloop
  endfacet
  facet normal 0 0 1
    outer loop
      vertex -76.9 -28.9 3.3
      vertex -76.9769 -42.6997 3.3
      vertex -76.9178 -43.0979 3.3
    endloop
  endfacet
  facet normal 0 0 1
    outer loop
      vertex -76.9 -28.9 3.3
      vertex -77.0747 -42.3092 3.3
      vertex -76.9769 -42.6997 3.3
    endloop
  endfacet
  facet normal 0 0 1
    outer loop
      vertex -76.9 -28.9 3.3
      vertex -77.2103 -41.9303 3.3
      vertex -77.0747 -42.3092 3.3
    endloop
  endfacet
  facet normal 0 0 1
    outer loop
      vertex -76.9 -28.9 3.3
      vertex -77.3824 -41.5664 3.3
      vertex -77.2103 -41.9303 3.3
    endloop
  endfacet
  facet normal 0 0 1
    outer loop
      vertex -76.9 -28.9 3.3
      vertex -77.5894 -41.2211 3.3
      vertex -77.3824 -41.5664 3.3
    endloop
  endfacet
  facet normal 0 0 1
    outer loop
      vertex -76.9 -28.9 3.3
      vertex -77.8292 -40.8977 3.3
      vertex -77.5894 -41.2211 3.3
    endloop
  endfacet
  facet normal 0 0 1
    outer loop
      vertex -76.9 -28.9 3.3
      vertex -78.0995 -40.5995 3.3
      vertex -77.8292 -40.8977 3.3
    endloop
  endfacet
  facet normal 0 0 1
    outer loop
      vertex -76.9 -28.9 3.3
      vertex -78.3977 -40.3292 3.3
      vertex -78.0995 -40.5995 3.3
    endloop
  endfacet
  facet normal 0 0 1
    outer loop
      vertex -76.9 -28.9 3.3
      vertex -78.7211 -40.0894 3.3
      vertex -78.3977 -40.3292 3.3
    endloop
  endfacet
  facet normal 0 0 1
    outer loop
      vertex -83.9483 5.15166 3.3
      vertex -76.9 -5.3 3.3
      vertex -76.8942 -5.18239 3.3
    endloop
  endfacet
  facet normal 0 0 1
    outer loop
      vertex -76.9 -28.9 3.3
      vertex -79.0664 -39.8824 3.3
      vertex -78.7211 -40.0894 3.3
    endloop
  endfacet
  facet normal 0 0 1
    outer loop
      vertex -76.9 -28.9 3.3
      vertex -79.4303 -39.7103 3.3
      vertex -79.0664 -39.8824 3.3
    endloop
  endfacet
  facet normal 0 0 1
    outer loop
      vertex -76.9 -28.9 3.3
      vertex -79.8092 -39.5747 3.3
      vertex -79.4303 -39.7103 3.3
    endloop
  endfacet
  facet normal 0 0 1
    outer loop
      vertex -76.9 -28.9 3.3
      vertex -80.1997 -39.4769 3.3
      vertex -79.8092 -39.5747 3.3
    endloop
  endfacet
  facet normal 0 0 1
    outer loop
      vertex -76.9 -28.9 3.3
      vertex -80.5979 -39.4178 3.3
      vertex -80.1997 -39.4769 3.3
    endloop
  endfacet
  facet normal 0 0 1
    outer loop
      vertex -76.9 -28.9 3.3
      vertex -80.9607 -39.4 3.3
      vertex -80.5979 -39.4178 3.3
    endloop
  endfacet
  facet normal 0 0 1
    outer loop
      vertex -76.0483 -4.15167 3.3
      vertex -83.6 5.09999 3.3
      vertex -76.1592 -4.19135 3.3
    endloop
  endfacet
  facet normal 0 0 1
    outer loop
      vertex -83.6 5.09999 3.3
      vertex -76.2657 -4.2417 3.3
      vertex -76.1592 -4.19135 3.3
    endloop
  endfacet
  facet normal 0 0 1
    outer loop
      vertex -83.6 5.09999 3.3
      vertex -76.3667 -4.30225 3.3
      vertex -76.2657 -4.2417 3.3
    endloop
  endfacet
  facet normal 0 0 1
    outer loop
      vertex -83.6 5.09999 3.3
      vertex -76.4613 -4.37239 3.3
      vertex -76.3667 -4.30225 3.3
    endloop
  endfacet
  facet normal 0 0 1
    outer loop
      vertex -83.6 5.09999 3.3
      vertex -76.5485 -4.45148 3.3
      vertex -76.4613 -4.37239 3.3
    endloop
  endfacet
  facet normal 0 0 1
    outer loop
      vertex -83.6 5.09999 3.3
      vertex -76.6276 -4.53873 3.3
      vertex -76.5485 -4.45148 3.3
    endloop
  endfacet
  facet normal 0 0 1
    outer loop
      vertex -83.6 5.09999 3.3
      vertex -76.6977 -4.63332 3.3
      vertex -76.6276 -4.53873 3.3
    endloop
  endfacet
  facet normal 0 0 1
    outer loop
      vertex -83.6 5.09999 3.3
      vertex -76.7583 -4.73433 3.3
      vertex -76.6977 -4.63332 3.3
    endloop
  endfacet
  facet normal 0 0 1
    outer loop
      vertex -83.6 5.09999 3.3
      vertex -76.8086 -4.84079 3.3
      vertex -76.7583 -4.73433 3.3
    endloop
  endfacet
  facet normal 0 0 1
    outer loop
      vertex -83.6 5.09999 3.3
      vertex -76.8483 -4.95166 3.3
      vertex -76.8086 -4.84079 3.3
    endloop
  endfacet
  facet normal 0 0 1
    outer loop
      vertex -83.7176 5.10576 3.3
      vertex -76.8483 -4.95166 3.3
      vertex -83.6 5.09999 3.3
    endloop
  endfacet
  facet normal 0 0 1
    outer loop
      vertex -76.8483 -4.95166 3.3
      vertex -83.7176 5.10576 3.3
      vertex -76.8769 -5.06589 3.3
    endloop
  endfacet
  facet normal 0 0 1
    outer loop
      vertex -83.8341 5.12305 3.3
      vertex -76.8769 -5.06589 3.3
      vertex -83.7176 5.10576 3.3
    endloop
  endfacet
  facet normal 0 0 1
    outer loop
      vertex -76.8769 -5.06589 3.3
      vertex -83.8341 5.12305 3.3
      vertex -76.8942 -5.18239 3.3
    endloop
  endfacet
  facet normal 0 0 1
    outer loop
      vertex -83.9483 5.15166 3.3
      vertex -76.8942 -5.18239 3.3
      vertex -83.8341 5.12305 3.3
    endloop
  endfacet
  facet normal 0 0 1
    outer loop
      vertex -76.9 -5.3 3.3
      vertex -83.9483 5.15166 3.3
      vertex -84.0592 5.19133 3.3
    endloop
  endfacet
  facet normal 0 0 1
    outer loop
      vertex -76.9 -5.3 3.3
      vertex -84.0592 5.19133 3.3
      vertex -84.1657 5.24168 3.3
    endloop
  endfacet
  facet normal 0 0 1
    outer loop
      vertex -76.9 -5.3 3.3
      vertex -84.1657 5.24168 3.3
      vertex -84.2667 5.30223 3.3
    endloop
  endfacet
  facet normal 0 0 1
    outer loop
      vertex -76.9 -15.1 3.3
      vertex -84.2667 5.30223 3.3
      vertex -84.3613 5.37238 3.3
    endloop
  endfacet
  facet normal 0 0 1
    outer loop
      vertex -84.5276 5.53871 3.3
      vertex -76.9 -15.1 3.3
      vertex -84.4485 5.45146 3.3
    endloop
  endfacet
  facet normal 0 0 1
    outer loop
      vertex -85.0393 -39.4 3.3
      vertex -76.9 -15.1 3.3
      vertex -84.5276 5.53871 3.3
    endloop
  endfacet
  facet normal 0 0 1
    outer loop
      vertex -76.9 -15.1 3.3
      vertex -85.0393 -39.4 3.3
      vertex -76.9 -19.1 3.3
    endloop
  endfacet
  facet normal 0 0 1
    outer loop
      vertex -85.0393 -39.4 3.3
      vertex -84.5276 5.53871 3.3
      vertex -84.5977 5.6333 3.3
    endloop
  endfacet
  facet normal 0 0 1
    outer loop
      vertex -85.0393 -39.4 3.3
      vertex -84.5977 5.6333 3.3
      vertex -84.6583 5.73431 3.3
    endloop
  endfacet
  facet normal 0 0 1
    outer loop
      vertex -85.0393 -39.4 3.3
      vertex -84.6583 5.73431 3.3
      vertex -84.7086 5.84077 3.3
    endloop
  endfacet
  facet normal 0 0 1
    outer loop
      vertex -85.0393 -39.4 3.3
      vertex -84.7086 5.84077 3.3
      vertex -84.7483 5.95164 3.3
    endloop
  endfacet
  facet normal 0 0 1
    outer loop
      vertex -85.0393 -39.4 3.3
      vertex -84.7483 5.95164 3.3
      vertex -84.7769 6.06587 3.3
    endloop
  endfacet
  facet normal 0 0 1
    outer loop
      vertex -85.0393 -39.4 3.3
      vertex -84.7769 6.06587 3.3
      vertex -84.7942 6.18237 3.3
    endloop
  endfacet
  facet normal 0 0 1
    outer loop
      vertex -76.9 -28.9 3.3
      vertex -85.0393 -39.4 3.3
      vertex -80.9607 -39.4 3.3
    endloop
  endfacet
  facet normal 0 0 1
    outer loop
      vertex -85.0393 -39.4 3.3
      vertex -84.7942 6.18237 3.3
      vertex -84.8 6.29999 3.3
    endloop
  endfacet
  facet normal -0 0 1
    outer loop
      vertex -25.8408 -30.0086 3.3
      vertex -21.2553 -42.0101 3.3
      vertex -25.7343 -29.9583 3.3
    endloop
  endfacet
  facet normal 0 0 1
    outer loop
      vertex -21.2553 -42.0101 3.3
      vertex -25.8408 -30.0086 3.3
      vertex -21.4957 -42.0961 3.3
    endloop
  endfacet
  facet normal -0 0 1
    outer loop
      vertex -25.9517 -30.0483 3.3
      vertex -21.4957 -42.0961 3.3
      vertex -25.8408 -30.0086 3.3
    endloop
  endfacet
  facet normal 0 0 1
    outer loop
      vertex -21.4957 -42.0961 3.3
      vertex -25.9517 -30.0483 3.3
      vertex -21.7265 -42.2053 3.3
    endloop
  endfacet
  facet normal -0 0 1
    outer loop
      vertex -26.0659 -30.0769 3.3
      vertex -21.7265 -42.2053 3.3
      vertex -25.9517 -30.0483 3.3
    endloop
  endfacet
  facet normal -0 0 1
    outer loop
      vertex -26.1824 -30.0942 3.3
      vertex -21.7265 -42.2053 3.3
      vertex -26.0659 -30.0769 3.3
    endloop
  endfacet
  facet normal 0 0 1
    outer loop
      vertex -21.7265 -42.2053 3.3
      vertex -26.1824 -30.0942 3.3
      vertex -21.9455 -42.3366 3.3
    endloop
  endfacet
  facet normal -0 0 1
    outer loop
      vertex -26.3 -30.1 3.3
      vertex -21.9455 -42.3366 3.3
      vertex -26.1824 -30.0942 3.3
    endloop
  endfacet
  facet normal 0 0 1
    outer loop
      vertex -21.9455 -42.3366 3.3
      vertex -26.3 -30.1 3.3
      vertex -22.1507 -42.4887 3.3
    endloop
  endfacet
  facet normal 0 0 1
    outer loop
      vertex -22.1507 -42.4887 3.3
      vertex -26.3 -30.1 3.3
      vertex -22.3398 -42.6602 3.3
    endloop
  endfacet
  facet normal 0 0 1
    outer loop
      vertex -22.3398 -42.6602 3.3
      vertex -26.3 -30.1 3.3
      vertex -22.5113 -42.8493 3.3
    endloop
  endfacet
  facet normal 0 0 1
    outer loop
      vertex -22.5113 -42.8493 3.3
      vertex -26.3 -30.1 3.3
      vertex -22.6634 -43.0545 3.3
    endloop
  endfacet
  facet normal 0 0 1
    outer loop
      vertex -22.6634 -43.0545 3.3
      vertex -26.3 -30.1 3.3
      vertex -22.7947 -43.2735 3.3
    endloop
  endfacet
  facet normal 0 0 1
    outer loop
      vertex -22.7947 -43.2735 3.3
      vertex -26.3 -30.1 3.3
      vertex -22.9039 -43.5043 3.3
    endloop
  endfacet
  facet normal -0 0 1
    outer loop
      vertex -40.1 -30.1 3.3
      vertex -22.9039 -43.5043 3.3
      vertex -26.3 -30.1 3.3
    endloop
  endfacet
  facet normal 0 0 1
    outer loop
      vertex -22.9039 -43.5043 3.3
      vertex -40.1 -30.1 3.3
      vertex -22.9899 -43.7447 3.3
    endloop
  endfacet
  facet normal 0 0 1
    outer loop
      vertex -22.9899 -43.7447 3.3
      vertex -40.1 -30.1 3.3
      vertex -23.052 -43.9924 3.3
    endloop
  endfacet
  facet normal 0 0 1
    outer loop
      vertex -23.052 -43.9924 3.3
      vertex -40.1 -30.1 3.3
      vertex -23.0894 -44.245 3.3
    endloop
  endfacet
  facet normal 0 0 1
    outer loop
      vertex -23.0894 -44.245 3.3
      vertex -40.1 -30.1 3.3
      vertex -23.1 -44.4607 3.3
    endloop
  endfacet
  facet normal 0 0 1
    outer loop
      vertex -23.1 -44.4607 3.3
      vertex -40.1 -30.1 3.3
      vertex -23.1 -45.4 3.3
    endloop
  endfacet
  facet normal 0 0 1
    outer loop
      vertex -40.2176 -30.0942 3.3
      vertex -23.1 -45.4 3.3
      vertex -40.1 -30.1 3.3
    endloop
  endfacet
  facet normal 0 0 1
    outer loop
      vertex -43.9824 -30.0942 3.3
      vertex -40.2176 -30.0942 3.3
      vertex -40.3341 -30.0769 3.3
    endloop
  endfacet
  facet normal 0 0 1
    outer loop
      vertex -43.8659 -30.0769 3.3
      vertex -40.3341 -30.0769 3.3
      vertex -40.4483 -30.0483 3.3
    endloop
  endfacet
  facet normal 0 0 1
    outer loop
      vertex -43.7517 -30.0483 3.3
      vertex -40.4483 -30.0483 3.3
      vertex -40.5592 -30.0086 3.3
    endloop
  endfacet
  facet normal 0 0 1
    outer loop
      vertex -43.6408 -30.0086 3.3
      vertex -40.5592 -30.0086 3.3
      vertex -40.6657 -29.9583 3.3
    endloop
  endfacet
  facet normal 0 0 1
    outer loop
      vertex -43.5343 -29.9583 3.3
      vertex -40.6657 -29.9583 3.3
      vertex -40.7667 -29.8977 3.3
    endloop
  endfacet
  facet normal 0 0 1
    outer loop
      vertex -43.4333 -29.8977 3.3
      vertex -40.7667 -29.8977 3.3
      vertex -40.8613 -29.8276 3.3
    endloop
  endfacet
  facet normal 0 0 1
    outer loop
      vertex -41.2942 -18.9824 3.3
      vertex -42.9 -19.1 3.3
      vertex -41.3 -19.1 3.3
    endloop
  endfacet
  facet normal 0 0 1
    outer loop
      vertex -41.3 -19.1 3.3
      vertex -42.9 -19.1 3.3
      vertex -41.3 -28.9 3.3
    endloop
  endfacet
  facet normal 0 0 1
    outer loop
      vertex -42.9 -28.9 3.3
      vertex -41.3 -28.9 3.3
      vertex -42.9 -19.1 3.3
    endloop
  endfacet
  facet normal 0 0 1
    outer loop
      vertex -41.3 -28.9 3.3
      vertex -42.9 -28.9 3.3
      vertex -41.2942 -29.0176 3.3
    endloop
  endfacet
  facet normal 0 0 1
    outer loop
      vertex -42.9058 -29.0176 3.3
      vertex -41.2942 -29.0176 3.3
      vertex -42.9 -28.9 3.3
    endloop
  endfacet
  facet normal 0 0 1
    outer loop
      vertex -41.2942 -29.0176 3.3
      vertex -42.9058 -29.0176 3.3
      vertex -41.2769 -29.1341 3.3
    endloop
  endfacet
  facet normal 0 0 1
    outer loop
      vertex -42.9231 -29.1341 3.3
      vertex -41.2769 -29.1341 3.3
      vertex -42.9058 -29.0176 3.3
    endloop
  endfacet
  facet normal 0 0 1
    outer loop
      vertex -41.2769 -29.1341 3.3
      vertex -42.9231 -29.1341 3.3
      vertex -41.2483 -29.2483 3.3
    endloop
  endfacet
  facet normal 0 0 1
    outer loop
      vertex -42.9517 -29.2483 3.3
      vertex -41.2483 -29.2483 3.3
      vertex -42.9231 -29.1341 3.3
    endloop
  endfacet
  facet normal 0 0 1
    outer loop
      vertex -41.2483 -29.2483 3.3
      vertex -42.9517 -29.2483 3.3
      vertex -41.2087 -29.3592 3.3
    endloop
  endfacet
  facet normal 0 0 1
    outer loop
      vertex -42.9913 -29.3592 3.3
      vertex -41.2087 -29.3592 3.3
      vertex -42.9517 -29.2483 3.3
    endloop
  endfacet
  facet normal 0 0 1
    outer loop
      vertex -41.2087 -29.3592 3.3
      vertex -42.9913 -29.3592 3.3
      vertex -41.1583 -29.4657 3.3
    endloop
  endfacet
  facet normal 0 0 1
    outer loop
      vertex -43.0417 -29.4657 3.3
      vertex -41.1583 -29.4657 3.3
      vertex -42.9913 -29.3592 3.3
    endloop
  endfacet
  facet normal 0 0 1
    outer loop
      vertex -41.1583 -29.4657 3.3
      vertex -43.0417 -29.4657 3.3
      vertex -41.0978 -29.5667 3.3
    endloop
  endfacet
  facet normal 0 0 1
    outer loop
      vertex -43.1022 -29.5667 3.3
      vertex -41.0978 -29.5667 3.3
      vertex -43.0417 -29.4657 3.3
    endloop
  endfacet
  facet normal 0 0 1
    outer loop
      vertex -41.0978 -29.5667 3.3
      vertex -43.1022 -29.5667 3.3
      vertex -41.0276 -29.6613 3.3
    endloop
  endfacet
  facet normal 0 0 1
    outer loop
      vertex -43.1724 -29.6613 3.3
      vertex -41.0276 -29.6613 3.3
      vertex -43.1022 -29.5667 3.3
    endloop
  endfacet
  facet normal 0 0 1
    outer loop
      vertex -41.0276 -29.6613 3.3
      vertex -43.1724 -29.6613 3.3
      vertex -40.9485 -29.7485 3.3
    endloop
  endfacet
  facet normal 0 0 1
    outer loop
      vertex -43.2515 -29.7485 3.3
      vertex -40.9485 -29.7485 3.3
      vertex -43.1724 -29.6613 3.3
    endloop
  endfacet
  facet normal 0 0 1
    outer loop
      vertex -40.9485 -29.7485 3.3
      vertex -43.2515 -29.7485 3.3
      vertex -40.8613 -29.8276 3.3
    endloop
  endfacet
  facet normal 0 0 1
    outer loop
      vertex -43.3387 -29.8276 3.3
      vertex -40.8613 -29.8276 3.3
      vertex -43.2515 -29.7485 3.3
    endloop
  endfacet
  facet normal 0 0 1
    outer loop
      vertex -43.4333 -29.8977 3.3
      vertex -40.8613 -29.8276 3.3
      vertex -43.3387 -29.8276 3.3
    endloop
  endfacet
  facet normal 0 0 1
    outer loop
      vertex -40.7667 -29.8977 3.3
      vertex -43.4333 -29.8977 3.3
      vertex -43.5343 -29.9583 3.3
    endloop
  endfacet
  facet normal 0 0 1
    outer loop
      vertex -40.6657 -29.9583 3.3
      vertex -43.5343 -29.9583 3.3
      vertex -43.6408 -30.0086 3.3
    endloop
  endfacet
  facet normal 0 0 1
    outer loop
      vertex -40.5592 -30.0086 3.3
      vertex -43.6408 -30.0086 3.3
      vertex -43.7517 -30.0483 3.3
    endloop
  endfacet
  facet normal 0 0 1
    outer loop
      vertex -40.4483 -30.0483 3.3
      vertex -43.7517 -30.0483 3.3
      vertex -43.8659 -30.0769 3.3
    endloop
  endfacet
  facet normal 0 0 1
    outer loop
      vertex -40.3341 -30.0769 3.3
      vertex -43.8659 -30.0769 3.3
      vertex -43.9824 -30.0942 3.3
    endloop
  endfacet
  facet normal 0 0 1
    outer loop
      vertex -40.2176 -30.0942 3.3
      vertex -43.9824 -30.0942 3.3
      vertex -23.1 -45.4 3.3
    endloop
  endfacet
  facet normal -0 0 1
    outer loop
      vertex -44.1 -30.1 3.3
      vertex -23.1 -45.4 3.3
      vertex -43.9824 -30.0942 3.3
    endloop
  endfacet
  facet normal 0 0 1
    outer loop
      vertex -76.9 -45.4 3.3
      vertex -44.1 -30.1 3.3
      vertex -57.9 -30.1 3.3
    endloop
  endfacet
  facet normal 0 0 1
    outer loop
      vertex -76.9 -45.4 3.3
      vertex -57.9 -30.1 3.3
      vertex -58.0176 -30.0942 3.3
    endloop
  endfacet
  facet normal 0 0 1
    outer loop
      vertex -61.7824 -30.0942 3.3
      vertex -58.0176 -30.0942 3.3
      vertex -58.1341 -30.0769 3.3
    endloop
  endfacet
  facet normal 0 0 1
    outer loop
      vertex -61.6659 -30.0769 3.3
      vertex -58.1341 -30.0769 3.3
      vertex -58.2483 -30.0483 3.3
    endloop
  endfacet
  facet normal 0 0 1
    outer loop
      vertex -61.5517 -30.0483 3.3
      vertex -58.2483 -30.0483 3.3
      vertex -58.3592 -30.0086 3.3
    endloop
  endfacet
  facet normal 0 0 1
    outer loop
      vertex -59.0942 -18.9824 3.3
      vertex -60.7 -19.1 3.3
      vertex -59.1 -19.1 3.3
    endloop
  endfacet
  facet normal 0 0 1
    outer loop
      vertex -59.1 -19.1 3.3
      vertex -60.7 -19.1 3.3
      vertex -59.1 -28.9 3.3
    endloop
  endfacet
  facet normal 0 0 1
    outer loop
      vertex -60.7 -28.9 3.3
      vertex -59.1 -28.9 3.3
      vertex -60.7 -19.1 3.3
    endloop
  endfacet
  facet normal 0 0 1
    outer loop
      vertex -59.1 -28.9 3.3
      vertex -60.7 -28.9 3.3
      vertex -59.0942 -29.0176 3.3
    endloop
  endfacet
  facet normal 0 0 1
    outer loop
      vertex -60.7058 -29.0176 3.3
      vertex -59.0942 -29.0176 3.3
      vertex -60.7 -28.9 3.3
    endloop
  endfacet
  facet normal 0 0 1
    outer loop
      vertex -59.0942 -29.0176 3.3
      vertex -60.7058 -29.0176 3.3
      vertex -59.0769 -29.1341 3.3
    endloop
  endfacet
  facet normal 0 0 1
    outer loop
      vertex -60.7231 -29.1341 3.3
      vertex -59.0769 -29.1341 3.3
      vertex -60.7058 -29.0176 3.3
    endloop
  endfacet
  facet normal 0 0 1
    outer loop
      vertex -59.0769 -29.1341 3.3
      vertex -60.7231 -29.1341 3.3
      vertex -59.0483 -29.2483 3.3
    endloop
  endfacet
  facet normal 0 0 1
    outer loop
      vertex -60.7517 -29.2483 3.3
      vertex -59.0483 -29.2483 3.3
      vertex -60.7231 -29.1341 3.3
    endloop
  endfacet
  facet normal 0 0 1
    outer loop
      vertex -59.0483 -29.2483 3.3
      vertex -60.7517 -29.2483 3.3
      vertex -59.0086 -29.3592 3.3
    endloop
  endfacet
  facet normal 0 0 1
    outer loop
      vertex -60.7913 -29.3592 3.3
      vertex -59.0086 -29.3592 3.3
      vertex -60.7517 -29.2483 3.3
    endloop
  endfacet
  facet normal 0 0 1
    outer loop
      vertex -59.0086 -29.3592 3.3
      vertex -60.7913 -29.3592 3.3
      vertex -58.9583 -29.4657 3.3
    endloop
  endfacet
  facet normal 0 0 1
    outer loop
      vertex -60.8417 -29.4657 3.3
      vertex -58.9583 -29.4657 3.3
      vertex -60.7913 -29.3592 3.3
    endloop
  endfacet
  facet normal 0 0 1
    outer loop
      vertex -58.9583 -29.4657 3.3
      vertex -60.8417 -29.4657 3.3
      vertex -58.8977 -29.5667 3.3
    endloop
  endfacet
  facet normal 0 0 1
    outer loop
      vertex -60.9022 -29.5667 3.3
      vertex -58.8977 -29.5667 3.3
      vertex -60.8417 -29.4657 3.3
    endloop
  endfacet
  facet normal 0 0 1
    outer loop
      vertex -58.8977 -29.5667 3.3
      vertex -60.9022 -29.5667 3.3
      vertex -58.8276 -29.6613 3.3
    endloop
  endfacet
  facet normal 0 0 1
    outer loop
      vertex -60.9724 -29.6613 3.3
      vertex -58.8276 -29.6613 3.3
      vertex -60.9022 -29.5667 3.3
    endloop
  endfacet
  facet normal 0 0 1
    outer loop
      vertex -58.8276 -29.6613 3.3
      vertex -60.9724 -29.6613 3.3
      vertex -58.7485 -29.7485 3.3
    endloop
  endfacet
  facet normal 0 0 1
    outer loop
      vertex -61.0515 -29.7485 3.3
      vertex -58.7485 -29.7485 3.3
      vertex -60.9724 -29.6613 3.3
    endloop
  endfacet
  facet normal 0 0 1
    outer loop
      vertex -58.7485 -29.7485 3.3
      vertex -61.0515 -29.7485 3.3
      vertex -58.6613 -29.8276 3.3
    endloop
  endfacet
  facet normal 0 0 1
    outer loop
      vertex -61.1387 -29.8276 3.3
      vertex -58.6613 -29.8276 3.3
      vertex -61.0515 -29.7485 3.3
    endloop
  endfacet
  facet normal 0 0 1
    outer loop
      vertex -58.6613 -29.8276 3.3
      vertex -61.1387 -29.8276 3.3
      vertex -58.5667 -29.8977 3.3
    endloop
  endfacet
  facet normal 0 0 1
    outer loop
      vertex -61.2333 -29.8977 3.3
      vertex -58.5667 -29.8977 3.3
      vertex -61.1387 -29.8276 3.3
    endloop
  endfacet
  facet normal 0 0 1
    outer loop
      vertex -58.5667 -29.8977 3.3
      vertex -61.2333 -29.8977 3.3
      vertex -58.4657 -29.9583 3.3
    endloop
  endfacet
  facet normal 0 0 1
    outer loop
      vertex -61.3343 -29.9583 3.3
      vertex -58.4657 -29.9583 3.3
      vertex -61.2333 -29.8977 3.3
    endloop
  endfacet
  facet normal 0 0 1
    outer loop
      vertex -58.4657 -29.9583 3.3
      vertex -61.3343 -29.9583 3.3
      vertex -58.3592 -30.0086 3.3
    endloop
  endfacet
  facet normal 0 0 1
    outer loop
      vertex -61.4408 -30.0086 3.3
      vertex -58.3592 -30.0086 3.3
      vertex -61.3343 -29.9583 3.3
    endloop
  endfacet
  facet normal 0 0 1
    outer loop
      vertex -61.5517 -30.0483 3.3
      vertex -58.3592 -30.0086 3.3
      vertex -61.4408 -30.0086 3.3
    endloop
  endfacet
  facet normal 0 0 1
    outer loop
      vertex -58.2483 -30.0483 3.3
      vertex -61.5517 -30.0483 3.3
      vertex -61.6659 -30.0769 3.3
    endloop
  endfacet
  facet normal 0 0 1
    outer loop
      vertex -58.1341 -30.0769 3.3
      vertex -61.6659 -30.0769 3.3
      vertex -61.7824 -30.0942 3.3
    endloop
  endfacet
  facet normal 0 0 1
    outer loop
      vertex -58.0176 -30.0942 3.3
      vertex -61.7824 -30.0942 3.3
      vertex -76.9 -45.4 3.3
    endloop
  endfacet
  facet normal 0 0 1
    outer loop
      vertex -76.9 -45.4 3.3
      vertex -61.7824 -30.0942 3.3
      vertex -61.9 -30.1 3.3
    endloop
  endfacet
  facet normal 0 0 1
    outer loop
      vertex -76.9 -43.4607 3.3
      vertex -61.9 -30.1 3.3
      vertex -75.7 -30.1 3.3
    endloop
  endfacet
  facet normal 0 0 1
    outer loop
      vertex -76.9 -43.4607 3.3
      vertex -75.7 -30.1 3.3
      vertex -75.8176 -30.0942 3.3
    endloop
  endfacet
  facet normal 0 0 1
    outer loop
      vertex -76.9 -43.4607 3.3
      vertex -75.8176 -30.0942 3.3
      vertex -75.9341 -30.0769 3.3
    endloop
  endfacet
  facet normal 0 0 1
    outer loop
      vertex -76.9 -43.4607 3.3
      vertex -75.9341 -30.0769 3.3
      vertex -76.0483 -30.0483 3.3
    endloop
  endfacet
  facet normal 0 0 1
    outer loop
      vertex -76.9 -43.4607 3.3
      vertex -76.8942 -29.0176 3.3
      vertex -76.9 -28.9 3.3
    endloop
  endfacet
  facet normal 0 0 1
    outer loop
      vertex -76.9 -43.4607 3.3
      vertex -76.8769 -29.1341 3.3
      vertex -76.8942 -29.0176 3.3
    endloop
  endfacet
  facet normal 0 0 1
    outer loop
      vertex -76.9 -43.4607 3.3
      vertex -76.8483 -29.2483 3.3
      vertex -76.8769 -29.1341 3.3
    endloop
  endfacet
  facet normal 0 0 1
    outer loop
      vertex -76.9 -43.4607 3.3
      vertex -76.8086 -29.3592 3.3
      vertex -76.8483 -29.2483 3.3
    endloop
  endfacet
  facet normal 0 0 1
    outer loop
      vertex -76.9 -43.4607 3.3
      vertex -76.7583 -29.4657 3.3
      vertex -76.8086 -29.3592 3.3
    endloop
  endfacet
  facet normal 0 0 1
    outer loop
      vertex -76.9 -43.4607 3.3
      vertex -76.6977 -29.5667 3.3
      vertex -76.7583 -29.4657 3.3
    endloop
  endfacet
  facet normal 0 0 1
    outer loop
      vertex -76.9 -43.4607 3.3
      vertex -76.6276 -29.6613 3.3
      vertex -76.6977 -29.5667 3.3
    endloop
  endfacet
  facet normal 0 0 1
    outer loop
      vertex -76.9 -43.4607 3.3
      vertex -76.5485 -29.7485 3.3
      vertex -76.6276 -29.6613 3.3
    endloop
  endfacet
  facet normal 0 0 1
    outer loop
      vertex -76.9 -43.4607 3.3
      vertex -76.4613 -29.8276 3.3
      vertex -76.5485 -29.7485 3.3
    endloop
  endfacet
  facet normal 0 0 1
    outer loop
      vertex -76.9 -43.4607 3.3
      vertex -76.3667 -29.8977 3.3
      vertex -76.4613 -29.8276 3.3
    endloop
  endfacet
  facet normal 0 0 1
    outer loop
      vertex -76.9 -43.4607 3.3
      vertex -76.2657 -29.9583 3.3
      vertex -76.3667 -29.8977 3.3
    endloop
  endfacet
  facet normal 0 0 1
    outer loop
      vertex -76.9 -43.4607 3.3
      vertex -76.1592 -30.0086 3.3
      vertex -76.2657 -29.9583 3.3
    endloop
  endfacet
  facet normal 0 0 1
    outer loop
      vertex -76.9 -43.4607 3.3
      vertex -76.0483 -30.0483 3.3
      vertex -76.1592 -30.0086 3.3
    endloop
  endfacet
  facet normal 0 0 1
    outer loop
      vertex -76.9 -45.4 3.3
      vertex -61.9 -30.1 3.3
      vertex -76.9 -43.4607 3.3
    endloop
  endfacet
  facet normal 0 0 1
    outer loop
      vertex -44.1 -30.1 3.3
      vertex -76.9 -45.4 3.3
      vertex -23.1 -45.4 3.3
    endloop
  endfacet
  facet normal 0 0 1
    outer loop
      vertex -53 30.1 1.6
      vertex -51.8 28.9 1.6
      vertex -51.8058 29.0176 1.6
    endloop
  endfacet
  facet normal 0 0 1
    outer loop
      vertex -51.8 28.9 1.6
      vertex -53 30.1 1.6
      vertex -51.8 6.29999 1.6
    endloop
  endfacet
  facet normal 0 0 1
    outer loop
      vertex -53 30.1 1.6
      vertex -51.8058 29.0176 1.6
      vertex -51.823 29.1341 1.6
    endloop
  endfacet
  facet normal 0 0 1
    outer loop
      vertex -53 5.09999 1.6
      vertex -51.8 6.29999 1.6
      vertex -53 30.1 1.6
    endloop
  endfacet
  facet normal 0 0 1
    outer loop
      vertex -53 30.1 1.6
      vertex -51.823 29.1341 1.6
      vertex -51.8517 29.2483 1.6
    endloop
  endfacet
  facet normal 0 0 1
    outer loop
      vertex -51.8 6.29999 1.6
      vertex -53 5.09999 1.6
      vertex -51.8058 6.18237 1.6
    endloop
  endfacet
  facet normal 0 0 1
    outer loop
      vertex -53 30.1 1.6
      vertex -51.8517 29.2483 1.6
      vertex -51.8913 29.3592 1.6
    endloop
  endfacet
  facet normal 0 0 1
    outer loop
      vertex -51.8058 6.18237 1.6
      vertex -53 5.09999 1.6
      vertex -51.823 6.06587 1.6
    endloop
  endfacet
  facet normal 0 0 1
    outer loop
      vertex -53 30.1 1.6
      vertex -51.8913 29.3592 1.6
      vertex -51.9417 29.4657 1.6
    endloop
  endfacet
  facet normal 0 0 1
    outer loop
      vertex -51.823 6.06587 1.6
      vertex -53 5.09999 1.6
      vertex -51.8517 5.95164 1.6
    endloop
  endfacet
  facet normal 0 0 1
    outer loop
      vertex -53 30.1 1.6
      vertex -51.9417 29.4657 1.6
      vertex -52.0022 29.5667 1.6
    endloop
  endfacet
  facet normal 0 0 1
    outer loop
      vertex -51.8517 5.95164 1.6
      vertex -53 5.09999 1.6
      vertex -51.8913 5.84077 1.6
    endloop
  endfacet
  facet normal 0 0 1
    outer loop
      vertex -53 30.1 1.6
      vertex -52.0022 29.5667 1.6
      vertex -52.0724 29.6613 1.6
    endloop
  endfacet
  facet normal 0 0 1
    outer loop
      vertex -51.8913 5.84077 1.6
      vertex -53 5.09999 1.6
      vertex -51.9417 5.73431 1.6
    endloop
  endfacet
  facet normal 0 0 1
    outer loop
      vertex -53 30.1 1.6
      vertex -52.0724 29.6613 1.6
      vertex -52.1515 29.7485 1.6
    endloop
  endfacet
  facet normal 0 0 1
    outer loop
      vertex -51.9417 5.73431 1.6
      vertex -53 5.09999 1.6
      vertex -52.0022 5.6333 1.6
    endloop
  endfacet
  facet normal 0 0 1
    outer loop
      vertex -53 30.1 1.6
      vertex -52.1515 29.7485 1.6
      vertex -52.2387 29.8276 1.6
    endloop
  endfacet
  facet normal 0 0 1
    outer loop
      vertex -52.0022 5.6333 1.6
      vertex -53 5.09999 1.6
      vertex -52.0724 5.53871 1.6
    endloop
  endfacet
  facet normal 0 0 1
    outer loop
      vertex -53 30.1 1.6
      vertex -52.2387 29.8276 1.6
      vertex -52.3333 29.8978 1.6
    endloop
  endfacet
  facet normal 0 0 1
    outer loop
      vertex -52.0724 5.53871 1.6
      vertex -53 5.09999 1.6
      vertex -52.1515 5.45146 1.6
    endloop
  endfacet
  facet normal 0 0 1
    outer loop
      vertex -53 30.1 1.6
      vertex -52.3333 29.8978 1.6
      vertex -52.4343 29.9583 1.6
    endloop
  endfacet
  facet normal 0 0 1
    outer loop
      vertex -52.1515 5.45146 1.6
      vertex -53 5.09999 1.6
      vertex -52.2387 5.37238 1.6
    endloop
  endfacet
  facet normal 0 0 1
    outer loop
      vertex -53 30.1 1.6
      vertex -52.4343 29.9583 1.6
      vertex -52.5408 30.0087 1.6
    endloop
  endfacet
  facet normal 0 0 1
    outer loop
      vertex -52.2387 5.37238 1.6
      vertex -53 5.09999 1.6
      vertex -52.3333 5.30223 1.6
    endloop
  endfacet
  facet normal 0 0 1
    outer loop
      vertex -53 30.1 1.6
      vertex -52.5408 30.0087 1.6
      vertex -52.6516 30.0483 1.6
    endloop
  endfacet
  facet normal 0 0 1
    outer loop
      vertex -52.3333 5.30223 1.6
      vertex -53 5.09999 1.6
      vertex -52.4343 5.24168 1.6
    endloop
  endfacet
  facet normal 0 0 1
    outer loop
      vertex -53 30.1 1.6
      vertex -52.6516 30.0483 1.6
      vertex -52.7659 30.0769 1.6
    endloop
  endfacet
  facet normal 0 0 1
    outer loop
      vertex -52.4343 5.24168 1.6
      vertex -53 5.09999 1.6
      vertex -52.5408 5.19133 1.6
    endloop
  endfacet
  facet normal 0 0 1
    outer loop
      vertex -53 30.1 1.6
      vertex -52.7659 30.0769 1.6
      vertex -52.8824 30.0942 1.6
    endloop
  endfacet
  facet normal 0 0 1
    outer loop
      vertex -52.5408 5.19133 1.6
      vertex -53 5.09999 1.6
      vertex -52.6516 5.15166 1.6
    endloop
  endfacet
  facet normal 0 0 1
    outer loop
      vertex -52.6516 5.15166 1.6
      vertex -53 5.09999 1.6
      vertex -52.7659 5.12305 1.6
    endloop
  endfacet
  facet normal 0 0 1
    outer loop
      vertex -52.7659 5.12305 1.6
      vertex -53 5.09999 1.6
      vertex -52.8824 5.10576 1.6
    endloop
  endfacet
  facet normal -0 0 1
    outer loop
      vertex -83.6 30.1 1.6
      vertex -53 5.09999 1.6
      vertex -53 30.1 1.6
    endloop
  endfacet
  facet normal 0 0 1
    outer loop
      vertex -83.6 30.1 1.6
      vertex -83.6 5.09999 1.6
      vertex -53 5.09999 1.6
    endloop
  endfacet
  facet normal 0 0 1
    outer loop
      vertex -84.8 28.9 1.6
      vertex -83.6 30.1 1.6
      vertex -83.7176 30.0942 1.6
    endloop
  endfacet
  facet normal 0 0 1
    outer loop
      vertex -83.6 30.1 1.6
      vertex -84.8 28.9 1.6
      vertex -83.6 5.09999 1.6
    endloop
  endfacet
  facet normal 0 0 1
    outer loop
      vertex -84.8 28.9 1.6
      vertex -83.7176 30.0942 1.6
      vertex -83.8341 30.0769 1.6
    endloop
  endfacet
  facet normal -0 0 1
    outer loop
      vertex -84.8 6.29999 1.6
      vertex -83.6 5.09999 1.6
      vertex -84.8 28.9 1.6
    endloop
  endfacet
  facet normal 0 0 1
    outer loop
      vertex -84.8 28.9 1.6
      vertex -83.8341 30.0769 1.6
      vertex -83.9483 30.0483 1.6
    endloop
  endfacet
  facet normal 0 0 1
    outer loop
      vertex -83.6 5.09999 1.6
      vertex -84.8 6.29999 1.6
      vertex -83.7176 5.10576 1.6
    endloop
  endfacet
  facet normal 0 0 1
    outer loop
      vertex -84.8 28.9 1.6
      vertex -83.9483 30.0483 1.6
      vertex -84.0592 30.0087 1.6
    endloop
  endfacet
  facet normal 0 0 1
    outer loop
      vertex -83.7176 5.10576 1.6
      vertex -84.8 6.29999 1.6
      vertex -83.8341 5.12305 1.6
    endloop
  endfacet
  facet normal 0 0 1
    outer loop
      vertex -84.8 28.9 1.6
      vertex -84.0592 30.0087 1.6
      vertex -84.1657 29.9583 1.6
    endloop
  endfacet
  facet normal 0 0 1
    outer loop
      vertex -83.8341 5.12305 1.6
      vertex -84.8 6.29999 1.6
      vertex -83.9483 5.15166 1.6
    endloop
  endfacet
  facet normal 0 0 1
    outer loop
      vertex -84.8 28.9 1.6
      vertex -84.1657 29.9583 1.6
      vertex -84.2667 29.8978 1.6
    endloop
  endfacet
  facet normal 0 0 1
    outer loop
      vertex -83.9483 5.15166 1.6
      vertex -84.8 6.29999 1.6
      vertex -84.0592 5.19133 1.6
    endloop
  endfacet
  facet normal 0 0 1
    outer loop
      vertex -84.8 28.9 1.6
      vertex -84.2667 29.8978 1.6
      vertex -84.3613 29.8276 1.6
    endloop
  endfacet
  facet normal 0 0 1
    outer loop
      vertex -84.0592 5.19133 1.6
      vertex -84.8 6.29999 1.6
      vertex -84.1657 5.24168 1.6
    endloop
  endfacet
  facet normal 0 0 1
    outer loop
      vertex -84.8 28.9 1.6
      vertex -84.3613 29.8276 1.6
      vertex -84.4485 29.7485 1.6
    endloop
  endfacet
  facet normal 0 0 1
    outer loop
      vertex -84.1657 5.24168 1.6
      vertex -84.8 6.29999 1.6
      vertex -84.2667 5.30223 1.6
    endloop
  endfacet
  facet normal 0 0 1
    outer loop
      vertex -84.8 28.9 1.6
      vertex -84.4485 29.7485 1.6
      vertex -84.5276 29.6613 1.6
    endloop
  endfacet
  facet normal 0 0 1
    outer loop
      vertex -84.2667 5.30223 1.6
      vertex -84.8 6.29999 1.6
      vertex -84.3613 5.37238 1.6
    endloop
  endfacet
  facet normal 0 0 1
    outer loop
      vertex -84.8 28.9 1.6
      vertex -84.5276 29.6613 1.6
      vertex -84.5977 29.5667 1.6
    endloop
  endfacet
  facet normal 0 0 1
    outer loop
      vertex -84.3613 5.37238 1.6
      vertex -84.8 6.29999 1.6
      vertex -84.4485 5.45146 1.6
    endloop
  endfacet
  facet normal 0 0 1
    outer loop
      vertex -84.8 28.9 1.6
      vertex -84.5977 29.5667 1.6
      vertex -84.6583 29.4657 1.6
    endloop
  endfacet
  facet normal 0 0 1
    outer loop
      vertex -84.4485 5.45146 1.6
      vertex -84.8 6.29999 1.6
      vertex -84.5276 5.53871 1.6
    endloop
  endfacet
  facet normal 0 0 1
    outer loop
      vertex -84.8 28.9 1.6
      vertex -84.6583 29.4657 1.6
      vertex -84.7086 29.3592 1.6
    endloop
  endfacet
  facet normal 0 0 1
    outer loop
      vertex -84.5276 5.53871 1.6
      vertex -84.8 6.29999 1.6
      vertex -84.5977 5.6333 1.6
    endloop
  endfacet
  facet normal 0 0 1
    outer loop
      vertex -84.8 28.9 1.6
      vertex -84.7086 29.3592 1.6
      vertex -84.7483 29.2483 1.6
    endloop
  endfacet
  facet normal 0 0 1
    outer loop
      vertex -84.5977 5.6333 1.6
      vertex -84.8 6.29999 1.6
      vertex -84.6583 5.73431 1.6
    endloop
  endfacet
  facet normal 0 0 1
    outer loop
      vertex -84.8 28.9 1.6
      vertex -84.7483 29.2483 1.6
      vertex -84.7769 29.1341 1.6
    endloop
  endfacet
  facet normal 0 0 1
    outer loop
      vertex -84.6583 5.73431 1.6
      vertex -84.8 6.29999 1.6
      vertex -84.7086 5.84077 1.6
    endloop
  endfacet
  facet normal 0 0 1
    outer loop
      vertex -84.8 28.9 1.6
      vertex -84.7769 29.1341 1.6
      vertex -84.7942 29.0176 1.6
    endloop
  endfacet
  facet normal 0 0 1
    outer loop
      vertex -84.7086 5.84077 1.6
      vertex -84.8 6.29999 1.6
      vertex -84.7483 5.95164 1.6
    endloop
  endfacet
  facet normal 0 0 1
    outer loop
      vertex -84.7483 5.95164 1.6
      vertex -84.8 6.29999 1.6
      vertex -84.7769 6.06587 1.6
    endloop
  endfacet
  facet normal 0 0 1
    outer loop
      vertex -84.7769 6.06587 1.6
      vertex -84.8 6.29999 1.6
      vertex -84.7942 6.18237 1.6
    endloop
  endfacet
  facet normal 0 0 1
    outer loop
      vertex -18.4 30.1 1.6
      vertex -17.2 28.9 1.6
      vertex -17.2058 29.0176 1.6
    endloop
  endfacet
  facet normal 0 0 1
    outer loop
      vertex -17.2 28.9 1.6
      vertex -18.4 30.1 1.6
      vertex -17.2 6.29999 1.6
    endloop
  endfacet
  facet normal 0 0 1
    outer loop
      vertex -18.4 30.1 1.6
      vertex -17.2058 29.0176 1.6
      vertex -17.2231 29.1341 1.6
    endloop
  endfacet
  facet normal 0 0 1
    outer loop
      vertex -18.4 5.09999 1.6
      vertex -17.2 6.29999 1.6
      vertex -18.4 30.1 1.6
    endloop
  endfacet
  facet normal 0 0 1
    outer loop
      vertex -18.4 30.1 1.6
      vertex -17.2231 29.1341 1.6
      vertex -17.2517 29.2483 1.6
    endloop
  endfacet
  facet normal 0 0 1
    outer loop
      vertex -17.2 6.29999 1.6
      vertex -18.4 5.09999 1.6
      vertex -17.2058 6.18237 1.6
    endloop
  endfacet
  facet normal 0 0 1
    outer loop
      vertex -18.4 30.1 1.6
      vertex -17.2517 29.2483 1.6
      vertex -17.2914 29.3592 1.6
    endloop
  endfacet
  facet normal 0 0 1
    outer loop
      vertex -17.2058 6.18237 1.6
      vertex -18.4 5.09999 1.6
      vertex -17.2231 6.06587 1.6
    endloop
  endfacet
  facet normal 0 0 1
    outer loop
      vertex -18.4 30.1 1.6
      vertex -17.2914 29.3592 1.6
      vertex -17.3417 29.4657 1.6
    endloop
  endfacet
  facet normal 0 0 1
    outer loop
      vertex -17.2231 6.06587 1.6
      vertex -18.4 5.09999 1.6
      vertex -17.2517 5.95164 1.6
    endloop
  endfacet
  facet normal 0 0 1
    outer loop
      vertex -18.4 30.1 1.6
      vertex -17.3417 29.4657 1.6
      vertex -17.4023 29.5667 1.6
    endloop
  endfacet
  facet normal 0 0 1
    outer loop
      vertex -17.2517 5.95164 1.6
      vertex -18.4 5.09999 1.6
      vertex -17.2914 5.84077 1.6
    endloop
  endfacet
  facet normal 0 0 1
    outer loop
      vertex -18.4 30.1 1.6
      vertex -17.4023 29.5667 1.6
      vertex -17.4724 29.6613 1.6
    endloop
  endfacet
  facet normal 0 0 1
    outer loop
      vertex -17.2914 5.84077 1.6
      vertex -18.4 5.09999 1.6
      vertex -17.3417 5.73431 1.6
    endloop
  endfacet
  facet normal 0 0 1
    outer loop
      vertex -18.4 30.1 1.6
      vertex -17.4724 29.6613 1.6
      vertex -17.5515 29.7485 1.6
    endloop
  endfacet
  facet normal 0 0 1
    outer loop
      vertex -17.3417 5.73431 1.6
      vertex -18.4 5.09999 1.6
      vertex -17.4023 5.6333 1.6
    endloop
  endfacet
  facet normal 0 0 1
    outer loop
      vertex -18.4 30.1 1.6
      vertex -17.5515 29.7485 1.6
      vertex -17.6387 29.8276 1.6
    endloop
  endfacet
  facet normal 0 0 1
    outer loop
      vertex -17.4023 5.6333 1.6
      vertex -18.4 5.09999 1.6
      vertex -17.4724 5.53871 1.6
    endloop
  endfacet
  facet normal 0 0 1
    outer loop
      vertex -18.4 30.1 1.6
      vertex -17.6387 29.8276 1.6
      vertex -17.7333 29.8978 1.6
    endloop
  endfacet
  facet normal 0 0 1
    outer loop
      vertex -17.4724 5.53871 1.6
      vertex -18.4 5.09999 1.6
      vertex -17.5515 5.45146 1.6
    endloop
  endfacet
  facet normal 0 0 1
    outer loop
      vertex -18.4 30.1 1.6
      vertex -17.7333 29.8978 1.6
      vertex -17.8343 29.9583 1.6
    endloop
  endfacet
  facet normal 0 0 1
    outer loop
      vertex -17.5515 5.45146 1.6
      vertex -18.4 5.09999 1.6
      vertex -17.6387 5.37238 1.6
    endloop
  endfacet
  facet normal 0 0 1
    outer loop
      vertex -18.4 30.1 1.6
      vertex -17.8343 29.9583 1.6
      vertex -17.9408 30.0087 1.6
    endloop
  endfacet
  facet normal 0 0 1
    outer loop
      vertex -17.6387 5.37238 1.6
      vertex -18.4 5.09999 1.6
      vertex -17.7333 5.30223 1.6
    endloop
  endfacet
  facet normal 0 0 1
    outer loop
      vertex -18.4 30.1 1.6
      vertex -17.9408 30.0087 1.6
      vertex -18.0517 30.0483 1.6
    endloop
  endfacet
  facet normal 0 0 1
    outer loop
      vertex -17.7333 5.30223 1.6
      vertex -18.4 5.09999 1.6
      vertex -17.8343 5.24168 1.6
    endloop
  endfacet
  facet normal 0 0 1
    outer loop
      vertex -18.4 30.1 1.6
      vertex -18.0517 30.0483 1.6
      vertex -18.1659 30.0769 1.6
    endloop
  endfacet
  facet normal 0 0 1
    outer loop
      vertex -17.8343 5.24168 1.6
      vertex -18.4 5.09999 1.6
      vertex -17.9408 5.19133 1.6
    endloop
  endfacet
  facet normal 0 0 1
    outer loop
      vertex -18.4 30.1 1.6
      vertex -18.1659 30.0769 1.6
      vertex -18.2824 30.0942 1.6
    endloop
  endfacet
  facet normal 0 0 1
    outer loop
      vertex -17.9408 5.19133 1.6
      vertex -18.4 5.09999 1.6
      vertex -18.0517 5.15166 1.6
    endloop
  endfacet
  facet normal 0 0 1
    outer loop
      vertex -18.0517 5.15166 1.6
      vertex -18.4 5.09999 1.6
      vertex -18.1659 5.12305 1.6
    endloop
  endfacet
  facet normal 0 0 1
    outer loop
      vertex -18.1659 5.12305 1.6
      vertex -18.4 5.09999 1.6
      vertex -18.2824 5.10576 1.6
    endloop
  endfacet
  facet normal -0 0 1
    outer loop
      vertex -49 30.1 1.6
      vertex -18.4 5.09999 1.6
      vertex -18.4 30.1 1.6
    endloop
  endfacet
  facet normal 0 0 1
    outer loop
      vertex -49 30.1 1.6
      vertex -49 5.09999 1.6
      vertex -18.4 5.09999 1.6
    endloop
  endfacet
  facet normal 0 0 1
    outer loop
      vertex -50.2 28.9 1.6
      vertex -49 30.1 1.6
      vertex -49.1176 30.0942 1.6
    endloop
  endfacet
  facet normal 0 0 1
    outer loop
      vertex -49 30.1 1.6
      vertex -50.2 28.9 1.6
      vertex -49 5.09999 1.6
    endloop
  endfacet
  facet normal 0 0 1
    outer loop
      vertex -50.2 28.9 1.6
      vertex -49.1176 30.0942 1.6
      vertex -49.2341 30.0769 1.6
    endloop
  endfacet
  facet normal -0 0 1
    outer loop
      vertex -50.2 6.29999 1.6
      vertex -49 5.09999 1.6
      vertex -50.2 28.9 1.6
    endloop
  endfacet
  facet normal 0 0 1
    outer loop
      vertex -50.2 28.9 1.6
      vertex -49.2341 30.0769 1.6
      vertex -49.3484 30.0483 1.6
    endloop
  endfacet
  facet normal 0 0 1
    outer loop
      vertex -49 5.09999 1.6
      vertex -50.2 6.29999 1.6
      vertex -49.1176 5.10576 1.6
    endloop
  endfacet
  facet normal 0 0 1
    outer loop
      vertex -50.2 28.9 1.6
      vertex -49.3484 30.0483 1.6
      vertex -49.4592 30.0087 1.6
    endloop
  endfacet
  facet normal 0 0 1
    outer loop
      vertex -49.1176 5.10576 1.6
      vertex -50.2 6.29999 1.6
      vertex -49.2341 5.12305 1.6
    endloop
  endfacet
  facet normal 0 0 1
    outer loop
      vertex -50.2 28.9 1.6
      vertex -49.4592 30.0087 1.6
      vertex -49.5657 29.9583 1.6
    endloop
  endfacet
  facet normal 0 0 1
    outer loop
      vertex -49.2341 5.12305 1.6
      vertex -50.2 6.29999 1.6
      vertex -49.3484 5.15166 1.6
    endloop
  endfacet
  facet normal 0 0 1
    outer loop
      vertex -50.2 28.9 1.6
      vertex -49.5657 29.9583 1.6
      vertex -49.6667 29.8978 1.6
    endloop
  endfacet
  facet normal 0 0 1
    outer loop
      vertex -49.3484 5.15166 1.6
      vertex -50.2 6.29999 1.6
      vertex -49.4592 5.19133 1.6
    endloop
  endfacet
  facet normal 0 0 1
    outer loop
      vertex -50.2 28.9 1.6
      vertex -49.6667 29.8978 1.6
      vertex -49.7613 29.8276 1.6
    endloop
  endfacet
  facet normal 0 0 1
    outer loop
      vertex -49.4592 5.19133 1.6
      vertex -50.2 6.29999 1.6
      vertex -49.5657 5.24168 1.6
    endloop
  endfacet
  facet normal 0 0 1
    outer loop
      vertex -50.2 28.9 1.6
      vertex -49.7613 29.8276 1.6
      vertex -49.8485 29.7485 1.6
    endloop
  endfacet
  facet normal 0 0 1
    outer loop
      vertex -49.5657 5.24168 1.6
      vertex -50.2 6.29999 1.6
      vertex -49.6667 5.30223 1.6
    endloop
  endfacet
  facet normal 0 0 1
    outer loop
      vertex -50.2 28.9 1.6
      vertex -49.8485 29.7485 1.6
      vertex -49.9276 29.6613 1.6
    endloop
  endfacet
  facet normal 0 0 1
    outer loop
      vertex -49.6667 5.30223 1.6
      vertex -50.2 6.29999 1.6
      vertex -49.7613 5.37238 1.6
    endloop
  endfacet
  facet normal 0 0 1
    outer loop
      vertex -50.2 28.9 1.6
      vertex -49.9276 29.6613 1.6
      vertex -49.9978 29.5667 1.6
    endloop
  endfacet
  facet normal 0 0 1
    outer loop
      vertex -49.7613 5.37238 1.6
      vertex -50.2 6.29999 1.6
      vertex -49.8485 5.45146 1.6
    endloop
  endfacet
  facet normal 0 0 1
    outer loop
      vertex -50.2 28.9 1.6
      vertex -49.9978 29.5667 1.6
      vertex -50.0583 29.4657 1.6
    endloop
  endfacet
  facet normal 0 0 1
    outer loop
      vertex -49.8485 5.45146 1.6
      vertex -50.2 6.29999 1.6
      vertex -49.9276 5.53871 1.6
    endloop
  endfacet
  facet normal 0 0 1
    outer loop
      vertex -50.2 28.9 1.6
      vertex -50.0583 29.4657 1.6
      vertex -50.1087 29.3592 1.6
    endloop
  endfacet
  facet normal 0 0 1
    outer loop
      vertex -49.9276 5.53871 1.6
      vertex -50.2 6.29999 1.6
      vertex -49.9978 5.6333 1.6
    endloop
  endfacet
  facet normal 0 0 1
    outer loop
      vertex -50.2 28.9 1.6
      vertex -50.1087 29.3592 1.6
      vertex -50.1483 29.2483 1.6
    endloop
  endfacet
  facet normal 0 0 1
    outer loop
      vertex -49.9978 5.6333 1.6
      vertex -50.2 6.29999 1.6
      vertex -50.0583 5.73431 1.6
    endloop
  endfacet
  facet normal 0 0 1
    outer loop
      vertex -50.2 28.9 1.6
      vertex -50.1483 29.2483 1.6
      vertex -50.177 29.1341 1.6
    endloop
  endfacet
  facet normal 0 0 1
    outer loop
      vertex -50.0583 5.73431 1.6
      vertex -50.2 6.29999 1.6
      vertex -50.1087 5.84077 1.6
    endloop
  endfacet
  facet normal 0 0 1
    outer loop
      vertex -50.2 28.9 1.6
      vertex -50.177 29.1341 1.6
      vertex -50.1942 29.0176 1.6
    endloop
  endfacet
  facet normal 0 0 1
    outer loop
      vertex -50.1087 5.84077 1.6
      vertex -50.2 6.29999 1.6
      vertex -50.1483 5.95164 1.6
    endloop
  endfacet
  facet normal 0 0 1
    outer loop
      vertex -50.1483 5.95164 1.6
      vertex -50.2 6.29999 1.6
      vertex -50.177 6.06587 1.6
    endloop
  endfacet
  facet normal 0 0 1
    outer loop
      vertex -50.177 6.06587 1.6
      vertex -50.2 6.29999 1.6
      vertex -50.1942 6.18237 1.6
    endloop
  endfacet
  facet normal -0.146804 0.989166 0
    outer loop
      vertex -52.7659 5.12305 1.6
      vertex -52.8824 5.10576 3.3
      vertex -52.7659 5.12305 3.3
    endloop
  endfacet
  facet normal -0.146804 0.989166 0
    outer loop
      vertex -52.8824 5.10576 3.3
      vertex -52.7659 5.12305 1.6
      vertex -52.8824 5.10576 1.6
    endloop
  endfacet
  facet normal -0.242815 0.970073 0
    outer loop
      vertex -52.6516 5.15166 1.6
      vertex -52.7659 5.12305 3.3
      vertex -52.6516 5.15166 3.3
    endloop
  endfacet
  facet normal -0.242815 0.970073 0
    outer loop
      vertex -52.7659 5.12305 3.3
      vertex -52.6516 5.15166 1.6
      vertex -52.7659 5.12305 1.6
    endloop
  endfacet
  facet normal -0.337079 0.941476 0
    outer loop
      vertex -52.5408 5.19133 1.6
      vertex -52.6516 5.15166 3.3
      vertex -52.5408 5.19133 3.3
    endloop
  endfacet
  facet normal -0.337079 0.941476 0
    outer loop
      vertex -52.6516 5.15166 3.3
      vertex -52.5408 5.19133 1.6
      vertex -52.6516 5.15166 1.6
    endloop
  endfacet
  facet normal -0.427411 0.904057 0
    outer loop
      vertex -52.4343 5.24168 1.6
      vertex -52.5408 5.19133 3.3
      vertex -52.4343 5.24168 3.3
    endloop
  endfacet
  facet normal -0.427411 0.904057 0
    outer loop
      vertex -52.5408 5.19133 3.3
      vertex -52.4343 5.24168 1.6
      vertex -52.5408 5.19133 1.6
    endloop
  endfacet
  facet normal -0.514184 0.85768 0
    outer loop
      vertex -52.3333 5.30223 1.6
      vertex -52.4343 5.24168 3.3
      vertex -52.3333 5.30223 3.3
    endloop
  endfacet
  facet normal -0.514184 0.85768 0
    outer loop
      vertex -52.4343 5.24168 3.3
      vertex -52.3333 5.30223 1.6
      vertex -52.4343 5.24168 1.6
    endloop
  endfacet
  facet normal -0.595644 0.803249 0
    outer loop
      vertex -52.2387 5.37238 1.6
      vertex -52.3333 5.30223 3.3
      vertex -52.2387 5.37238 3.3
    endloop
  endfacet
  facet normal -0.595644 0.803249 0
    outer loop
      vertex -52.3333 5.30223 3.3
      vertex -52.2387 5.37238 1.6
      vertex -52.3333 5.30223 1.6
    endloop
  endfacet
  facet normal -0.671776 0.740754 0
    outer loop
      vertex -52.1515 5.45146 1.6
      vertex -52.2387 5.37238 3.3
      vertex -52.1515 5.45146 3.3
    endloop
  endfacet
  facet normal -0.671776 0.740754 0
    outer loop
      vertex -52.2387 5.37238 3.3
      vertex -52.1515 5.45146 1.6
      vertex -52.2387 5.37238 1.6
    endloop
  endfacet
  facet normal -0.740862 0.671658 0
    outer loop
      vertex -52.1515 5.45146 1.6
      vertex -52.0724 5.53871 3.3
      vertex -52.0724 5.53871 1.6
    endloop
  endfacet
  facet normal -0.740862 0.671658 0
    outer loop
      vertex -52.0724 5.53871 3.3
      vertex -52.1515 5.45146 1.6
      vertex -52.1515 5.45146 3.3
    endloop
  endfacet
  facet normal -0.803015 0.595958 0
    outer loop
      vertex -52.0724 5.53871 1.6
      vertex -52.0022 5.6333 3.3
      vertex -52.0022 5.6333 1.6
    endloop
  endfacet
  facet normal -0.803015 0.595958 0
    outer loop
      vertex -52.0022 5.6333 3.3
      vertex -52.0724 5.53871 1.6
      vertex -52.0724 5.53871 3.3
    endloop
  endfacet
  facet normal -0.85789 0.513834 0
    outer loop
      vertex -52.0022 5.6333 1.6
      vertex -51.9417 5.73431 3.3
      vertex -51.9417 5.73431 1.6
    endloop
  endfacet
  facet normal -0.85789 0.513834 0
    outer loop
      vertex -51.9417 5.73431 3.3
      vertex -52.0022 5.6333 1.6
      vertex -52.0022 5.6333 3.3
    endloop
  endfacet
  facet normal -0.903831 0.427889 0
    outer loop
      vertex -51.9417 5.73431 1.6
      vertex -51.8913 5.84077 3.3
      vertex -51.8913 5.84077 1.6
    endloop
  endfacet
  facet normal -0.903831 0.427889 0
    outer loop
      vertex -51.8913 5.84077 3.3
      vertex -51.9417 5.73431 1.6
      vertex -51.9417 5.73431 3.3
    endloop
  endfacet
  facet normal -0.941732 0.336363 0
    outer loop
      vertex -51.8913 5.84077 1.6
      vertex -51.8517 5.95164 3.3
      vertex -51.8517 5.95164 1.6
    endloop
  endfacet
  facet normal -0.941732 0.336363 0
    outer loop
      vertex -51.8517 5.95164 3.3
      vertex -51.8913 5.84077 1.6
      vertex -51.8913 5.84077 3.3
    endloop
  endfacet
  facet normal -0.969857 0.243674 0
    outer loop
      vertex -51.8517 5.95164 1.6
      vertex -51.823 6.06587 3.3
      vertex -51.823 6.06587 1.6
    endloop
  endfacet
  facet normal -0.969857 0.243674 0
    outer loop
      vertex -51.823 6.06587 3.3
      vertex -51.8517 5.95164 1.6
      vertex -51.8517 5.95164 3.3
    endloop
  endfacet
  facet normal -0.989276 0.146056 0
    outer loop
      vertex -51.823 6.06587 1.6
      vertex -51.8058 6.18237 3.3
      vertex -51.8058 6.18237 1.6
    endloop
  endfacet
  facet normal -0.989276 0.146056 0
    outer loop
      vertex -51.8058 6.18237 3.3
      vertex -51.823 6.06587 1.6
      vertex -51.823 6.06587 3.3
    endloop
  endfacet
  facet normal -0.998786 0.0492515 0
    outer loop
      vertex -51.8058 6.18237 1.6
      vertex -51.8 6.29999 3.3
      vertex -51.8 6.29999 1.6
    endloop
  endfacet
  facet normal -0.998786 0.0492515 0
    outer loop
      vertex -51.8 6.29999 3.3
      vertex -51.8058 6.18237 1.6
      vertex -51.8058 6.18237 3.3
    endloop
  endfacet
  facet normal -1 0 0
    outer loop
      vertex -51.8 6.29999 1.6
      vertex -51.8 28.9 3.3
      vertex -51.8 28.9 1.6
    endloop
  endfacet
  facet normal -1 -0 0
    outer loop
      vertex -51.8 28.9 3.3
      vertex -51.8 6.29999 1.6
      vertex -51.8 6.29999 3.3
    endloop
  endfacet
  facet normal -0.998786 -0.0492599 0
    outer loop
      vertex -51.8 28.9 1.6
      vertex -51.8058 29.0176 3.3
      vertex -51.8058 29.0176 1.6
    endloop
  endfacet
  facet normal -0.998786 -0.0492599 0
    outer loop
      vertex -51.8058 29.0176 3.3
      vertex -51.8 28.9 1.6
      vertex -51.8 28.9 3.3
    endloop
  endfacet
  facet normal -0.989276 -0.146056 0
    outer loop
      vertex -51.8058 29.0176 1.6
      vertex -51.823 29.1341 3.3
      vertex -51.823 29.1341 1.6
    endloop
  endfacet
  facet normal -0.989276 -0.146056 0
    outer loop
      vertex -51.823 29.1341 3.3
      vertex -51.8058 29.0176 1.6
      vertex -51.8058 29.0176 3.3
    endloop
  endfacet
  facet normal -0.969842 -0.243734 0
    outer loop
      vertex -51.823 29.1341 1.6
      vertex -51.8517 29.2483 3.3
      vertex -51.8517 29.2483 1.6
    endloop
  endfacet
  facet normal -0.969842 -0.243734 0
    outer loop
      vertex -51.8517 29.2483 3.3
      vertex -51.823 29.1341 1.6
      vertex -51.823 29.1341 3.3
    endloop
  endfacet
  facet normal -0.941761 -0.336283 0
    outer loop
      vertex -51.8517 29.2483 1.6
      vertex -51.8913 29.3592 3.3
      vertex -51.8913 29.3592 1.6
    endloop
  endfacet
  facet normal -0.941761 -0.336283 0
    outer loop
      vertex -51.8913 29.3592 3.3
      vertex -51.8517 29.2483 1.6
      vertex -51.8517 29.2483 3.3
    endloop
  endfacet
  facet normal -0.903893 -0.427758 0
    outer loop
      vertex -51.8913 29.3592 1.6
      vertex -51.9417 29.4657 3.3
      vertex -51.9417 29.4657 1.6
    endloop
  endfacet
  facet normal -0.903893 -0.427758 0
    outer loop
      vertex -51.9417 29.4657 3.3
      vertex -51.8913 29.3592 1.6
      vertex -51.8913 29.3592 3.3
    endloop
  endfacet
  facet normal -0.857867 -0.513871 0
    outer loop
      vertex -51.9417 29.4657 1.6
      vertex -52.0022 29.5667 3.3
      vertex -52.0022 29.5667 1.6
    endloop
  endfacet
  facet normal -0.857867 -0.513871 0
    outer loop
      vertex -52.0022 29.5667 3.3
      vertex -51.9417 29.4657 1.6
      vertex -51.9417 29.4657 3.3
    endloop
  endfacet
  facet normal -0.803046 -0.595918 0
    outer loop
      vertex -52.0022 29.5667 1.6
      vertex -52.0724 29.6613 3.3
      vertex -52.0724 29.6613 1.6
    endloop
  endfacet
  facet normal -0.803046 -0.595918 0
    outer loop
      vertex -52.0724 29.6613 3.3
      vertex -52.0022 29.5667 1.6
      vertex -52.0022 29.5667 3.3
    endloop
  endfacet
  facet normal -0.74067 -0.671869 0
    outer loop
      vertex -52.0724 29.6613 1.6
      vertex -52.1515 29.7485 3.3
      vertex -52.1515 29.7485 1.6
    endloop
  endfacet
  facet normal -0.74067 -0.671869 0
    outer loop
      vertex -52.1515 29.7485 3.3
      vertex -52.0724 29.6613 1.6
      vertex -52.0724 29.6613 3.3
    endloop
  endfacet
  facet normal -0.671869 -0.74067 0
    outer loop
      vertex -52.2387 29.8276 1.6
      vertex -52.1515 29.7485 3.3
      vertex -52.2387 29.8276 3.3
    endloop
  endfacet
  facet normal -0.671869 -0.74067 -0
    outer loop
      vertex -52.1515 29.7485 3.3
      vertex -52.2387 29.8276 1.6
      vertex -52.1515 29.7485 1.6
    endloop
  endfacet
  facet normal -0.595918 -0.803046 0
    outer loop
      vertex -52.3333 29.8978 1.6
      vertex -52.2387 29.8276 3.3
      vertex -52.3333 29.8978 3.3
    endloop
  endfacet
  facet normal -0.595918 -0.803046 -0
    outer loop
      vertex -52.2387 29.8276 3.3
      vertex -52.3333 29.8978 1.6
      vertex -52.2387 29.8276 1.6
    endloop
  endfacet
  facet normal -0.513871 -0.857867 0
    outer loop
      vertex -52.4343 29.9583 1.6
      vertex -52.3333 29.8978 3.3
      vertex -52.4343 29.9583 3.3
    endloop
  endfacet
  facet normal -0.513871 -0.857867 -0
    outer loop
      vertex -52.3333 29.8978 3.3
      vertex -52.4343 29.9583 1.6
      vertex -52.3333 29.8978 1.6
    endloop
  endfacet
  facet normal -0.427758 -0.903893 0
    outer loop
      vertex -52.5408 30.0087 1.6
      vertex -52.4343 29.9583 3.3
      vertex -52.5408 30.0087 3.3
    endloop
  endfacet
  facet normal -0.427758 -0.903893 -0
    outer loop
      vertex -52.4343 29.9583 3.3
      vertex -52.5408 30.0087 1.6
      vertex -52.4343 29.9583 1.6
    endloop
  endfacet
  facet normal -0.336552 -0.941665 0
    outer loop
      vertex -52.6516 30.0483 1.6
      vertex -52.5408 30.0087 3.3
      vertex -52.6516 30.0483 3.3
    endloop
  endfacet
  facet normal -0.336552 -0.941665 -0
    outer loop
      vertex -52.5408 30.0087 3.3
      vertex -52.6516 30.0483 1.6
      vertex -52.5408 30.0087 1.6
    endloop
  endfacet
  facet normal -0.242735 -0.970093 0
    outer loop
      vertex -52.7659 30.0769 1.6
      vertex -52.6516 30.0483 3.3
      vertex -52.7659 30.0769 3.3
    endloop
  endfacet
  facet normal -0.242735 -0.970093 -0
    outer loop
      vertex -52.6516 30.0483 3.3
      vertex -52.7659 30.0769 1.6
      vertex -52.6516 30.0483 1.6
    endloop
  endfacet
  facet normal -0.146887 -0.989153 0
    outer loop
      vertex -52.8824 30.0942 1.6
      vertex -52.7659 30.0769 3.3
      vertex -52.8824 30.0942 3.3
    endloop
  endfacet
  facet normal -0.146887 -0.989153 -0
    outer loop
      vertex -52.7659 30.0769 3.3
      vertex -52.8824 30.0942 1.6
      vertex -52.7659 30.0769 1.6
    endloop
  endfacet
  facet normal -0.0492599 -0.998786 0
    outer loop
      vertex -53 30.1 1.6
      vertex -52.8824 30.0942 3.3
      vertex -53 30.1 3.3
    endloop
  endfacet
  facet normal -0.0492599 -0.998786 -0
    outer loop
      vertex -52.8824 30.0942 3.3
      vertex -53 30.1 1.6
      vertex -52.8824 30.0942 1.6
    endloop
  endfacet
  facet normal 0 -1 0
    outer loop
      vertex -83.6 30.1 1.6
      vertex -53 30.1 3.3
      vertex -83.6 30.1 3.3
    endloop
  endfacet
  facet normal 0 -1 -0
    outer loop
      vertex -53 30.1 3.3
      vertex -83.6 30.1 1.6
      vertex -53 30.1 1.6
    endloop
  endfacet
  facet normal 0.0492599 -0.998786 0
    outer loop
      vertex -83.7176 30.0942 1.6
      vertex -83.6 30.1 3.3
      vertex -83.7176 30.0942 3.3
    endloop
  endfacet
  facet normal 0.0492599 -0.998786 0
    outer loop
      vertex -83.6 30.1 3.3
      vertex -83.7176 30.0942 1.6
      vertex -83.6 30.1 1.6
    endloop
  endfacet
  facet normal 0.146887 -0.989153 0
    outer loop
      vertex -83.8341 30.0769 1.6
      vertex -83.7176 30.0942 3.3
      vertex -83.8341 30.0769 3.3
    endloop
  endfacet
  facet normal 0.146887 -0.989153 0
    outer loop
      vertex -83.7176 30.0942 3.3
      vertex -83.8341 30.0769 1.6
      vertex -83.7176 30.0942 1.6
    endloop
  endfacet
  facet normal 0.242935 -0.970042 0
    outer loop
      vertex -83.9483 30.0483 1.6
      vertex -83.8341 30.0769 3.3
      vertex -83.9483 30.0483 3.3
    endloop
  endfacet
  facet normal 0.242935 -0.970042 0
    outer loop
      vertex -83.8341 30.0769 3.3
      vertex -83.9483 30.0483 1.6
      vertex -83.8341 30.0769 1.6
    endloop
  endfacet
  facet normal 0.336283 -0.941761 0
    outer loop
      vertex -84.0592 30.0087 1.6
      vertex -83.9483 30.0483 3.3
      vertex -84.0592 30.0087 3.3
    endloop
  endfacet
  facet normal 0.336283 -0.941761 0
    outer loop
      vertex -83.9483 30.0483 3.3
      vertex -84.0592 30.0087 1.6
      vertex -83.9483 30.0483 1.6
    endloop
  endfacet
  facet normal 0.427758 -0.903893 0
    outer loop
      vertex -84.1657 29.9583 1.6
      vertex -84.0592 30.0087 3.3
      vertex -84.1657 29.9583 3.3
    endloop
  endfacet
  facet normal 0.427758 -0.903893 0
    outer loop
      vertex -84.0592 30.0087 3.3
      vertex -84.1657 29.9583 1.6
      vertex -84.0592 30.0087 1.6
    endloop
  endfacet
  facet normal 0.513871 -0.857867 0
    outer loop
      vertex -84.2667 29.8978 1.6
      vertex -84.1657 29.9583 3.3
      vertex -84.2667 29.8978 3.3
    endloop
  endfacet
  facet normal 0.513871 -0.857867 0
    outer loop
      vertex -84.1657 29.9583 3.3
      vertex -84.2667 29.8978 1.6
      vertex -84.1657 29.9583 1.6
    endloop
  endfacet
  facet normal 0.595918 -0.803046 0
    outer loop
      vertex -84.3613 29.8276 1.6
      vertex -84.2667 29.8978 3.3
      vertex -84.3613 29.8276 3.3
    endloop
  endfacet
  facet normal 0.595918 -0.803046 0
    outer loop
      vertex -84.2667 29.8978 3.3
      vertex -84.3613 29.8276 1.6
      vertex -84.2667 29.8978 1.6
    endloop
  endfacet
  facet normal 0.671869 -0.74067 0
    outer loop
      vertex -84.4485 29.7485 1.6
      vertex -84.3613 29.8276 3.3
      vertex -84.4485 29.7485 3.3
    endloop
  endfacet
  facet normal 0.671869 -0.74067 0
    outer loop
      vertex -84.3613 29.8276 3.3
      vertex -84.4485 29.7485 1.6
      vertex -84.3613 29.8276 1.6
    endloop
  endfacet
  facet normal 0.74067 -0.671869 0
    outer loop
      vertex -84.5276 29.6613 3.3
      vertex -84.4485 29.7485 1.6
      vertex -84.4485 29.7485 3.3
    endloop
  endfacet
  facet normal 0.74067 -0.671869 0
    outer loop
      vertex -84.4485 29.7485 1.6
      vertex -84.5276 29.6613 3.3
      vertex -84.5276 29.6613 1.6
    endloop
  endfacet
  facet normal 0.803452 -0.59537 0
    outer loop
      vertex -84.5977 29.5667 3.3
      vertex -84.5276 29.6613 1.6
      vertex -84.5276 29.6613 3.3
    endloop
  endfacet
  facet normal 0.803452 -0.59537 0
    outer loop
      vertex -84.5276 29.6613 1.6
      vertex -84.5977 29.5667 3.3
      vertex -84.5977 29.5667 1.6
    endloop
  endfacet
  facet normal 0.857493 -0.514496 0
    outer loop
      vertex -84.6583 29.4657 3.3
      vertex -84.5977 29.5667 1.6
      vertex -84.5977 29.5667 3.3
    endloop
  endfacet
  facet normal 0.857493 -0.514496 0
    outer loop
      vertex -84.5977 29.5667 1.6
      vertex -84.6583 29.4657 3.3
      vertex -84.6583 29.4657 1.6
    endloop
  endfacet
  facet normal 0.904221 -0.427064 0
    outer loop
      vertex -84.7086 29.3592 3.3
      vertex -84.6583 29.4657 1.6
      vertex -84.6583 29.4657 3.3
    endloop
  endfacet
  facet normal 0.904221 -0.427064 0
    outer loop
      vertex -84.6583 29.4657 1.6
      vertex -84.7086 29.3592 3.3
      vertex -84.7086 29.3592 1.6
    endloop
  endfacet
  facet normal 0.941492 -0.337035 0
    outer loop
      vertex -84.7483 29.2483 3.3
      vertex -84.7086 29.3592 1.6
      vertex -84.7086 29.3592 3.3
    endloop
  endfacet
  facet normal 0.941492 -0.337035 0
    outer loop
      vertex -84.7086 29.3592 1.6
      vertex -84.7483 29.2483 3.3
      vertex -84.7483 29.2483 1.6
    endloop
  endfacet
  facet normal 0.970042 -0.242935 0
    outer loop
      vertex -84.7769 29.1341 3.3
      vertex -84.7483 29.2483 1.6
      vertex -84.7483 29.2483 3.3
    endloop
  endfacet
  facet normal 0.970042 -0.242935 0
    outer loop
      vertex -84.7483 29.2483 1.6
      vertex -84.7769 29.1341 3.3
      vertex -84.7769 29.1341 1.6
    endloop
  endfacet
  facet normal 0.989153 -0.146887 0
    outer loop
      vertex -84.7942 29.0176 3.3
      vertex -84.7769 29.1341 1.6
      vertex -84.7769 29.1341 3.3
    endloop
  endfacet
  facet normal 0.989153 -0.146887 0
    outer loop
      vertex -84.7769 29.1341 1.6
      vertex -84.7942 29.0176 3.3
      vertex -84.7942 29.0176 1.6
    endloop
  endfacet
  facet normal 0.998786 -0.0492599 0
    outer loop
      vertex -84.8 28.9 3.3
      vertex -84.7942 29.0176 1.6
      vertex -84.7942 29.0176 3.3
    endloop
  endfacet
  facet normal 0.998786 -0.0492599 0
    outer loop
      vertex -84.7942 29.0176 1.6
      vertex -84.8 28.9 3.3
      vertex -84.8 28.9 1.6
    endloop
  endfacet
  facet normal 1 -0 0
    outer loop
      vertex -84.8 6.29999 3.3
      vertex -84.8 28.9 1.6
      vertex -84.8 28.9 3.3
    endloop
  endfacet
  facet normal 1 0 0
    outer loop
      vertex -84.8 28.9 1.6
      vertex -84.8 6.29999 3.3
      vertex -84.8 6.29999 1.6
    endloop
  endfacet
  facet normal 0.998786 0.0492515 0
    outer loop
      vertex -84.7942 6.18237 3.3
      vertex -84.8 6.29999 1.6
      vertex -84.8 6.29999 3.3
    endloop
  endfacet
  facet normal 0.998786 0.0492515 0
    outer loop
      vertex -84.8 6.29999 1.6
      vertex -84.7942 6.18237 3.3
      vertex -84.7942 6.18237 1.6
    endloop
  endfacet
  facet normal 0.989153 0.146887 0
    outer loop
      vertex -84.7769 6.06587 3.3
      vertex -84.7942 6.18237 1.6
      vertex -84.7942 6.18237 3.3
    endloop
  endfacet
  facet normal 0.989153 0.146887 0
    outer loop
      vertex -84.7942 6.18237 1.6
      vertex -84.7769 6.06587 3.3
      vertex -84.7769 6.06587 1.6
    endloop
  endfacet
  facet normal 0.970058 0.242875 0
    outer loop
      vertex -84.7483 5.95164 3.3
      vertex -84.7769 6.06587 1.6
      vertex -84.7769 6.06587 3.3
    endloop
  endfacet
  facet normal 0.970058 0.242875 0
    outer loop
      vertex -84.7769 6.06587 1.6
      vertex -84.7483 5.95164 3.3
      vertex -84.7483 5.95164 1.6
    endloop
  endfacet
  facet normal 0.941463 0.337116 0
    outer loop
      vertex -84.7086 5.84077 3.3
      vertex -84.7483 5.95164 1.6
      vertex -84.7483 5.95164 3.3
    endloop
  endfacet
  facet normal 0.941463 0.337116 0
    outer loop
      vertex -84.7483 5.95164 1.6
      vertex -84.7086 5.84077 3.3
      vertex -84.7086 5.84077 1.6
    endloop
  endfacet
  facet normal 0.904159 0.427195 0
    outer loop
      vertex -84.6583 5.73431 3.3
      vertex -84.7086 5.84077 1.6
      vertex -84.7086 5.84077 3.3
    endloop
  endfacet
  facet normal 0.904159 0.427195 0
    outer loop
      vertex -84.7086 5.84077 1.6
      vertex -84.6583 5.73431 3.3
      vertex -84.6583 5.73431 1.6
    endloop
  endfacet
  facet normal 0.857515 0.514458 0
    outer loop
      vertex -84.5977 5.6333 3.3
      vertex -84.6583 5.73431 1.6
      vertex -84.6583 5.73431 3.3
    endloop
  endfacet
  facet normal 0.857515 0.514458 0
    outer loop
      vertex -84.6583 5.73431 1.6
      vertex -84.5977 5.6333 3.3
      vertex -84.5977 5.6333 1.6
    endloop
  endfacet
  facet normal 0.803422 0.59541 0
    outer loop
      vertex -84.5276 5.53871 3.3
      vertex -84.5977 5.6333 1.6
      vertex -84.5977 5.6333 3.3
    endloop
  endfacet
  facet normal 0.803422 0.59541 0
    outer loop
      vertex -84.5977 5.6333 1.6
      vertex -84.5276 5.53871 3.3
      vertex -84.5276 5.53871 1.6
    endloop
  endfacet
  facet normal 0.740862 0.671658 0
    outer loop
      vertex -84.4485 5.45146 3.3
      vertex -84.5276 5.53871 1.6
      vertex -84.5276 5.53871 3.3
    endloop
  endfacet
  facet normal 0.740862 0.671658 0
    outer loop
      vertex -84.5276 5.53871 1.6
      vertex -84.4485 5.45146 3.3
      vertex -84.4485 5.45146 1.6
    endloop
  endfacet
  facet normal 0.671776 0.740754 -0
    outer loop
      vertex -84.3613 5.37238 1.6
      vertex -84.4485 5.45146 3.3
      vertex -84.3613 5.37238 3.3
    endloop
  endfacet
  facet normal 0.671776 0.740754 0
    outer loop
      vertex -84.4485 5.45146 3.3
      vertex -84.3613 5.37238 1.6
      vertex -84.4485 5.45146 1.6
    endloop
  endfacet
  facet normal 0.595644 0.803249 -0
    outer loop
      vertex -84.2667 5.30223 1.6
      vertex -84.3613 5.37238 3.3
      vertex -84.2667 5.30223 3.3
    endloop
  endfacet
  facet normal 0.595644 0.803249 0
    outer loop
      vertex -84.3613 5.37238 3.3
      vertex -84.2667 5.30223 1.6
      vertex -84.3613 5.37238 1.6
    endloop
  endfacet
  facet normal 0.514184 0.85768 -0
    outer loop
      vertex -84.1657 5.24168 1.6
      vertex -84.2667 5.30223 3.3
      vertex -84.1657 5.24168 3.3
    endloop
  endfacet
  facet normal 0.514184 0.85768 0
    outer loop
      vertex -84.2667 5.30223 3.3
      vertex -84.1657 5.24168 1.6
      vertex -84.2667 5.30223 1.6
    endloop
  endfacet
  facet normal 0.427411 0.904057 -0
    outer loop
      vertex -84.0592 5.19133 1.6
      vertex -84.1657 5.24168 3.3
      vertex -84.0592 5.19133 3.3
    endloop
  endfacet
  facet normal 0.427411 0.904057 0
    outer loop
      vertex -84.1657 5.24168 3.3
      vertex -84.0592 5.19133 1.6
      vertex -84.1657 5.24168 1.6
    endloop
  endfacet
  facet normal 0.33681 0.941573 -0
    outer loop
      vertex -83.9483 5.15166 1.6
      vertex -84.0592 5.19133 3.3
      vertex -83.9483 5.15166 3.3
    endloop
  endfacet
  facet normal 0.33681 0.941573 0
    outer loop
      vertex -84.0592 5.19133 3.3
      vertex -83.9483 5.15166 1.6
      vertex -84.0592 5.19133 1.6
    endloop
  endfacet
  facet normal 0.243015 0.970022 -0
    outer loop
      vertex -83.8341 5.12305 1.6
      vertex -83.9483 5.15166 3.3
      vertex -83.8341 5.12305 3.3
    endloop
  endfacet
  facet normal 0.243015 0.970022 0
    outer loop
      vertex -83.9483 5.15166 3.3
      vertex -83.8341 5.12305 1.6
      vertex -83.9483 5.15166 1.6
    endloop
  endfacet
  facet normal 0.146804 0.989166 -0
    outer loop
      vertex -83.7176 5.10576 1.6
      vertex -83.8341 5.12305 3.3
      vertex -83.7176 5.10576 3.3
    endloop
  endfacet
  facet normal 0.146804 0.989166 0
    outer loop
      vertex -83.8341 5.12305 3.3
      vertex -83.7176 5.10576 1.6
      vertex -83.8341 5.12305 1.6
    endloop
  endfacet
  facet normal 0.0490057 0.998799 -0
    outer loop
      vertex -83.6 5.09999 1.6
      vertex -83.7176 5.10576 3.3
      vertex -83.6 5.09999 3.3
    endloop
  endfacet
  facet normal 0.0490057 0.998799 0
    outer loop
      vertex -83.7176 5.10576 3.3
      vertex -83.6 5.09999 1.6
      vertex -83.7176 5.10576 1.6
    endloop
  endfacet
  facet normal 0 1 -0
    outer loop
      vertex -53 5.09999 1.6
      vertex -83.6 5.09999 3.3
      vertex -53 5.09999 3.3
    endloop
  endfacet
  facet normal 0 1 0
    outer loop
      vertex -83.6 5.09999 3.3
      vertex -53 5.09999 1.6
      vertex -83.6 5.09999 1.6
    endloop
  endfacet
  facet normal -0.0490057 0.998799 0
    outer loop
      vertex -52.8824 5.10576 1.6
      vertex -53 5.09999 3.3
      vertex -52.8824 5.10576 3.3
    endloop
  endfacet
  facet normal -0.0490057 0.998799 0
    outer loop
      vertex -53 5.09999 3.3
      vertex -52.8824 5.10576 1.6
      vertex -53 5.09999 1.6
    endloop
  endfacet
  facet normal -0.146804 0.989166 0
    outer loop
      vertex -18.1659 5.12305 1.6
      vertex -18.2824 5.10576 3.3
      vertex -18.1659 5.12305 3.3
    endloop
  endfacet
  facet normal -0.146804 0.989166 0
    outer loop
      vertex -18.2824 5.10576 3.3
      vertex -18.1659 5.12305 1.6
      vertex -18.2824 5.10576 1.6
    endloop
  endfacet
  facet normal -0.243015 0.970022 0
    outer loop
      vertex -18.0517 5.15166 1.6
      vertex -18.1659 5.12305 3.3
      vertex -18.0517 5.15166 3.3
    endloop
  endfacet
  facet normal -0.243015 0.970022 0
    outer loop
      vertex -18.1659 5.12305 3.3
      vertex -18.0517 5.15166 1.6
      vertex -18.1659 5.12305 1.6
    endloop
  endfacet
  facet normal -0.33681 0.941573 0
    outer loop
      vertex -17.9408 5.19133 1.6
      vertex -18.0517 5.15166 3.3
      vertex -17.9408 5.19133 3.3
    endloop
  endfacet
  facet normal -0.33681 0.941573 0
    outer loop
      vertex -18.0517 5.15166 3.3
      vertex -17.9408 5.19133 1.6
      vertex -18.0517 5.15166 1.6
    endloop
  endfacet
  facet normal -0.427411 0.904057 0
    outer loop
      vertex -17.8343 5.24168 1.6
      vertex -17.9408 5.19133 3.3
      vertex -17.8343 5.24168 3.3
    endloop
  endfacet
  facet normal -0.427411 0.904057 0
    outer loop
      vertex -17.9408 5.19133 3.3
      vertex -17.8343 5.24168 1.6
      vertex -17.9408 5.19133 1.6
    endloop
  endfacet
  facet normal -0.514184 0.85768 0
    outer loop
      vertex -17.7333 5.30223 1.6
      vertex -17.8343 5.24168 3.3
      vertex -17.7333 5.30223 3.3
    endloop
  endfacet
  facet normal -0.514184 0.85768 0
    outer loop
      vertex -17.8343 5.24168 3.3
      vertex -17.7333 5.30223 1.6
      vertex -17.8343 5.24168 1.6
    endloop
  endfacet
  facet normal -0.595644 0.803249 0
    outer loop
      vertex -17.6387 5.37238 1.6
      vertex -17.7333 5.30223 3.3
      vertex -17.6387 5.37238 3.3
    endloop
  endfacet
  facet normal -0.595644 0.803249 0
    outer loop
      vertex -17.7333 5.30223 3.3
      vertex -17.6387 5.37238 1.6
      vertex -17.7333 5.30223 1.6
    endloop
  endfacet
  facet normal -0.671776 0.740754 0
    outer loop
      vertex -17.5515 5.45146 1.6
      vertex -17.6387 5.37238 3.3
      vertex -17.5515 5.45146 3.3
    endloop
  endfacet
  facet normal -0.671776 0.740754 0
    outer loop
      vertex -17.6387 5.37238 3.3
      vertex -17.5515 5.45146 1.6
      vertex -17.6387 5.37238 1.6
    endloop
  endfacet
  facet normal -0.740862 0.671658 0
    outer loop
      vertex -17.5515 5.45146 1.6
      vertex -17.4724 5.53871 3.3
      vertex -17.4724 5.53871 1.6
    endloop
  endfacet
  facet normal -0.740862 0.671658 0
    outer loop
      vertex -17.4724 5.53871 3.3
      vertex -17.5515 5.45146 1.6
      vertex -17.5515 5.45146 3.3
    endloop
  endfacet
  facet normal -0.803422 0.59541 0
    outer loop
      vertex -17.4724 5.53871 1.6
      vertex -17.4023 5.6333 3.3
      vertex -17.4023 5.6333 1.6
    endloop
  endfacet
  facet normal -0.803422 0.59541 0
    outer loop
      vertex -17.4023 5.6333 3.3
      vertex -17.4724 5.53871 1.6
      vertex -17.4724 5.53871 3.3
    endloop
  endfacet
  facet normal -0.857515 0.514458 0
    outer loop
      vertex -17.4023 5.6333 1.6
      vertex -17.3417 5.73431 3.3
      vertex -17.3417 5.73431 1.6
    endloop
  endfacet
  facet normal -0.857515 0.514458 0
    outer loop
      vertex -17.3417 5.73431 3.3
      vertex -17.4023 5.6333 1.6
      vertex -17.4023 5.6333 3.3
    endloop
  endfacet
  facet normal -0.904159 0.427195 0
    outer loop
      vertex -17.3417 5.73431 1.6
      vertex -17.2914 5.84077 3.3
      vertex -17.2914 5.84077 1.6
    endloop
  endfacet
  facet normal -0.904159 0.427195 0
    outer loop
      vertex -17.2914 5.84077 3.3
      vertex -17.3417 5.73431 1.6
      vertex -17.3417 5.73431 3.3
    endloop
  endfacet
  facet normal -0.941463 0.337116 0
    outer loop
      vertex -17.2914 5.84077 1.6
      vertex -17.2517 5.95164 3.3
      vertex -17.2517 5.95164 1.6
    endloop
  endfacet
  facet normal -0.941463 0.337116 0
    outer loop
      vertex -17.2517 5.95164 3.3
      vertex -17.2914 5.84077 1.6
      vertex -17.2914 5.84077 3.3
    endloop
  endfacet
  facet normal -0.970058 0.242875 0
    outer loop
      vertex -17.2517 5.95164 1.6
      vertex -17.2231 6.06587 3.3
      vertex -17.2231 6.06587 1.6
    endloop
  endfacet
  facet normal -0.970058 0.242875 0
    outer loop
      vertex -17.2231 6.06587 3.3
      vertex -17.2517 5.95164 1.6
      vertex -17.2517 5.95164 3.3
    endloop
  endfacet
  facet normal -0.989153 0.146887 0
    outer loop
      vertex -17.2231 6.06587 1.6
      vertex -17.2058 6.18237 3.3
      vertex -17.2058 6.18237 1.6
    endloop
  endfacet
  facet normal -0.989153 0.146887 0
    outer loop
      vertex -17.2058 6.18237 3.3
      vertex -17.2231 6.06587 1.6
      vertex -17.2231 6.06587 3.3
    endloop
  endfacet
  facet normal -0.998786 0.0492515 0
    outer loop
      vertex -17.2058 6.18237 1.6
      vertex -17.2 6.29999 3.3
      vertex -17.2 6.29999 1.6
    endloop
  endfacet
  facet normal -0.998786 0.0492515 0
    outer loop
      vertex -17.2 6.29999 3.3
      vertex -17.2058 6.18237 1.6
      vertex -17.2058 6.18237 3.3
    endloop
  endfacet
  facet normal -1 0 0
    outer loop
      vertex -17.2 6.29999 1.6
      vertex -17.2 28.9 3.3
      vertex -17.2 28.9 1.6
    endloop
  endfacet
  facet normal -1 -0 0
    outer loop
      vertex -17.2 28.9 3.3
      vertex -17.2 6.29999 1.6
      vertex -17.2 6.29999 3.3
    endloop
  endfacet
  facet normal -0.998786 -0.0492599 0
    outer loop
      vertex -17.2 28.9 1.6
      vertex -17.2058 29.0176 3.3
      vertex -17.2058 29.0176 1.6
    endloop
  endfacet
  facet normal -0.998786 -0.0492599 0
    outer loop
      vertex -17.2058 29.0176 3.3
      vertex -17.2 28.9 1.6
      vertex -17.2 28.9 3.3
    endloop
  endfacet
  facet normal -0.989153 -0.146887 0
    outer loop
      vertex -17.2058 29.0176 1.6
      vertex -17.2231 29.1341 3.3
      vertex -17.2231 29.1341 1.6
    endloop
  endfacet
  facet normal -0.989153 -0.146887 0
    outer loop
      vertex -17.2231 29.1341 3.3
      vertex -17.2058 29.0176 1.6
      vertex -17.2058 29.0176 3.3
    endloop
  endfacet
  facet normal -0.970042 -0.242935 0
    outer loop
      vertex -17.2231 29.1341 1.6
      vertex -17.2517 29.2483 3.3
      vertex -17.2517 29.2483 1.6
    endloop
  endfacet
  facet normal -0.970042 -0.242935 0
    outer loop
      vertex -17.2517 29.2483 3.3
      vertex -17.2231 29.1341 1.6
      vertex -17.2231 29.1341 3.3
    endloop
  endfacet
  facet normal -0.941492 -0.337035 0
    outer loop
      vertex -17.2517 29.2483 1.6
      vertex -17.2914 29.3592 3.3
      vertex -17.2914 29.3592 1.6
    endloop
  endfacet
  facet normal -0.941492 -0.337035 0
    outer loop
      vertex -17.2914 29.3592 3.3
      vertex -17.2517 29.2483 1.6
      vertex -17.2517 29.2483 3.3
    endloop
  endfacet
  facet normal -0.904221 -0.427064 0
    outer loop
      vertex -17.2914 29.3592 1.6
      vertex -17.3417 29.4657 3.3
      vertex -17.3417 29.4657 1.6
    endloop
  endfacet
  facet normal -0.904221 -0.427064 0
    outer loop
      vertex -17.3417 29.4657 3.3
      vertex -17.2914 29.3592 1.6
      vertex -17.2914 29.3592 3.3
    endloop
  endfacet
  facet normal -0.857493 -0.514496 0
    outer loop
      vertex -17.3417 29.4657 1.6
      vertex -17.4023 29.5667 3.3
      vertex -17.4023 29.5667 1.6
    endloop
  endfacet
  facet normal -0.857493 -0.514496 0
    outer loop
      vertex -17.4023 29.5667 3.3
      vertex -17.3417 29.4657 1.6
      vertex -17.3417 29.4657 3.3
    endloop
  endfacet
  facet normal -0.803452 -0.59537 0
    outer loop
      vertex -17.4023 29.5667 1.6
      vertex -17.4724 29.6613 3.3
      vertex -17.4724 29.6613 1.6
    endloop
  endfacet
  facet normal -0.803452 -0.59537 0
    outer loop
      vertex -17.4724 29.6613 3.3
      vertex -17.4023 29.5667 1.6
      vertex -17.4023 29.5667 3.3
    endloop
  endfacet
  facet normal -0.74067 -0.671869 0
    outer loop
      vertex -17.4724 29.6613 1.6
      vertex -17.5515 29.7485 3.3
      vertex -17.5515 29.7485 1.6
    endloop
  endfacet
  facet normal -0.74067 -0.671869 0
    outer loop
      vertex -17.5515 29.7485 3.3
      vertex -17.4724 29.6613 1.6
      vertex -17.4724 29.6613 3.3
    endloop
  endfacet
  facet normal -0.671869 -0.74067 0
    outer loop
      vertex -17.6387 29.8276 1.6
      vertex -17.5515 29.7485 3.3
      vertex -17.6387 29.8276 3.3
    endloop
  endfacet
  facet normal -0.671869 -0.74067 -0
    outer loop
      vertex -17.5515 29.7485 3.3
      vertex -17.6387 29.8276 1.6
      vertex -17.5515 29.7485 1.6
    endloop
  endfacet
  facet normal -0.595918 -0.803046 0
    outer loop
      vertex -17.7333 29.8978 1.6
      vertex -17.6387 29.8276 3.3
      vertex -17.7333 29.8978 3.3
    endloop
  endfacet
  facet normal -0.595918 -0.803046 -0
    outer loop
      vertex -17.6387 29.8276 3.3
      vertex -17.7333 29.8978 1.6
      vertex -17.6387 29.8276 1.6
    endloop
  endfacet
  facet normal -0.513871 -0.857867 0
    outer loop
      vertex -17.8343 29.9583 1.6
      vertex -17.7333 29.8978 3.3
      vertex -17.8343 29.9583 3.3
    endloop
  endfacet
  facet normal -0.513871 -0.857867 -0
    outer loop
      vertex -17.7333 29.8978 3.3
      vertex -17.8343 29.9583 1.6
      vertex -17.7333 29.8978 1.6
    endloop
  endfacet
  facet normal -0.427758 -0.903893 0
    outer loop
      vertex -17.9408 30.0087 1.6
      vertex -17.8343 29.9583 3.3
      vertex -17.9408 30.0087 3.3
    endloop
  endfacet
  facet normal -0.427758 -0.903893 -0
    outer loop
      vertex -17.8343 29.9583 3.3
      vertex -17.9408 30.0087 1.6
      vertex -17.8343 29.9583 1.6
    endloop
  endfacet
  facet normal -0.336283 -0.941761 0
    outer loop
      vertex -18.0517 30.0483 1.6
      vertex -17.9408 30.0087 3.3
      vertex -18.0517 30.0483 3.3
    endloop
  endfacet
  facet normal -0.336283 -0.941761 -0
    outer loop
      vertex -17.9408 30.0087 3.3
      vertex -18.0517 30.0483 1.6
      vertex -17.9408 30.0087 1.6
    endloop
  endfacet
  facet normal -0.242935 -0.970042 0
    outer loop
      vertex -18.1659 30.0769 1.6
      vertex -18.0517 30.0483 3.3
      vertex -18.1659 30.0769 3.3
    endloop
  endfacet
  facet normal -0.242935 -0.970042 -0
    outer loop
      vertex -18.0517 30.0483 3.3
      vertex -18.1659 30.0769 1.6
      vertex -18.0517 30.0483 1.6
    endloop
  endfacet
  facet normal -0.146887 -0.989153 0
    outer loop
      vertex -18.2824 30.0942 1.6
      vertex -18.1659 30.0769 3.3
      vertex -18.2824 30.0942 3.3
    endloop
  endfacet
  facet normal -0.146887 -0.989153 -0
    outer loop
      vertex -18.1659 30.0769 3.3
      vertex -18.2824 30.0942 1.6
      vertex -18.1659 30.0769 1.6
    endloop
  endfacet
  facet normal -0.0492599 -0.998786 0
    outer loop
      vertex -18.4 30.1 1.6
      vertex -18.2824 30.0942 3.3
      vertex -18.4 30.1 3.3
    endloop
  endfacet
  facet normal -0.0492599 -0.998786 -0
    outer loop
      vertex -18.2824 30.0942 3.3
      vertex -18.4 30.1 1.6
      vertex -18.2824 30.0942 1.6
    endloop
  endfacet
  facet normal 0 -1 0
    outer loop
      vertex -49 30.1 1.6
      vertex -18.4 30.1 3.3
      vertex -49 30.1 3.3
    endloop
  endfacet
  facet normal 0 -1 -0
    outer loop
      vertex -18.4 30.1 3.3
      vertex -49 30.1 1.6
      vertex -18.4 30.1 1.6
    endloop
  endfacet
  facet normal 0.0492599 -0.998786 0
    outer loop
      vertex -49.1176 30.0942 1.6
      vertex -49 30.1 3.3
      vertex -49.1176 30.0942 3.3
    endloop
  endfacet
  facet normal 0.0492599 -0.998786 0
    outer loop
      vertex -49 30.1 3.3
      vertex -49.1176 30.0942 1.6
      vertex -49 30.1 1.6
    endloop
  endfacet
  facet normal 0.146887 -0.989153 0
    outer loop
      vertex -49.2341 30.0769 1.6
      vertex -49.1176 30.0942 3.3
      vertex -49.2341 30.0769 3.3
    endloop
  endfacet
  facet normal 0.146887 -0.989153 0
    outer loop
      vertex -49.1176 30.0942 3.3
      vertex -49.2341 30.0769 1.6
      vertex -49.1176 30.0942 1.6
    endloop
  endfacet
  facet normal 0.242735 -0.970093 0
    outer loop
      vertex -49.3484 30.0483 1.6
      vertex -49.2341 30.0769 3.3
      vertex -49.3484 30.0483 3.3
    endloop
  endfacet
  facet normal 0.242735 -0.970093 0
    outer loop
      vertex -49.2341 30.0769 3.3
      vertex -49.3484 30.0483 1.6
      vertex -49.2341 30.0769 1.6
    endloop
  endfacet
  facet normal 0.336552 -0.941665 0
    outer loop
      vertex -49.4592 30.0087 1.6
      vertex -49.3484 30.0483 3.3
      vertex -49.4592 30.0087 3.3
    endloop
  endfacet
  facet normal 0.336552 -0.941665 0
    outer loop
      vertex -49.3484 30.0483 3.3
      vertex -49.4592 30.0087 1.6
      vertex -49.3484 30.0483 1.6
    endloop
  endfacet
  facet normal 0.427758 -0.903893 0
    outer loop
      vertex -49.5657 29.9583 1.6
      vertex -49.4592 30.0087 3.3
      vertex -49.5657 29.9583 3.3
    endloop
  endfacet
  facet normal 0.427758 -0.903893 0
    outer loop
      vertex -49.4592 30.0087 3.3
      vertex -49.5657 29.9583 1.6
      vertex -49.4592 30.0087 1.6
    endloop
  endfacet
  facet normal 0.513871 -0.857867 0
    outer loop
      vertex -49.6667 29.8978 1.6
      vertex -49.5657 29.9583 3.3
      vertex -49.6667 29.8978 3.3
    endloop
  endfacet
  facet normal 0.513871 -0.857867 0
    outer loop
      vertex -49.5657 29.9583 3.3
      vertex -49.6667 29.8978 1.6
      vertex -49.5657 29.9583 1.6
    endloop
  endfacet
  facet normal 0.595918 -0.803046 0
    outer loop
      vertex -49.7613 29.8276 1.6
      vertex -49.6667 29.8978 3.3
      vertex -49.7613 29.8276 3.3
    endloop
  endfacet
  facet normal 0.595918 -0.803046 0
    outer loop
      vertex -49.6667 29.8978 3.3
      vertex -49.7613 29.8276 1.6
      vertex -49.6667 29.8978 1.6
    endloop
  endfacet
  facet normal 0.671869 -0.74067 0
    outer loop
      vertex -49.8485 29.7485 1.6
      vertex -49.7613 29.8276 3.3
      vertex -49.8485 29.7485 3.3
    endloop
  endfacet
  facet normal 0.671869 -0.74067 0
    outer loop
      vertex -49.7613 29.8276 3.3
      vertex -49.8485 29.7485 1.6
      vertex -49.7613 29.8276 1.6
    endloop
  endfacet
  facet normal 0.74067 -0.671869 0
    outer loop
      vertex -49.9276 29.6613 3.3
      vertex -49.8485 29.7485 1.6
      vertex -49.8485 29.7485 3.3
    endloop
  endfacet
  facet normal 0.74067 -0.671869 0
    outer loop
      vertex -49.8485 29.7485 1.6
      vertex -49.9276 29.6613 3.3
      vertex -49.9276 29.6613 1.6
    endloop
  endfacet
  facet normal 0.803046 -0.595918 0
    outer loop
      vertex -49.9978 29.5667 3.3
      vertex -49.9276 29.6613 1.6
      vertex -49.9276 29.6613 3.3
    endloop
  endfacet
  facet normal 0.803046 -0.595918 0
    outer loop
      vertex -49.9276 29.6613 1.6
      vertex -49.9978 29.5667 3.3
      vertex -49.9978 29.5667 1.6
    endloop
  endfacet
  facet normal 0.857867 -0.513871 0
    outer loop
      vertex -50.0583 29.4657 3.3
      vertex -49.9978 29.5667 1.6
      vertex -49.9978 29.5667 3.3
    endloop
  endfacet
  facet normal 0.857867 -0.513871 0
    outer loop
      vertex -49.9978 29.5667 1.6
      vertex -50.0583 29.4657 3.3
      vertex -50.0583 29.4657 1.6
    endloop
  endfacet
  facet normal 0.903893 -0.427758 0
    outer loop
      vertex -50.1087 29.3592 3.3
      vertex -50.0583 29.4657 1.6
      vertex -50.0583 29.4657 3.3
    endloop
  endfacet
  facet normal 0.903893 -0.427758 0
    outer loop
      vertex -50.0583 29.4657 1.6
      vertex -50.1087 29.3592 3.3
      vertex -50.1087 29.3592 1.6
    endloop
  endfacet
  facet normal 0.941761 -0.336283 0
    outer loop
      vertex -50.1483 29.2483 3.3
      vertex -50.1087 29.3592 1.6
      vertex -50.1087 29.3592 3.3
    endloop
  endfacet
  facet normal 0.941761 -0.336283 0
    outer loop
      vertex -50.1087 29.3592 1.6
      vertex -50.1483 29.2483 3.3
      vertex -50.1483 29.2483 1.6
    endloop
  endfacet
  facet normal 0.969842 -0.243734 0
    outer loop
      vertex -50.177 29.1341 3.3
      vertex -50.1483 29.2483 1.6
      vertex -50.1483 29.2483 3.3
    endloop
  endfacet
  facet normal 0.969842 -0.243734 0
    outer loop
      vertex -50.1483 29.2483 1.6
      vertex -50.177 29.1341 3.3
      vertex -50.177 29.1341 1.6
    endloop
  endfacet
  facet normal 0.989276 -0.146056 0
    outer loop
      vertex -50.1942 29.0176 3.3
      vertex -50.177 29.1341 1.6
      vertex -50.177 29.1341 3.3
    endloop
  endfacet
  facet normal 0.989276 -0.146056 0
    outer loop
      vertex -50.177 29.1341 1.6
      vertex -50.1942 29.0176 3.3
      vertex -50.1942 29.0176 1.6
    endloop
  endfacet
  facet normal 0.998786 -0.0492599 0
    outer loop
      vertex -50.2 28.9 3.3
      vertex -50.1942 29.0176 1.6
      vertex -50.1942 29.0176 3.3
    endloop
  endfacet
  facet normal 0.998786 -0.0492599 0
    outer loop
      vertex -50.1942 29.0176 1.6
      vertex -50.2 28.9 3.3
      vertex -50.2 28.9 1.6
    endloop
  endfacet
  facet normal 1 -0 0
    outer loop
      vertex -50.2 6.29999 3.3
      vertex -50.2 28.9 1.6
      vertex -50.2 28.9 3.3
    endloop
  endfacet
  facet normal 1 0 0
    outer loop
      vertex -50.2 28.9 1.6
      vertex -50.2 6.29999 3.3
      vertex -50.2 6.29999 1.6
    endloop
  endfacet
  facet normal 0.998786 0.0492515 0
    outer loop
      vertex -50.1942 6.18237 3.3
      vertex -50.2 6.29999 1.6
      vertex -50.2 6.29999 3.3
    endloop
  endfacet
  facet normal 0.998786 0.0492515 0
    outer loop
      vertex -50.2 6.29999 1.6
      vertex -50.1942 6.18237 3.3
      vertex -50.1942 6.18237 1.6
    endloop
  endfacet
  facet normal 0.989276 0.146056 0
    outer loop
      vertex -50.177 6.06587 3.3
      vertex -50.1942 6.18237 1.6
      vertex -50.1942 6.18237 3.3
    endloop
  endfacet
  facet normal 0.989276 0.146056 0
    outer loop
      vertex -50.1942 6.18237 1.6
      vertex -50.177 6.06587 3.3
      vertex -50.177 6.06587 1.6
    endloop
  endfacet
  facet normal 0.969857 0.243674 0
    outer loop
      vertex -50.1483 5.95164 3.3
      vertex -50.177 6.06587 1.6
      vertex -50.177 6.06587 3.3
    endloop
  endfacet
  facet normal 0.969857 0.243674 0
    outer loop
      vertex -50.177 6.06587 1.6
      vertex -50.1483 5.95164 3.3
      vertex -50.1483 5.95164 1.6
    endloop
  endfacet
  facet normal 0.941732 0.336363 0
    outer loop
      vertex -50.1087 5.84077 3.3
      vertex -50.1483 5.95164 1.6
      vertex -50.1483 5.95164 3.3
    endloop
  endfacet
  facet normal 0.941732 0.336363 0
    outer loop
      vertex -50.1483 5.95164 1.6
      vertex -50.1087 5.84077 3.3
      vertex -50.1087 5.84077 1.6
    endloop
  endfacet
  facet normal 0.903831 0.427889 0
    outer loop
      vertex -50.0583 5.73431 3.3
      vertex -50.1087 5.84077 1.6
      vertex -50.1087 5.84077 3.3
    endloop
  endfacet
  facet normal 0.903831 0.427889 0
    outer loop
      vertex -50.1087 5.84077 1.6
      vertex -50.0583 5.73431 3.3
      vertex -50.0583 5.73431 1.6
    endloop
  endfacet
  facet normal 0.85789 0.513834 0
    outer loop
      vertex -49.9978 5.6333 3.3
      vertex -50.0583 5.73431 1.6
      vertex -50.0583 5.73431 3.3
    endloop
  endfacet
  facet normal 0.85789 0.513834 0
    outer loop
      vertex -50.0583 5.73431 1.6
      vertex -49.9978 5.6333 3.3
      vertex -49.9978 5.6333 1.6
    endloop
  endfacet
  facet normal 0.803015 0.595958 0
    outer loop
      vertex -49.9276 5.53871 3.3
      vertex -49.9978 5.6333 1.6
      vertex -49.9978 5.6333 3.3
    endloop
  endfacet
  facet normal 0.803015 0.595958 0
    outer loop
      vertex -49.9978 5.6333 1.6
      vertex -49.9276 5.53871 3.3
      vertex -49.9276 5.53871 1.6
    endloop
  endfacet
  facet normal 0.740862 0.671658 0
    outer loop
      vertex -49.8485 5.45146 3.3
      vertex -49.9276 5.53871 1.6
      vertex -49.9276 5.53871 3.3
    endloop
  endfacet
  facet normal 0.740862 0.671658 0
    outer loop
      vertex -49.9276 5.53871 1.6
      vertex -49.8485 5.45146 3.3
      vertex -49.8485 5.45146 1.6
    endloop
  endfacet
  facet normal 0.671776 0.740754 -0
    outer loop
      vertex -49.7613 5.37238 1.6
      vertex -49.8485 5.45146 3.3
      vertex -49.7613 5.37238 3.3
    endloop
  endfacet
  facet normal 0.671776 0.740754 0
    outer loop
      vertex -49.8485 5.45146 3.3
      vertex -49.7613 5.37238 1.6
      vertex -49.8485 5.45146 1.6
    endloop
  endfacet
  facet normal 0.595644 0.803249 -0
    outer loop
      vertex -49.6667 5.30223 1.6
      vertex -49.7613 5.37238 3.3
      vertex -49.6667 5.30223 3.3
    endloop
  endfacet
  facet normal 0.595644 0.803249 0
    outer loop
      vertex -49.7613 5.37238 3.3
      vertex -49.6667 5.30223 1.6
      vertex -49.7613 5.37238 1.6
    endloop
  endfacet
  facet normal 0.514184 0.85768 -0
    outer loop
      vertex -49.5657 5.24168 1.6
      vertex -49.6667 5.30223 3.3
      vertex -49.5657 5.24168 3.3
    endloop
  endfacet
  facet normal 0.514184 0.85768 0
    outer loop
      vertex -49.6667 5.30223 3.3
      vertex -49.5657 5.24168 1.6
      vertex -49.6667 5.30223 1.6
    endloop
  endfacet
  facet normal 0.427411 0.904057 -0
    outer loop
      vertex -49.4592 5.19133 1.6
      vertex -49.5657 5.24168 3.3
      vertex -49.4592 5.19133 3.3
    endloop
  endfacet
  facet normal 0.427411 0.904057 0
    outer loop
      vertex -49.5657 5.24168 3.3
      vertex -49.4592 5.19133 1.6
      vertex -49.5657 5.24168 1.6
    endloop
  endfacet
  facet normal 0.337079 0.941476 -0
    outer loop
      vertex -49.3484 5.15166 1.6
      vertex -49.4592 5.19133 3.3
      vertex -49.3484 5.15166 3.3
    endloop
  endfacet
  facet normal 0.337079 0.941476 0
    outer loop
      vertex -49.4592 5.19133 3.3
      vertex -49.3484 5.15166 1.6
      vertex -49.4592 5.19133 1.6
    endloop
  endfacet
  facet normal 0.242815 0.970073 -0
    outer loop
      vertex -49.2341 5.12305 1.6
      vertex -49.3484 5.15166 3.3
      vertex -49.2341 5.12305 3.3
    endloop
  endfacet
  facet normal 0.242815 0.970073 0
    outer loop
      vertex -49.3484 5.15166 3.3
      vertex -49.2341 5.12305 1.6
      vertex -49.3484 5.15166 1.6
    endloop
  endfacet
  facet normal 0.146804 0.989166 -0
    outer loop
      vertex -49.1176 5.10576 1.6
      vertex -49.2341 5.12305 3.3
      vertex -49.1176 5.10576 3.3
    endloop
  endfacet
  facet normal 0.146804 0.989166 0
    outer loop
      vertex -49.2341 5.12305 3.3
      vertex -49.1176 5.10576 1.6
      vertex -49.2341 5.12305 1.6
    endloop
  endfacet
  facet normal 0.0490057 0.998799 -0
    outer loop
      vertex -49 5.09999 1.6
      vertex -49.1176 5.10576 3.3
      vertex -49 5.09999 3.3
    endloop
  endfacet
  facet normal 0.0490057 0.998799 0
    outer loop
      vertex -49.1176 5.10576 3.3
      vertex -49 5.09999 1.6
      vertex -49.1176 5.10576 1.6
    endloop
  endfacet
  facet normal 0 1 -0
    outer loop
      vertex -18.4 5.09999 1.6
      vertex -49 5.09999 3.3
      vertex -18.4 5.09999 3.3
    endloop
  endfacet
  facet normal 0 1 0
    outer loop
      vertex -49 5.09999 3.3
      vertex -18.4 5.09999 1.6
      vertex -49 5.09999 1.6
    endloop
  endfacet
  facet normal -0.0490057 0.998799 0
    outer loop
      vertex -18.2824 5.10576 1.6
      vertex -18.4 5.09999 3.3
      vertex -18.2824 5.10576 3.3
    endloop
  endfacet
  facet normal -0.0490057 0.998799 0
    outer loop
      vertex -18.4 5.09999 3.3
      vertex -18.2824 5.10576 1.6
      vertex -18.4 5.09999 1.6
    endloop
  endfacet
  facet normal 0 0 1
    outer loop
      vertex -44.1 -4.10001 2.7
      vertex -42.9 -5.3 2.7
      vertex -42.9058 -5.18239 2.7
    endloop
  endfacet
  facet normal 0 0 1
    outer loop
      vertex -42.9 -5.3 2.7
      vertex -44.1 -4.10001 2.7
      vertex -42.9 -15.1 2.7
    endloop
  endfacet
  facet normal 0 0 1
    outer loop
      vertex -44.1 -4.10001 2.7
      vertex -42.9058 -5.18239 2.7
      vertex -42.9231 -5.06589 2.7
    endloop
  endfacet
  facet normal 0 0 1
    outer loop
      vertex -44.1 -16.3 2.7
      vertex -42.9 -15.1 2.7
      vertex -44.1 -4.10001 2.7
    endloop
  endfacet
  facet normal 0 0 1
    outer loop
      vertex -44.1 -4.10001 2.7
      vertex -42.9231 -5.06589 2.7
      vertex -42.9517 -4.95166 2.7
    endloop
  endfacet
  facet normal 0 0 1
    outer loop
      vertex -42.9 -15.1 2.7
      vertex -44.1 -16.3 2.7
      vertex -42.9058 -15.2176 2.7
    endloop
  endfacet
  facet normal 0 0 1
    outer loop
      vertex -44.1 -4.10001 2.7
      vertex -42.9517 -4.95166 2.7
      vertex -42.9913 -4.84079 2.7
    endloop
  endfacet
  facet normal 0 0 1
    outer loop
      vertex -42.9058 -15.2176 2.7
      vertex -44.1 -16.3 2.7
      vertex -42.9231 -15.3341 2.7
    endloop
  endfacet
  facet normal 0 0 1
    outer loop
      vertex -44.1 -4.10001 2.7
      vertex -42.9913 -4.84079 2.7
      vertex -43.0417 -4.73433 2.7
    endloop
  endfacet
  facet normal 0 0 1
    outer loop
      vertex -42.9231 -15.3341 2.7
      vertex -44.1 -16.3 2.7
      vertex -42.9517 -15.4483 2.7
    endloop
  endfacet
  facet normal 0 0 1
    outer loop
      vertex -44.1 -4.10001 2.7
      vertex -43.0417 -4.73433 2.7
      vertex -43.1022 -4.63332 2.7
    endloop
  endfacet
  facet normal 0 0 1
    outer loop
      vertex -42.9517 -15.4483 2.7
      vertex -44.1 -16.3 2.7
      vertex -42.9913 -15.5592 2.7
    endloop
  endfacet
  facet normal 0 0 1
    outer loop
      vertex -44.1 -4.10001 2.7
      vertex -43.1022 -4.63332 2.7
      vertex -43.1724 -4.53873 2.7
    endloop
  endfacet
  facet normal 0 0 1
    outer loop
      vertex -42.9913 -15.5592 2.7
      vertex -44.1 -16.3 2.7
      vertex -43.0417 -15.6657 2.7
    endloop
  endfacet
  facet normal 0 0 1
    outer loop
      vertex -44.1 -4.10001 2.7
      vertex -43.1724 -4.53873 2.7
      vertex -43.2515 -4.45148 2.7
    endloop
  endfacet
  facet normal 0 0 1
    outer loop
      vertex -43.0417 -15.6657 2.7
      vertex -44.1 -16.3 2.7
      vertex -43.1022 -15.7667 2.7
    endloop
  endfacet
  facet normal 0 0 1
    outer loop
      vertex -44.1 -4.10001 2.7
      vertex -43.2515 -4.45148 2.7
      vertex -43.3387 -4.37239 2.7
    endloop
  endfacet
  facet normal 0 0 1
    outer loop
      vertex -43.1022 -15.7667 2.7
      vertex -44.1 -16.3 2.7
      vertex -43.1724 -15.8613 2.7
    endloop
  endfacet
  facet normal 0 0 1
    outer loop
      vertex -44.1 -4.10001 2.7
      vertex -43.3387 -4.37239 2.7
      vertex -43.4333 -4.30225 2.7
    endloop
  endfacet
  facet normal 0 0 1
    outer loop
      vertex -43.1724 -15.8613 2.7
      vertex -44.1 -16.3 2.7
      vertex -43.2515 -15.9485 2.7
    endloop
  endfacet
  facet normal 0 0 1
    outer loop
      vertex -44.1 -4.10001 2.7
      vertex -43.4333 -4.30225 2.7
      vertex -43.5343 -4.2417 2.7
    endloop
  endfacet
  facet normal 0 0 1
    outer loop
      vertex -43.2515 -15.9485 2.7
      vertex -44.1 -16.3 2.7
      vertex -43.3387 -16.0276 2.7
    endloop
  endfacet
  facet normal 0 0 1
    outer loop
      vertex -44.1 -4.10001 2.7
      vertex -43.5343 -4.2417 2.7
      vertex -43.6408 -4.19135 2.7
    endloop
  endfacet
  facet normal 0 0 1
    outer loop
      vertex -43.3387 -16.0276 2.7
      vertex -44.1 -16.3 2.7
      vertex -43.4333 -16.0977 2.7
    endloop
  endfacet
  facet normal 0 0 1
    outer loop
      vertex -44.1 -4.10001 2.7
      vertex -43.6408 -4.19135 2.7
      vertex -43.7517 -4.15167 2.7
    endloop
  endfacet
  facet normal 0 0 1
    outer loop
      vertex -43.4333 -16.0977 2.7
      vertex -44.1 -16.3 2.7
      vertex -43.5343 -16.1583 2.7
    endloop
  endfacet
  facet normal 0 0 1
    outer loop
      vertex -44.1 -4.10001 2.7
      vertex -43.7517 -4.15167 2.7
      vertex -43.8659 -4.12306 2.7
    endloop
  endfacet
  facet normal 0 0 1
    outer loop
      vertex -43.5343 -16.1583 2.7
      vertex -44.1 -16.3 2.7
      vertex -43.6408 -16.2086 2.7
    endloop
  endfacet
  facet normal 0 0 1
    outer loop
      vertex -44.1 -4.10001 2.7
      vertex -43.8659 -4.12306 2.7
      vertex -43.9824 -4.10577 2.7
    endloop
  endfacet
  facet normal 0 0 1
    outer loop
      vertex -43.6408 -16.2086 2.7
      vertex -44.1 -16.3 2.7
      vertex -43.7517 -16.2483 2.7
    endloop
  endfacet
  facet normal 0 0 1
    outer loop
      vertex -43.7517 -16.2483 2.7
      vertex -44.1 -16.3 2.7
      vertex -43.8659 -16.2769 2.7
    endloop
  endfacet
  facet normal 0 0 1
    outer loop
      vertex -43.8659 -16.2769 2.7
      vertex -44.1 -16.3 2.7
      vertex -43.9824 -16.2942 2.7
    endloop
  endfacet
  facet normal -0 0 1
    outer loop
      vertex -57.9 -4.10001 2.7
      vertex -44.1 -16.3 2.7
      vertex -44.1 -4.10001 2.7
    endloop
  endfacet
  facet normal 0 0 1
    outer loop
      vertex -57.9 -4.10001 2.7
      vertex -57.9 -16.3 2.7
      vertex -44.1 -16.3 2.7
    endloop
  endfacet
  facet normal 0 0 1
    outer loop
      vertex -59.1 -5.3 2.7
      vertex -57.9 -4.10001 2.7
      vertex -58.0176 -4.10577 2.7
    endloop
  endfacet
  facet normal 0 0 1
    outer loop
      vertex -57.9 -4.10001 2.7
      vertex -59.1 -5.3 2.7
      vertex -57.9 -16.3 2.7
    endloop
  endfacet
  facet normal 0 0 1
    outer loop
      vertex -59.1 -5.3 2.7
      vertex -58.0176 -4.10577 2.7
      vertex -58.1341 -4.12306 2.7
    endloop
  endfacet
  facet normal -0 0 1
    outer loop
      vertex -59.1 -15.1 2.7
      vertex -57.9 -16.3 2.7
      vertex -59.1 -5.3 2.7
    endloop
  endfacet
  facet normal 0 0 1
    outer loop
      vertex -59.1 -5.3 2.7
      vertex -58.1341 -4.12306 2.7
      vertex -58.2483 -4.15167 2.7
    endloop
  endfacet
  facet normal 0 0 1
    outer loop
      vertex -57.9 -16.3 2.7
      vertex -59.1 -15.1 2.7
      vertex -58.0176 -16.2942 2.7
    endloop
  endfacet
  facet normal 0 0 1
    outer loop
      vertex -59.1 -5.3 2.7
      vertex -58.2483 -4.15167 2.7
      vertex -58.3592 -4.19135 2.7
    endloop
  endfacet
  facet normal 0 0 1
    outer loop
      vertex -58.0176 -16.2942 2.7
      vertex -59.1 -15.1 2.7
      vertex -58.1341 -16.2769 2.7
    endloop
  endfacet
  facet normal 0 0 1
    outer loop
      vertex -59.1 -5.3 2.7
      vertex -58.3592 -4.19135 2.7
      vertex -58.4657 -4.2417 2.7
    endloop
  endfacet
  facet normal 0 0 1
    outer loop
      vertex -58.1341 -16.2769 2.7
      vertex -59.1 -15.1 2.7
      vertex -58.2483 -16.2483 2.7
    endloop
  endfacet
  facet normal 0 0 1
    outer loop
      vertex -59.1 -5.3 2.7
      vertex -58.4657 -4.2417 2.7
      vertex -58.5667 -4.30225 2.7
    endloop
  endfacet
  facet normal 0 0 1
    outer loop
      vertex -58.2483 -16.2483 2.7
      vertex -59.1 -15.1 2.7
      vertex -58.3592 -16.2086 2.7
    endloop
  endfacet
  facet normal 0 0 1
    outer loop
      vertex -59.1 -5.3 2.7
      vertex -58.5667 -4.30225 2.7
      vertex -58.6613 -4.37239 2.7
    endloop
  endfacet
  facet normal 0 0 1
    outer loop
      vertex -58.3592 -16.2086 2.7
      vertex -59.1 -15.1 2.7
      vertex -58.4657 -16.1583 2.7
    endloop
  endfacet
  facet normal 0 0 1
    outer loop
      vertex -59.1 -5.3 2.7
      vertex -58.6613 -4.37239 2.7
      vertex -58.7485 -4.45148 2.7
    endloop
  endfacet
  facet normal 0 0 1
    outer loop
      vertex -58.4657 -16.1583 2.7
      vertex -59.1 -15.1 2.7
      vertex -58.5667 -16.0977 2.7
    endloop
  endfacet
  facet normal 0 0 1
    outer loop
      vertex -59.1 -5.3 2.7
      vertex -58.7485 -4.45148 2.7
      vertex -58.8276 -4.53873 2.7
    endloop
  endfacet
  facet normal 0 0 1
    outer loop
      vertex -58.5667 -16.0977 2.7
      vertex -59.1 -15.1 2.7
      vertex -58.6613 -16.0276 2.7
    endloop
  endfacet
  facet normal 0 0 1
    outer loop
      vertex -59.1 -5.3 2.7
      vertex -58.8276 -4.53873 2.7
      vertex -58.8977 -4.63332 2.7
    endloop
  endfacet
  facet normal 0 0 1
    outer loop
      vertex -58.6613 -16.0276 2.7
      vertex -59.1 -15.1 2.7
      vertex -58.7485 -15.9485 2.7
    endloop
  endfacet
  facet normal 0 0 1
    outer loop
      vertex -59.1 -5.3 2.7
      vertex -58.8977 -4.63332 2.7
      vertex -58.9583 -4.73433 2.7
    endloop
  endfacet
  facet normal 0 0 1
    outer loop
      vertex -58.7485 -15.9485 2.7
      vertex -59.1 -15.1 2.7
      vertex -58.8276 -15.8613 2.7
    endloop
  endfacet
  facet normal 0 0 1
    outer loop
      vertex -59.1 -5.3 2.7
      vertex -58.9583 -4.73433 2.7
      vertex -59.0086 -4.84079 2.7
    endloop
  endfacet
  facet normal 0 0 1
    outer loop
      vertex -58.8276 -15.8613 2.7
      vertex -59.1 -15.1 2.7
      vertex -58.8977 -15.7667 2.7
    endloop
  endfacet
  facet normal 0 0 1
    outer loop
      vertex -59.1 -5.3 2.7
      vertex -59.0086 -4.84079 2.7
      vertex -59.0483 -4.95166 2.7
    endloop
  endfacet
  facet normal 0 0 1
    outer loop
      vertex -58.8977 -15.7667 2.7
      vertex -59.1 -15.1 2.7
      vertex -58.9583 -15.6657 2.7
    endloop
  endfacet
  facet normal 0 0 1
    outer loop
      vertex -59.1 -5.3 2.7
      vertex -59.0483 -4.95166 2.7
      vertex -59.0769 -5.06589 2.7
    endloop
  endfacet
  facet normal 0 0 1
    outer loop
      vertex -58.9583 -15.6657 2.7
      vertex -59.1 -15.1 2.7
      vertex -59.0086 -15.5592 2.7
    endloop
  endfacet
  facet normal 0 0 1
    outer loop
      vertex -59.1 -5.3 2.7
      vertex -59.0769 -5.06589 2.7
      vertex -59.0942 -5.18239 2.7
    endloop
  endfacet
  facet normal 0 0 1
    outer loop
      vertex -59.0086 -15.5592 2.7
      vertex -59.1 -15.1 2.7
      vertex -59.0483 -15.4483 2.7
    endloop
  endfacet
  facet normal 0 0 1
    outer loop
      vertex -59.0483 -15.4483 2.7
      vertex -59.1 -15.1 2.7
      vertex -59.0769 -15.3341 2.7
    endloop
  endfacet
  facet normal 0 0 1
    outer loop
      vertex -59.0769 -15.3341 2.7
      vertex -59.1 -15.1 2.7
      vertex -59.0942 -15.2176 2.7
    endloop
  endfacet
  facet normal 0 0 1
    outer loop
      vertex -61.9 -4.10001 2.7
      vertex -60.7 -5.3 2.7
      vertex -60.7058 -5.18239 2.7
    endloop
  endfacet
  facet normal 0 0 1
    outer loop
      vertex -60.7 -5.3 2.7
      vertex -61.9 -4.10001 2.7
      vertex -60.7 -15.1 2.7
    endloop
  endfacet
  facet normal 0 0 1
    outer loop
      vertex -61.9 -4.10001 2.7
      vertex -60.7058 -5.18239 2.7
      vertex -60.7231 -5.06589 2.7
    endloop
  endfacet
  facet normal 0 0 1
    outer loop
      vertex -61.9 -16.3 2.7
      vertex -60.7 -15.1 2.7
      vertex -61.9 -4.10001 2.7
    endloop
  endfacet
  facet normal 0 0 1
    outer loop
      vertex -61.9 -4.10001 2.7
      vertex -60.7231 -5.06589 2.7
      vertex -60.7517 -4.95166 2.7
    endloop
  endfacet
  facet normal 0 0 1
    outer loop
      vertex -60.7 -15.1 2.7
      vertex -61.9 -16.3 2.7
      vertex -60.7058 -15.2176 2.7
    endloop
  endfacet
  facet normal 0 0 1
    outer loop
      vertex -61.9 -4.10001 2.7
      vertex -60.7517 -4.95166 2.7
      vertex -60.7913 -4.84079 2.7
    endloop
  endfacet
  facet normal 0 0 1
    outer loop
      vertex -60.7058 -15.2176 2.7
      vertex -61.9 -16.3 2.7
      vertex -60.7231 -15.3341 2.7
    endloop
  endfacet
  facet normal 0 0 1
    outer loop
      vertex -61.9 -4.10001 2.7
      vertex -60.7913 -4.84079 2.7
      vertex -60.8417 -4.73433 2.7
    endloop
  endfacet
  facet normal 0 0 1
    outer loop
      vertex -60.7231 -15.3341 2.7
      vertex -61.9 -16.3 2.7
      vertex -60.7517 -15.4483 2.7
    endloop
  endfacet
  facet normal 0 0 1
    outer loop
      vertex -61.9 -4.10001 2.7
      vertex -60.8417 -4.73433 2.7
      vertex -60.9022 -4.63332 2.7
    endloop
  endfacet
  facet normal 0 0 1
    outer loop
      vertex -60.7517 -15.4483 2.7
      vertex -61.9 -16.3 2.7
      vertex -60.7913 -15.5592 2.7
    endloop
  endfacet
  facet normal 0 0 1
    outer loop
      vertex -61.9 -4.10001 2.7
      vertex -60.9022 -4.63332 2.7
      vertex -60.9724 -4.53873 2.7
    endloop
  endfacet
  facet normal 0 0 1
    outer loop
      vertex -60.7913 -15.5592 2.7
      vertex -61.9 -16.3 2.7
      vertex -60.8417 -15.6657 2.7
    endloop
  endfacet
  facet normal 0 0 1
    outer loop
      vertex -61.9 -4.10001 2.7
      vertex -60.9724 -4.53873 2.7
      vertex -61.0515 -4.45148 2.7
    endloop
  endfacet
  facet normal 0 0 1
    outer loop
      vertex -60.8417 -15.6657 2.7
      vertex -61.9 -16.3 2.7
      vertex -60.9022 -15.7667 2.7
    endloop
  endfacet
  facet normal 0 0 1
    outer loop
      vertex -61.9 -4.10001 2.7
      vertex -61.0515 -4.45148 2.7
      vertex -61.1387 -4.37239 2.7
    endloop
  endfacet
  facet normal 0 0 1
    outer loop
      vertex -60.9022 -15.7667 2.7
      vertex -61.9 -16.3 2.7
      vertex -60.9724 -15.8613 2.7
    endloop
  endfacet
  facet normal 0 0 1
    outer loop
      vertex -61.9 -4.10001 2.7
      vertex -61.1387 -4.37239 2.7
      vertex -61.2333 -4.30225 2.7
    endloop
  endfacet
  facet normal 0 0 1
    outer loop
      vertex -60.9724 -15.8613 2.7
      vertex -61.9 -16.3 2.7
      vertex -61.0515 -15.9485 2.7
    endloop
  endfacet
  facet normal 0 0 1
    outer loop
      vertex -61.9 -4.10001 2.7
      vertex -61.2333 -4.30225 2.7
      vertex -61.3343 -4.2417 2.7
    endloop
  endfacet
  facet normal 0 0 1
    outer loop
      vertex -61.0515 -15.9485 2.7
      vertex -61.9 -16.3 2.7
      vertex -61.1387 -16.0276 2.7
    endloop
  endfacet
  facet normal 0 0 1
    outer loop
      vertex -61.9 -4.10001 2.7
      vertex -61.3343 -4.2417 2.7
      vertex -61.4408 -4.19135 2.7
    endloop
  endfacet
  facet normal 0 0 1
    outer loop
      vertex -61.1387 -16.0276 2.7
      vertex -61.9 -16.3 2.7
      vertex -61.2333 -16.0977 2.7
    endloop
  endfacet
  facet normal 0 0 1
    outer loop
      vertex -61.9 -4.10001 2.7
      vertex -61.4408 -4.19135 2.7
      vertex -61.5517 -4.15167 2.7
    endloop
  endfacet
  facet normal 0 0 1
    outer loop
      vertex -61.2333 -16.0977 2.7
      vertex -61.9 -16.3 2.7
      vertex -61.3343 -16.1583 2.7
    endloop
  endfacet
  facet normal 0 0 1
    outer loop
      vertex -61.9 -4.10001 2.7
      vertex -61.5517 -4.15167 2.7
      vertex -61.6659 -4.12306 2.7
    endloop
  endfacet
  facet normal 0 0 1
    outer loop
      vertex -61.3343 -16.1583 2.7
      vertex -61.9 -16.3 2.7
      vertex -61.4408 -16.2086 2.7
    endloop
  endfacet
  facet normal 0 0 1
    outer loop
      vertex -61.9 -4.10001 2.7
      vertex -61.6659 -4.12306 2.7
      vertex -61.7824 -4.10577 2.7
    endloop
  endfacet
  facet normal 0 0 1
    outer loop
      vertex -61.4408 -16.2086 2.7
      vertex -61.9 -16.3 2.7
      vertex -61.5517 -16.2483 2.7
    endloop
  endfacet
  facet normal 0 0 1
    outer loop
      vertex -61.5517 -16.2483 2.7
      vertex -61.9 -16.3 2.7
      vertex -61.6659 -16.2769 2.7
    endloop
  endfacet
  facet normal 0 0 1
    outer loop
      vertex -61.6659 -16.2769 2.7
      vertex -61.9 -16.3 2.7
      vertex -61.7824 -16.2942 2.7
    endloop
  endfacet
  facet normal -0 0 1
    outer loop
      vertex -75.7 -4.10001 2.7
      vertex -61.9 -16.3 2.7
      vertex -61.9 -4.10001 2.7
    endloop
  endfacet
  facet normal 0 0 1
    outer loop
      vertex -75.7 -4.10001 2.7
      vertex -75.7 -16.3 2.7
      vertex -61.9 -16.3 2.7
    endloop
  endfacet
  facet normal 0 0 1
    outer loop
      vertex -76.9 -5.3 2.7
      vertex -75.7 -4.10001 2.7
      vertex -75.8176 -4.10577 2.7
    endloop
  endfacet
  facet normal 0 0 1
    outer loop
      vertex -75.7 -4.10001 2.7
      vertex -76.9 -5.3 2.7
      vertex -75.7 -16.3 2.7
    endloop
  endfacet
  facet normal 0 0 1
    outer loop
      vertex -76.9 -5.3 2.7
      vertex -75.8176 -4.10577 2.7
      vertex -75.9341 -4.12306 2.7
    endloop
  endfacet
  facet normal -0 0 1
    outer loop
      vertex -76.9 -15.1 2.7
      vertex -75.7 -16.3 2.7
      vertex -76.9 -5.3 2.7
    endloop
  endfacet
  facet normal 0 0 1
    outer loop
      vertex -76.9 -5.3 2.7
      vertex -75.9341 -4.12306 2.7
      vertex -76.0483 -4.15167 2.7
    endloop
  endfacet
  facet normal 0 0 1
    outer loop
      vertex -75.7 -16.3 2.7
      vertex -76.9 -15.1 2.7
      vertex -75.8176 -16.2942 2.7
    endloop
  endfacet
  facet normal 0 0 1
    outer loop
      vertex -76.9 -5.3 2.7
      vertex -76.0483 -4.15167 2.7
      vertex -76.1592 -4.19135 2.7
    endloop
  endfacet
  facet normal 0 0 1
    outer loop
      vertex -75.8176 -16.2942 2.7
      vertex -76.9 -15.1 2.7
      vertex -75.9341 -16.2769 2.7
    endloop
  endfacet
  facet normal 0 0 1
    outer loop
      vertex -76.9 -5.3 2.7
      vertex -76.1592 -4.19135 2.7
      vertex -76.2657 -4.2417 2.7
    endloop
  endfacet
  facet normal 0 0 1
    outer loop
      vertex -75.9341 -16.2769 2.7
      vertex -76.9 -15.1 2.7
      vertex -76.0483 -16.2483 2.7
    endloop
  endfacet
  facet normal 0 0 1
    outer loop
      vertex -76.9 -5.3 2.7
      vertex -76.2657 -4.2417 2.7
      vertex -76.3667 -4.30225 2.7
    endloop
  endfacet
  facet normal 0 0 1
    outer loop
      vertex -76.0483 -16.2483 2.7
      vertex -76.9 -15.1 2.7
      vertex -76.1592 -16.2086 2.7
    endloop
  endfacet
  facet normal 0 0 1
    outer loop
      vertex -76.9 -5.3 2.7
      vertex -76.3667 -4.30225 2.7
      vertex -76.4613 -4.37239 2.7
    endloop
  endfacet
  facet normal 0 0 1
    outer loop
      vertex -76.1592 -16.2086 2.7
      vertex -76.9 -15.1 2.7
      vertex -76.2657 -16.1583 2.7
    endloop
  endfacet
  facet normal 0 0 1
    outer loop
      vertex -76.9 -5.3 2.7
      vertex -76.4613 -4.37239 2.7
      vertex -76.5485 -4.45148 2.7
    endloop
  endfacet
  facet normal 0 0 1
    outer loop
      vertex -76.2657 -16.1583 2.7
      vertex -76.9 -15.1 2.7
      vertex -76.3667 -16.0977 2.7
    endloop
  endfacet
  facet normal 0 0 1
    outer loop
      vertex -76.9 -5.3 2.7
      vertex -76.5485 -4.45148 2.7
      vertex -76.6276 -4.53873 2.7
    endloop
  endfacet
  facet normal 0 0 1
    outer loop
      vertex -76.3667 -16.0977 2.7
      vertex -76.9 -15.1 2.7
      vertex -76.4613 -16.0276 2.7
    endloop
  endfacet
  facet normal 0 0 1
    outer loop
      vertex -76.9 -5.3 2.7
      vertex -76.6276 -4.53873 2.7
      vertex -76.6977 -4.63332 2.7
    endloop
  endfacet
  facet normal 0 0 1
    outer loop
      vertex -76.4613 -16.0276 2.7
      vertex -76.9 -15.1 2.7
      vertex -76.5485 -15.9485 2.7
    endloop
  endfacet
  facet normal 0 0 1
    outer loop
      vertex -76.9 -5.3 2.7
      vertex -76.6977 -4.63332 2.7
      vertex -76.7583 -4.73433 2.7
    endloop
  endfacet
  facet normal 0 0 1
    outer loop
      vertex -76.5485 -15.9485 2.7
      vertex -76.9 -15.1 2.7
      vertex -76.6276 -15.8613 2.7
    endloop
  endfacet
  facet normal 0 0 1
    outer loop
      vertex -76.9 -5.3 2.7
      vertex -76.7583 -4.73433 2.7
      vertex -76.8086 -4.84079 2.7
    endloop
  endfacet
  facet normal 0 0 1
    outer loop
      vertex -76.6276 -15.8613 2.7
      vertex -76.9 -15.1 2.7
      vertex -76.6977 -15.7667 2.7
    endloop
  endfacet
  facet normal 0 0 1
    outer loop
      vertex -76.9 -5.3 2.7
      vertex -76.8086 -4.84079 2.7
      vertex -76.8483 -4.95166 2.7
    endloop
  endfacet
  facet normal 0 0 1
    outer loop
      vertex -76.6977 -15.7667 2.7
      vertex -76.9 -15.1 2.7
      vertex -76.7583 -15.6657 2.7
    endloop
  endfacet
  facet normal 0 0 1
    outer loop
      vertex -76.9 -5.3 2.7
      vertex -76.8483 -4.95166 2.7
      vertex -76.8769 -5.06589 2.7
    endloop
  endfacet
  facet normal 0 0 1
    outer loop
      vertex -76.7583 -15.6657 2.7
      vertex -76.9 -15.1 2.7
      vertex -76.8086 -15.5592 2.7
    endloop
  endfacet
  facet normal 0 0 1
    outer loop
      vertex -76.9 -5.3 2.7
      vertex -76.8769 -5.06589 2.7
      vertex -76.8942 -5.18239 2.7
    endloop
  endfacet
  facet normal 0 0 1
    outer loop
      vertex -76.8086 -15.5592 2.7
      vertex -76.9 -15.1 2.7
      vertex -76.8483 -15.4483 2.7
    endloop
  endfacet
  facet normal 0 0 1
    outer loop
      vertex -76.8483 -15.4483 2.7
      vertex -76.9 -15.1 2.7
      vertex -76.8769 -15.3341 2.7
    endloop
  endfacet
  facet normal 0 0 1
    outer loop
      vertex -76.8769 -15.3341 2.7
      vertex -76.9 -15.1 2.7
      vertex -76.8942 -15.2176 2.7
    endloop
  endfacet
  facet normal 0 0 1
    outer loop
      vertex -26.3 -4.10001 2.7
      vertex -25.1 -5.3 2.7
      vertex -25.1058 -5.18239 2.7
    endloop
  endfacet
  facet normal 0 0 1
    outer loop
      vertex -25.1 -5.3 2.7
      vertex -26.3 -4.10001 2.7
      vertex -25.1 -15.1 2.7
    endloop
  endfacet
  facet normal 0 0 1
    outer loop
      vertex -26.3 -4.10001 2.7
      vertex -25.1058 -5.18239 2.7
      vertex -25.1231 -5.06589 2.7
    endloop
  endfacet
  facet normal 0 0 1
    outer loop
      vertex -26.3 -16.3 2.7
      vertex -25.1 -15.1 2.7
      vertex -26.3 -4.10001 2.7
    endloop
  endfacet
  facet normal 0 0 1
    outer loop
      vertex -26.3 -4.10001 2.7
      vertex -25.1231 -5.06589 2.7
      vertex -25.1517 -4.95166 2.7
    endloop
  endfacet
  facet normal 0 0 1
    outer loop
      vertex -25.1 -15.1 2.7
      vertex -26.3 -16.3 2.7
      vertex -25.1058 -15.2176 2.7
    endloop
  endfacet
  facet normal 0 0 1
    outer loop
      vertex -26.3 -4.10001 2.7
      vertex -25.1517 -4.95166 2.7
      vertex -25.1914 -4.84079 2.7
    endloop
  endfacet
  facet normal 0 0 1
    outer loop
      vertex -25.1058 -15.2176 2.7
      vertex -26.3 -16.3 2.7
      vertex -25.1231 -15.3341 2.7
    endloop
  endfacet
  facet normal 0 0 1
    outer loop
      vertex -26.3 -4.10001 2.7
      vertex -25.1914 -4.84079 2.7
      vertex -25.2417 -4.73433 2.7
    endloop
  endfacet
  facet normal 0 0 1
    outer loop
      vertex -25.1231 -15.3341 2.7
      vertex -26.3 -16.3 2.7
      vertex -25.1517 -15.4483 2.7
    endloop
  endfacet
  facet normal 0 0 1
    outer loop
      vertex -26.3 -4.10001 2.7
      vertex -25.2417 -4.73433 2.7
      vertex -25.3023 -4.63332 2.7
    endloop
  endfacet
  facet normal 0 0 1
    outer loop
      vertex -25.1517 -15.4483 2.7
      vertex -26.3 -16.3 2.7
      vertex -25.1914 -15.5592 2.7
    endloop
  endfacet
  facet normal 0 0 1
    outer loop
      vertex -26.3 -4.10001 2.7
      vertex -25.3023 -4.63332 2.7
      vertex -25.3724 -4.53873 2.7
    endloop
  endfacet
  facet normal 0 0 1
    outer loop
      vertex -25.1914 -15.5592 2.7
      vertex -26.3 -16.3 2.7
      vertex -25.2417 -15.6657 2.7
    endloop
  endfacet
  facet normal 0 0 1
    outer loop
      vertex -26.3 -4.10001 2.7
      vertex -25.3724 -4.53873 2.7
      vertex -25.4515 -4.45148 2.7
    endloop
  endfacet
  facet normal 0 0 1
    outer loop
      vertex -25.2417 -15.6657 2.7
      vertex -26.3 -16.3 2.7
      vertex -25.3023 -15.7667 2.7
    endloop
  endfacet
  facet normal 0 0 1
    outer loop
      vertex -26.3 -4.10001 2.7
      vertex -25.4515 -4.45148 2.7
      vertex -25.5387 -4.37239 2.7
    endloop
  endfacet
  facet normal 0 0 1
    outer loop
      vertex -25.3023 -15.7667 2.7
      vertex -26.3 -16.3 2.7
      vertex -25.3724 -15.8613 2.7
    endloop
  endfacet
  facet normal 0 0 1
    outer loop
      vertex -26.3 -4.10001 2.7
      vertex -25.5387 -4.37239 2.7
      vertex -25.6333 -4.30225 2.7
    endloop
  endfacet
  facet normal 0 0 1
    outer loop
      vertex -25.3724 -15.8613 2.7
      vertex -26.3 -16.3 2.7
      vertex -25.4515 -15.9485 2.7
    endloop
  endfacet
  facet normal 0 0 1
    outer loop
      vertex -26.3 -4.10001 2.7
      vertex -25.6333 -4.30225 2.7
      vertex -25.7343 -4.2417 2.7
    endloop
  endfacet
  facet normal 0 0 1
    outer loop
      vertex -25.4515 -15.9485 2.7
      vertex -26.3 -16.3 2.7
      vertex -25.5387 -16.0276 2.7
    endloop
  endfacet
  facet normal 0 0 1
    outer loop
      vertex -26.3 -4.10001 2.7
      vertex -25.7343 -4.2417 2.7
      vertex -25.8408 -4.19135 2.7
    endloop
  endfacet
  facet normal 0 0 1
    outer loop
      vertex -25.5387 -16.0276 2.7
      vertex -26.3 -16.3 2.7
      vertex -25.6333 -16.0977 2.7
    endloop
  endfacet
  facet normal 0 0 1
    outer loop
      vertex -26.3 -4.10001 2.7
      vertex -25.8408 -4.19135 2.7
      vertex -25.9517 -4.15167 2.7
    endloop
  endfacet
  facet normal 0 0 1
    outer loop
      vertex -25.6333 -16.0977 2.7
      vertex -26.3 -16.3 2.7
      vertex -25.7343 -16.1583 2.7
    endloop
  endfacet
  facet normal 0 0 1
    outer loop
      vertex -26.3 -4.10001 2.7
      vertex -25.9517 -4.15167 2.7
      vertex -26.0659 -4.12306 2.7
    endloop
  endfacet
  facet normal 0 0 1
    outer loop
      vertex -25.7343 -16.1583 2.7
      vertex -26.3 -16.3 2.7
      vertex -25.8408 -16.2086 2.7
    endloop
  endfacet
  facet normal 0 0 1
    outer loop
      vertex -26.3 -4.10001 2.7
      vertex -26.0659 -4.12306 2.7
      vertex -26.1824 -4.10577 2.7
    endloop
  endfacet
  facet normal 0 0 1
    outer loop
      vertex -25.8408 -16.2086 2.7
      vertex -26.3 -16.3 2.7
      vertex -25.9517 -16.2483 2.7
    endloop
  endfacet
  facet normal 0 0 1
    outer loop
      vertex -25.9517 -16.2483 2.7
      vertex -26.3 -16.3 2.7
      vertex -26.0659 -16.2769 2.7
    endloop
  endfacet
  facet normal 0 0 1
    outer loop
      vertex -26.0659 -16.2769 2.7
      vertex -26.3 -16.3 2.7
      vertex -26.1824 -16.2942 2.7
    endloop
  endfacet
  facet normal -0 0 1
    outer loop
      vertex -40.1 -4.10001 2.7
      vertex -26.3 -16.3 2.7
      vertex -26.3 -4.10001 2.7
    endloop
  endfacet
  facet normal 0 0 1
    outer loop
      vertex -40.1 -4.10001 2.7
      vertex -40.1 -16.3 2.7
      vertex -26.3 -16.3 2.7
    endloop
  endfacet
  facet normal 0 0 1
    outer loop
      vertex -41.3 -5.3 2.7
      vertex -40.1 -4.10001 2.7
      vertex -40.2176 -4.10577 2.7
    endloop
  endfacet
  facet normal 0 0 1
    outer loop
      vertex -40.1 -4.10001 2.7
      vertex -41.3 -5.3 2.7
      vertex -40.1 -16.3 2.7
    endloop
  endfacet
  facet normal 0 0 1
    outer loop
      vertex -41.3 -5.3 2.7
      vertex -40.2176 -4.10577 2.7
      vertex -40.3341 -4.12306 2.7
    endloop
  endfacet
  facet normal -0 0 1
    outer loop
      vertex -41.3 -15.1 2.7
      vertex -40.1 -16.3 2.7
      vertex -41.3 -5.3 2.7
    endloop
  endfacet
  facet normal 0 0 1
    outer loop
      vertex -41.3 -5.3 2.7
      vertex -40.3341 -4.12306 2.7
      vertex -40.4483 -4.15167 2.7
    endloop
  endfacet
  facet normal 0 0 1
    outer loop
      vertex -40.1 -16.3 2.7
      vertex -41.3 -15.1 2.7
      vertex -40.2176 -16.2942 2.7
    endloop
  endfacet
  facet normal 0 0 1
    outer loop
      vertex -41.3 -5.3 2.7
      vertex -40.4483 -4.15167 2.7
      vertex -40.5592 -4.19135 2.7
    endloop
  endfacet
  facet normal 0 0 1
    outer loop
      vertex -40.2176 -16.2942 2.7
      vertex -41.3 -15.1 2.7
      vertex -40.3341 -16.2769 2.7
    endloop
  endfacet
  facet normal 0 0 1
    outer loop
      vertex -41.3 -5.3 2.7
      vertex -40.5592 -4.19135 2.7
      vertex -40.6657 -4.2417 2.7
    endloop
  endfacet
  facet normal 0 0 1
    outer loop
      vertex -40.3341 -16.2769 2.7
      vertex -41.3 -15.1 2.7
      vertex -40.4483 -16.2483 2.7
    endloop
  endfacet
  facet normal 0 0 1
    outer loop
      vertex -41.3 -5.3 2.7
      vertex -40.6657 -4.2417 2.7
      vertex -40.7667 -4.30225 2.7
    endloop
  endfacet
  facet normal 0 0 1
    outer loop
      vertex -40.4483 -16.2483 2.7
      vertex -41.3 -15.1 2.7
      vertex -40.5592 -16.2086 2.7
    endloop
  endfacet
  facet normal 0 0 1
    outer loop
      vertex -41.3 -5.3 2.7
      vertex -40.7667 -4.30225 2.7
      vertex -40.8613 -4.37239 2.7
    endloop
  endfacet
  facet normal 0 0 1
    outer loop
      vertex -40.5592 -16.2086 2.7
      vertex -41.3 -15.1 2.7
      vertex -40.6657 -16.1583 2.7
    endloop
  endfacet
  facet normal 0 0 1
    outer loop
      vertex -41.3 -5.3 2.7
      vertex -40.8613 -4.37239 2.7
      vertex -40.9485 -4.45148 2.7
    endloop
  endfacet
  facet normal 0 0 1
    outer loop
      vertex -40.6657 -16.1583 2.7
      vertex -41.3 -15.1 2.7
      vertex -40.7667 -16.0977 2.7
    endloop
  endfacet
  facet normal 0 0 1
    outer loop
      vertex -41.3 -5.3 2.7
      vertex -40.9485 -4.45148 2.7
      vertex -41.0276 -4.53873 2.7
    endloop
  endfacet
  facet normal 0 0 1
    outer loop
      vertex -40.7667 -16.0977 2.7
      vertex -41.3 -15.1 2.7
      vertex -40.8613 -16.0276 2.7
    endloop
  endfacet
  facet normal 0 0 1
    outer loop
      vertex -41.3 -5.3 2.7
      vertex -41.0276 -4.53873 2.7
      vertex -41.0978 -4.63332 2.7
    endloop
  endfacet
  facet normal 0 0 1
    outer loop
      vertex -40.8613 -16.0276 2.7
      vertex -41.3 -15.1 2.7
      vertex -40.9485 -15.9485 2.7
    endloop
  endfacet
  facet normal 0 0 1
    outer loop
      vertex -41.3 -5.3 2.7
      vertex -41.0978 -4.63332 2.7
      vertex -41.1583 -4.73433 2.7
    endloop
  endfacet
  facet normal 0 0 1
    outer loop
      vertex -40.9485 -15.9485 2.7
      vertex -41.3 -15.1 2.7
      vertex -41.0276 -15.8613 2.7
    endloop
  endfacet
  facet normal 0 0 1
    outer loop
      vertex -41.3 -5.3 2.7
      vertex -41.1583 -4.73433 2.7
      vertex -41.2087 -4.84079 2.7
    endloop
  endfacet
  facet normal 0 0 1
    outer loop
      vertex -41.0276 -15.8613 2.7
      vertex -41.3 -15.1 2.7
      vertex -41.0978 -15.7667 2.7
    endloop
  endfacet
  facet normal 0 0 1
    outer loop
      vertex -41.3 -5.3 2.7
      vertex -41.2087 -4.84079 2.7
      vertex -41.2483 -4.95166 2.7
    endloop
  endfacet
  facet normal 0 0 1
    outer loop
      vertex -41.0978 -15.7667 2.7
      vertex -41.3 -15.1 2.7
      vertex -41.1583 -15.6657 2.7
    endloop
  endfacet
  facet normal 0 0 1
    outer loop
      vertex -41.3 -5.3 2.7
      vertex -41.2483 -4.95166 2.7
      vertex -41.2769 -5.06589 2.7
    endloop
  endfacet
  facet normal 0 0 1
    outer loop
      vertex -41.1583 -15.6657 2.7
      vertex -41.3 -15.1 2.7
      vertex -41.2087 -15.5592 2.7
    endloop
  endfacet
  facet normal 0 0 1
    outer loop
      vertex -41.3 -5.3 2.7
      vertex -41.2769 -5.06589 2.7
      vertex -41.2942 -5.18239 2.7
    endloop
  endfacet
  facet normal 0 0 1
    outer loop
      vertex -41.2087 -15.5592 2.7
      vertex -41.3 -15.1 2.7
      vertex -41.2483 -15.4483 2.7
    endloop
  endfacet
  facet normal 0 0 1
    outer loop
      vertex -41.2483 -15.4483 2.7
      vertex -41.3 -15.1 2.7
      vertex -41.2769 -15.3341 2.7
    endloop
  endfacet
  facet normal 0 0 1
    outer loop
      vertex -41.2769 -15.3341 2.7
      vertex -41.3 -15.1 2.7
      vertex -41.2942 -15.2176 2.7
    endloop
  endfacet
  facet normal 0 0 1
    outer loop
      vertex -44.1 -17.9 2.7
      vertex -42.9 -19.1 2.7
      vertex -42.9058 -18.9824 2.7
    endloop
  endfacet
  facet normal 0 0 1
    outer loop
      vertex -42.9 -19.1 2.7
      vertex -44.1 -17.9 2.7
      vertex -42.9 -28.9 2.7
    endloop
  endfacet
  facet normal 0 0 1
    outer loop
      vertex -44.1 -17.9 2.7
      vertex -42.9058 -18.9824 2.7
      vertex -42.9231 -18.8659 2.7
    endloop
  endfacet
  facet normal 0 0 1
    outer loop
      vertex -44.1 -30.1 2.7
      vertex -42.9 -28.9 2.7
      vertex -44.1 -17.9 2.7
    endloop
  endfacet
  facet normal 0 0 1
    outer loop
      vertex -44.1 -17.9 2.7
      vertex -42.9231 -18.8659 2.7
      vertex -42.9517 -18.7516 2.7
    endloop
  endfacet
  facet normal 0 0 1
    outer loop
      vertex -42.9 -28.9 2.7
      vertex -44.1 -30.1 2.7
      vertex -42.9058 -29.0176 2.7
    endloop
  endfacet
  facet normal 0 0 1
    outer loop
      vertex -44.1 -17.9 2.7
      vertex -42.9517 -18.7516 2.7
      vertex -42.9913 -18.6408 2.7
    endloop
  endfacet
  facet normal 0 0 1
    outer loop
      vertex -42.9058 -29.0176 2.7
      vertex -44.1 -30.1 2.7
      vertex -42.9231 -29.1341 2.7
    endloop
  endfacet
  facet normal 0 0 1
    outer loop
      vertex -44.1 -17.9 2.7
      vertex -42.9913 -18.6408 2.7
      vertex -43.0417 -18.5343 2.7
    endloop
  endfacet
  facet normal 0 0 1
    outer loop
      vertex -42.9231 -29.1341 2.7
      vertex -44.1 -30.1 2.7
      vertex -42.9517 -29.2483 2.7
    endloop
  endfacet
  facet normal 0 0 1
    outer loop
      vertex -44.1 -17.9 2.7
      vertex -43.0417 -18.5343 2.7
      vertex -43.1022 -18.4333 2.7
    endloop
  endfacet
  facet normal 0 0 1
    outer loop
      vertex -42.9517 -29.2483 2.7
      vertex -44.1 -30.1 2.7
      vertex -42.9913 -29.3592 2.7
    endloop
  endfacet
  facet normal 0 0 1
    outer loop
      vertex -44.1 -17.9 2.7
      vertex -43.1022 -18.4333 2.7
      vertex -43.1724 -18.3387 2.7
    endloop
  endfacet
  facet normal 0 0 1
    outer loop
      vertex -42.9913 -29.3592 2.7
      vertex -44.1 -30.1 2.7
      vertex -43.0417 -29.4657 2.7
    endloop
  endfacet
  facet normal 0 0 1
    outer loop
      vertex -44.1 -17.9 2.7
      vertex -43.1724 -18.3387 2.7
      vertex -43.2515 -18.2515 2.7
    endloop
  endfacet
  facet normal 0 0 1
    outer loop
      vertex -43.0417 -29.4657 2.7
      vertex -44.1 -30.1 2.7
      vertex -43.1022 -29.5667 2.7
    endloop
  endfacet
  facet normal 0 0 1
    outer loop
      vertex -44.1 -17.9 2.7
      vertex -43.2515 -18.2515 2.7
      vertex -43.3387 -18.1724 2.7
    endloop
  endfacet
  facet normal 0 0 1
    outer loop
      vertex -43.1022 -29.5667 2.7
      vertex -44.1 -30.1 2.7
      vertex -43.1724 -29.6613 2.7
    endloop
  endfacet
  facet normal 0 0 1
    outer loop
      vertex -44.1 -17.9 2.7
      vertex -43.3387 -18.1724 2.7
      vertex -43.4333 -18.1022 2.7
    endloop
  endfacet
  facet normal 0 0 1
    outer loop
      vertex -43.1724 -29.6613 2.7
      vertex -44.1 -30.1 2.7
      vertex -43.2515 -29.7485 2.7
    endloop
  endfacet
  facet normal 0 0 1
    outer loop
      vertex -44.1 -17.9 2.7
      vertex -43.4333 -18.1022 2.7
      vertex -43.5343 -18.0417 2.7
    endloop
  endfacet
  facet normal 0 0 1
    outer loop
      vertex -43.2515 -29.7485 2.7
      vertex -44.1 -30.1 2.7
      vertex -43.3387 -29.8276 2.7
    endloop
  endfacet
  facet normal 0 0 1
    outer loop
      vertex -44.1 -17.9 2.7
      vertex -43.5343 -18.0417 2.7
      vertex -43.6408 -17.9913 2.7
    endloop
  endfacet
  facet normal 0 0 1
    outer loop
      vertex -43.3387 -29.8276 2.7
      vertex -44.1 -30.1 2.7
      vertex -43.4333 -29.8977 2.7
    endloop
  endfacet
  facet normal 0 0 1
    outer loop
      vertex -44.1 -17.9 2.7
      vertex -43.6408 -17.9913 2.7
      vertex -43.7517 -17.9517 2.7
    endloop
  endfacet
  facet normal 0 0 1
    outer loop
      vertex -43.4333 -29.8977 2.7
      vertex -44.1 -30.1 2.7
      vertex -43.5343 -29.9583 2.7
    endloop
  endfacet
  facet normal 0 0 1
    outer loop
      vertex -44.1 -17.9 2.7
      vertex -43.7517 -17.9517 2.7
      vertex -43.8659 -17.923 2.7
    endloop
  endfacet
  facet normal 0 0 1
    outer loop
      vertex -43.5343 -29.9583 2.7
      vertex -44.1 -30.1 2.7
      vertex -43.6408 -30.0086 2.7
    endloop
  endfacet
  facet normal 0 0 1
    outer loop
      vertex -44.1 -17.9 2.7
      vertex -43.8659 -17.923 2.7
      vertex -43.9824 -17.9058 2.7
    endloop
  endfacet
  facet normal 0 0 1
    outer loop
      vertex -43.6408 -30.0086 2.7
      vertex -44.1 -30.1 2.7
      vertex -43.7517 -30.0483 2.7
    endloop
  endfacet
  facet normal 0 0 1
    outer loop
      vertex -43.7517 -30.0483 2.7
      vertex -44.1 -30.1 2.7
      vertex -43.8659 -30.0769 2.7
    endloop
  endfacet
  facet normal 0 0 1
    outer loop
      vertex -43.8659 -30.0769 2.7
      vertex -44.1 -30.1 2.7
      vertex -43.9824 -30.0942 2.7
    endloop
  endfacet
  facet normal -0 0 1
    outer loop
      vertex -57.9 -17.9 2.7
      vertex -44.1 -30.1 2.7
      vertex -44.1 -17.9 2.7
    endloop
  endfacet
  facet normal 0 0 1
    outer loop
      vertex -57.9 -17.9 2.7
      vertex -57.9 -30.1 2.7
      vertex -44.1 -30.1 2.7
    endloop
  endfacet
  facet normal 0 0 1
    outer loop
      vertex -59.1 -19.1 2.7
      vertex -57.9 -17.9 2.7
      vertex -58.0176 -17.9058 2.7
    endloop
  endfacet
  facet normal 0 0 1
    outer loop
      vertex -57.9 -17.9 2.7
      vertex -59.1 -19.1 2.7
      vertex -57.9 -30.1 2.7
    endloop
  endfacet
  facet normal 0 0 1
    outer loop
      vertex -59.1 -19.1 2.7
      vertex -58.0176 -17.9058 2.7
      vertex -58.1341 -17.923 2.7
    endloop
  endfacet
  facet normal -0 0 1
    outer loop
      vertex -59.1 -28.9 2.7
      vertex -57.9 -30.1 2.7
      vertex -59.1 -19.1 2.7
    endloop
  endfacet
  facet normal 0 0 1
    outer loop
      vertex -59.1 -19.1 2.7
      vertex -58.1341 -17.923 2.7
      vertex -58.2483 -17.9517 2.7
    endloop
  endfacet
  facet normal 0 0 1
    outer loop
      vertex -57.9 -30.1 2.7
      vertex -59.1 -28.9 2.7
      vertex -58.0176 -30.0942 2.7
    endloop
  endfacet
  facet normal 0 0 1
    outer loop
      vertex -59.1 -19.1 2.7
      vertex -58.2483 -17.9517 2.7
      vertex -58.3592 -17.9913 2.7
    endloop
  endfacet
  facet normal 0 0 1
    outer loop
      vertex -58.0176 -30.0942 2.7
      vertex -59.1 -28.9 2.7
      vertex -58.1341 -30.0769 2.7
    endloop
  endfacet
  facet normal 0 0 1
    outer loop
      vertex -59.1 -19.1 2.7
      vertex -58.3592 -17.9913 2.7
      vertex -58.4657 -18.0417 2.7
    endloop
  endfacet
  facet normal 0 0 1
    outer loop
      vertex -58.1341 -30.0769 2.7
      vertex -59.1 -28.9 2.7
      vertex -58.2483 -30.0483 2.7
    endloop
  endfacet
  facet normal 0 0 1
    outer loop
      vertex -59.1 -19.1 2.7
      vertex -58.4657 -18.0417 2.7
      vertex -58.5667 -18.1022 2.7
    endloop
  endfacet
  facet normal 0 0 1
    outer loop
      vertex -58.2483 -30.0483 2.7
      vertex -59.1 -28.9 2.7
      vertex -58.3592 -30.0086 2.7
    endloop
  endfacet
  facet normal 0 0 1
    outer loop
      vertex -59.1 -19.1 2.7
      vertex -58.5667 -18.1022 2.7
      vertex -58.6613 -18.1724 2.7
    endloop
  endfacet
  facet normal 0 0 1
    outer loop
      vertex -58.3592 -30.0086 2.7
      vertex -59.1 -28.9 2.7
      vertex -58.4657 -29.9583 2.7
    endloop
  endfacet
  facet normal 0 0 1
    outer loop
      vertex -59.1 -19.1 2.7
      vertex -58.6613 -18.1724 2.7
      vertex -58.7485 -18.2515 2.7
    endloop
  endfacet
  facet normal 0 0 1
    outer loop
      vertex -58.4657 -29.9583 2.7
      vertex -59.1 -28.9 2.7
      vertex -58.5667 -29.8977 2.7
    endloop
  endfacet
  facet normal 0 0 1
    outer loop
      vertex -59.1 -19.1 2.7
      vertex -58.7485 -18.2515 2.7
      vertex -58.8276 -18.3387 2.7
    endloop
  endfacet
  facet normal 0 0 1
    outer loop
      vertex -58.5667 -29.8977 2.7
      vertex -59.1 -28.9 2.7
      vertex -58.6613 -29.8276 2.7
    endloop
  endfacet
  facet normal 0 0 1
    outer loop
      vertex -59.1 -19.1 2.7
      vertex -58.8276 -18.3387 2.7
      vertex -58.8977 -18.4333 2.7
    endloop
  endfacet
  facet normal 0 0 1
    outer loop
      vertex -58.6613 -29.8276 2.7
      vertex -59.1 -28.9 2.7
      vertex -58.7485 -29.7485 2.7
    endloop
  endfacet
  facet normal 0 0 1
    outer loop
      vertex -59.1 -19.1 2.7
      vertex -58.8977 -18.4333 2.7
      vertex -58.9583 -18.5343 2.7
    endloop
  endfacet
  facet normal 0 0 1
    outer loop
      vertex -58.7485 -29.7485 2.7
      vertex -59.1 -28.9 2.7
      vertex -58.8276 -29.6613 2.7
    endloop
  endfacet
  facet normal 0 0 1
    outer loop
      vertex -59.1 -19.1 2.7
      vertex -58.9583 -18.5343 2.7
      vertex -59.0086 -18.6408 2.7
    endloop
  endfacet
  facet normal 0 0 1
    outer loop
      vertex -58.8276 -29.6613 2.7
      vertex -59.1 -28.9 2.7
      vertex -58.8977 -29.5667 2.7
    endloop
  endfacet
  facet normal 0 0 1
    outer loop
      vertex -59.1 -19.1 2.7
      vertex -59.0086 -18.6408 2.7
      vertex -59.0483 -18.7516 2.7
    endloop
  endfacet
  facet normal 0 0 1
    outer loop
      vertex -58.8977 -29.5667 2.7
      vertex -59.1 -28.9 2.7
      vertex -58.9583 -29.4657 2.7
    endloop
  endfacet
  facet normal 0 0 1
    outer loop
      vertex -59.1 -19.1 2.7
      vertex -59.0483 -18.7516 2.7
      vertex -59.0769 -18.8659 2.7
    endloop
  endfacet
  facet normal 0 0 1
    outer loop
      vertex -58.9583 -29.4657 2.7
      vertex -59.1 -28.9 2.7
      vertex -59.0086 -29.3592 2.7
    endloop
  endfacet
  facet normal 0 0 1
    outer loop
      vertex -59.1 -19.1 2.7
      vertex -59.0769 -18.8659 2.7
      vertex -59.0942 -18.9824 2.7
    endloop
  endfacet
  facet normal 0 0 1
    outer loop
      vertex -59.0086 -29.3592 2.7
      vertex -59.1 -28.9 2.7
      vertex -59.0483 -29.2483 2.7
    endloop
  endfacet
  facet normal 0 0 1
    outer loop
      vertex -59.0483 -29.2483 2.7
      vertex -59.1 -28.9 2.7
      vertex -59.0769 -29.1341 2.7
    endloop
  endfacet
  facet normal 0 0 1
    outer loop
      vertex -59.0769 -29.1341 2.7
      vertex -59.1 -28.9 2.7
      vertex -59.0942 -29.0176 2.7
    endloop
  endfacet
  facet normal 0 0 1
    outer loop
      vertex -61.9 -17.9 2.7
      vertex -60.7 -19.1 2.7
      vertex -60.7058 -18.9824 2.7
    endloop
  endfacet
  facet normal 0 0 1
    outer loop
      vertex -60.7 -19.1 2.7
      vertex -61.9 -17.9 2.7
      vertex -60.7 -28.9 2.7
    endloop
  endfacet
  facet normal 0 0 1
    outer loop
      vertex -61.9 -17.9 2.7
      vertex -60.7058 -18.9824 2.7
      vertex -60.7231 -18.8659 2.7
    endloop
  endfacet
  facet normal 0 0 1
    outer loop
      vertex -61.9 -30.1 2.7
      vertex -60.7 -28.9 2.7
      vertex -61.9 -17.9 2.7
    endloop
  endfacet
  facet normal 0 0 1
    outer loop
      vertex -61.9 -17.9 2.7
      vertex -60.7231 -18.8659 2.7
      vertex -60.7517 -18.7516 2.7
    endloop
  endfacet
  facet normal 0 0 1
    outer loop
      vertex -60.7 -28.9 2.7
      vertex -61.9 -30.1 2.7
      vertex -60.7058 -29.0176 2.7
    endloop
  endfacet
  facet normal 0 0 1
    outer loop
      vertex -61.9 -17.9 2.7
      vertex -60.7517 -18.7516 2.7
      vertex -60.7913 -18.6408 2.7
    endloop
  endfacet
  facet normal 0 0 1
    outer loop
      vertex -60.7058 -29.0176 2.7
      vertex -61.9 -30.1 2.7
      vertex -60.7231 -29.1341 2.7
    endloop
  endfacet
  facet normal 0 0 1
    outer loop
      vertex -61.9 -17.9 2.7
      vertex -60.7913 -18.6408 2.7
      vertex -60.8417 -18.5343 2.7
    endloop
  endfacet
  facet normal 0 0 1
    outer loop
      vertex -60.7231 -29.1341 2.7
      vertex -61.9 -30.1 2.7
      vertex -60.7517 -29.2483 2.7
    endloop
  endfacet
  facet normal 0 0 1
    outer loop
      vertex -61.9 -17.9 2.7
      vertex -60.8417 -18.5343 2.7
      vertex -60.9022 -18.4333 2.7
    endloop
  endfacet
  facet normal 0 0 1
    outer loop
      vertex -60.7517 -29.2483 2.7
      vertex -61.9 -30.1 2.7
      vertex -60.7913 -29.3592 2.7
    endloop
  endfacet
  facet normal 0 0 1
    outer loop
      vertex -61.9 -17.9 2.7
      vertex -60.9022 -18.4333 2.7
      vertex -60.9724 -18.3387 2.7
    endloop
  endfacet
  facet normal 0 0 1
    outer loop
      vertex -60.7913 -29.3592 2.7
      vertex -61.9 -30.1 2.7
      vertex -60.8417 -29.4657 2.7
    endloop
  endfacet
  facet normal 0 0 1
    outer loop
      vertex -61.9 -17.9 2.7
      vertex -60.9724 -18.3387 2.7
      vertex -61.0515 -18.2515 2.7
    endloop
  endfacet
  facet normal 0 0 1
    outer loop
      vertex -60.8417 -29.4657 2.7
      vertex -61.9 -30.1 2.7
      vertex -60.9022 -29.5667 2.7
    endloop
  endfacet
  facet normal 0 0 1
    outer loop
      vertex -61.9 -17.9 2.7
      vertex -61.0515 -18.2515 2.7
      vertex -61.1387 -18.1724 2.7
    endloop
  endfacet
  facet normal 0 0 1
    outer loop
      vertex -60.9022 -29.5667 2.7
      vertex -61.9 -30.1 2.7
      vertex -60.9724 -29.6613 2.7
    endloop
  endfacet
  facet normal 0 0 1
    outer loop
      vertex -61.9 -17.9 2.7
      vertex -61.1387 -18.1724 2.7
      vertex -61.2333 -18.1022 2.7
    endloop
  endfacet
  facet normal 0 0 1
    outer loop
      vertex -60.9724 -29.6613 2.7
      vertex -61.9 -30.1 2.7
      vertex -61.0515 -29.7485 2.7
    endloop
  endfacet
  facet normal 0 0 1
    outer loop
      vertex -61.9 -17.9 2.7
      vertex -61.2333 -18.1022 2.7
      vertex -61.3343 -18.0417 2.7
    endloop
  endfacet
  facet normal 0 0 1
    outer loop
      vertex -61.0515 -29.7485 2.7
      vertex -61.9 -30.1 2.7
      vertex -61.1387 -29.8276 2.7
    endloop
  endfacet
  facet normal 0 0 1
    outer loop
      vertex -61.9 -17.9 2.7
      vertex -61.3343 -18.0417 2.7
      vertex -61.4408 -17.9913 2.7
    endloop
  endfacet
  facet normal 0 0 1
    outer loop
      vertex -61.1387 -29.8276 2.7
      vertex -61.9 -30.1 2.7
      vertex -61.2333 -29.8977 2.7
    endloop
  endfacet
  facet normal 0 0 1
    outer loop
      vertex -61.9 -17.9 2.7
      vertex -61.4408 -17.9913 2.7
      vertex -61.5517 -17.9517 2.7
    endloop
  endfacet
  facet normal 0 0 1
    outer loop
      vertex -61.2333 -29.8977 2.7
      vertex -61.9 -30.1 2.7
      vertex -61.3343 -29.9583 2.7
    endloop
  endfacet
  facet normal 0 0 1
    outer loop
      vertex -61.9 -17.9 2.7
      vertex -61.5517 -17.9517 2.7
      vertex -61.6659 -17.923 2.7
    endloop
  endfacet
  facet normal 0 0 1
    outer loop
      vertex -61.3343 -29.9583 2.7
      vertex -61.9 -30.1 2.7
      vertex -61.4408 -30.0086 2.7
    endloop
  endfacet
  facet normal 0 0 1
    outer loop
      vertex -61.9 -17.9 2.7
      vertex -61.6659 -17.923 2.7
      vertex -61.7824 -17.9058 2.7
    endloop
  endfacet
  facet normal 0 0 1
    outer loop
      vertex -61.4408 -30.0086 2.7
      vertex -61.9 -30.1 2.7
      vertex -61.5517 -30.0483 2.7
    endloop
  endfacet
  facet normal 0 0 1
    outer loop
      vertex -61.5517 -30.0483 2.7
      vertex -61.9 -30.1 2.7
      vertex -61.6659 -30.0769 2.7
    endloop
  endfacet
  facet normal 0 0 1
    outer loop
      vertex -61.6659 -30.0769 2.7
      vertex -61.9 -30.1 2.7
      vertex -61.7824 -30.0942 2.7
    endloop
  endfacet
  facet normal -0 0 1
    outer loop
      vertex -75.7 -17.9 2.7
      vertex -61.9 -30.1 2.7
      vertex -61.9 -17.9 2.7
    endloop
  endfacet
  facet normal 0 0 1
    outer loop
      vertex -75.7 -17.9 2.7
      vertex -75.7 -30.1 2.7
      vertex -61.9 -30.1 2.7
    endloop
  endfacet
  facet normal 0 0 1
    outer loop
      vertex -76.9 -19.1 2.7
      vertex -75.7 -17.9 2.7
      vertex -75.8176 -17.9058 2.7
    endloop
  endfacet
  facet normal 0 0 1
    outer loop
      vertex -75.7 -17.9 2.7
      vertex -76.9 -19.1 2.7
      vertex -75.7 -30.1 2.7
    endloop
  endfacet
  facet normal 0 0 1
    outer loop
      vertex -76.9 -19.1 2.7
      vertex -75.8176 -17.9058 2.7
      vertex -75.9341 -17.923 2.7
    endloop
  endfacet
  facet normal -0 0 1
    outer loop
      vertex -76.9 -28.9 2.7
      vertex -75.7 -30.1 2.7
      vertex -76.9 -19.1 2.7
    endloop
  endfacet
  facet normal 0 0 1
    outer loop
      vertex -76.9 -19.1 2.7
      vertex -75.9341 -17.923 2.7
      vertex -76.0483 -17.9517 2.7
    endloop
  endfacet
  facet normal 0 0 1
    outer loop
      vertex -75.7 -30.1 2.7
      vertex -76.9 -28.9 2.7
      vertex -75.8176 -30.0942 2.7
    endloop
  endfacet
  facet normal 0 0 1
    outer loop
      vertex -76.9 -19.1 2.7
      vertex -76.0483 -17.9517 2.7
      vertex -76.1592 -17.9913 2.7
    endloop
  endfacet
  facet normal 0 0 1
    outer loop
      vertex -75.8176 -30.0942 2.7
      vertex -76.9 -28.9 2.7
      vertex -75.9341 -30.0769 2.7
    endloop
  endfacet
  facet normal 0 0 1
    outer loop
      vertex -76.9 -19.1 2.7
      vertex -76.1592 -17.9913 2.7
      vertex -76.2657 -18.0417 2.7
    endloop
  endfacet
  facet normal 0 0 1
    outer loop
      vertex -75.9341 -30.0769 2.7
      vertex -76.9 -28.9 2.7
      vertex -76.0483 -30.0483 2.7
    endloop
  endfacet
  facet normal 0 0 1
    outer loop
      vertex -76.9 -19.1 2.7
      vertex -76.2657 -18.0417 2.7
      vertex -76.3667 -18.1022 2.7
    endloop
  endfacet
  facet normal 0 0 1
    outer loop
      vertex -76.0483 -30.0483 2.7
      vertex -76.9 -28.9 2.7
      vertex -76.1592 -30.0086 2.7
    endloop
  endfacet
  facet normal 0 0 1
    outer loop
      vertex -76.9 -19.1 2.7
      vertex -76.3667 -18.1022 2.7
      vertex -76.4613 -18.1724 2.7
    endloop
  endfacet
  facet normal 0 0 1
    outer loop
      vertex -76.1592 -30.0086 2.7
      vertex -76.9 -28.9 2.7
      vertex -76.2657 -29.9583 2.7
    endloop
  endfacet
  facet normal 0 0 1
    outer loop
      vertex -76.9 -19.1 2.7
      vertex -76.4613 -18.1724 2.7
      vertex -76.5485 -18.2515 2.7
    endloop
  endfacet
  facet normal 0 0 1
    outer loop
      vertex -76.2657 -29.9583 2.7
      vertex -76.9 -28.9 2.7
      vertex -76.3667 -29.8977 2.7
    endloop
  endfacet
  facet normal 0 0 1
    outer loop
      vertex -76.9 -19.1 2.7
      vertex -76.5485 -18.2515 2.7
      vertex -76.6276 -18.3387 2.7
    endloop
  endfacet
  facet normal 0 0 1
    outer loop
      vertex -76.3667 -29.8977 2.7
      vertex -76.9 -28.9 2.7
      vertex -76.4613 -29.8276 2.7
    endloop
  endfacet
  facet normal 0 0 1
    outer loop
      vertex -76.9 -19.1 2.7
      vertex -76.6276 -18.3387 2.7
      vertex -76.6977 -18.4333 2.7
    endloop
  endfacet
  facet normal 0 0 1
    outer loop
      vertex -76.4613 -29.8276 2.7
      vertex -76.9 -28.9 2.7
      vertex -76.5485 -29.7485 2.7
    endloop
  endfacet
  facet normal 0 0 1
    outer loop
      vertex -76.9 -19.1 2.7
      vertex -76.6977 -18.4333 2.7
      vertex -76.7583 -18.5343 2.7
    endloop
  endfacet
  facet normal 0 0 1
    outer loop
      vertex -76.5485 -29.7485 2.7
      vertex -76.9 -28.9 2.7
      vertex -76.6276 -29.6613 2.7
    endloop
  endfacet
  facet normal 0 0 1
    outer loop
      vertex -76.9 -19.1 2.7
      vertex -76.7583 -18.5343 2.7
      vertex -76.8086 -18.6408 2.7
    endloop
  endfacet
  facet normal 0 0 1
    outer loop
      vertex -76.6276 -29.6613 2.7
      vertex -76.9 -28.9 2.7
      vertex -76.6977 -29.5667 2.7
    endloop
  endfacet
  facet normal 0 0 1
    outer loop
      vertex -76.9 -19.1 2.7
      vertex -76.8086 -18.6408 2.7
      vertex -76.8483 -18.7516 2.7
    endloop
  endfacet
  facet normal 0 0 1
    outer loop
      vertex -76.6977 -29.5667 2.7
      vertex -76.9 -28.9 2.7
      vertex -76.7583 -29.4657 2.7
    endloop
  endfacet
  facet normal 0 0 1
    outer loop
      vertex -76.9 -19.1 2.7
      vertex -76.8483 -18.7516 2.7
      vertex -76.8769 -18.8659 2.7
    endloop
  endfacet
  facet normal 0 0 1
    outer loop
      vertex -76.7583 -29.4657 2.7
      vertex -76.9 -28.9 2.7
      vertex -76.8086 -29.3592 2.7
    endloop
  endfacet
  facet normal 0 0 1
    outer loop
      vertex -76.9 -19.1 2.7
      vertex -76.8769 -18.8659 2.7
      vertex -76.8942 -18.9824 2.7
    endloop
  endfacet
  facet normal 0 0 1
    outer loop
      vertex -76.8086 -29.3592 2.7
      vertex -76.9 -28.9 2.7
      vertex -76.8483 -29.2483 2.7
    endloop
  endfacet
  facet normal 0 0 1
    outer loop
      vertex -76.8483 -29.2483 2.7
      vertex -76.9 -28.9 2.7
      vertex -76.8769 -29.1341 2.7
    endloop
  endfacet
  facet normal 0 0 1
    outer loop
      vertex -76.8769 -29.1341 2.7
      vertex -76.9 -28.9 2.7
      vertex -76.8942 -29.0176 2.7
    endloop
  endfacet
  facet normal 0 0 1
    outer loop
      vertex -26.3 -17.9 2.7
      vertex -25.1 -19.1 2.7
      vertex -25.1058 -18.9824 2.7
    endloop
  endfacet
  facet normal 0 0 1
    outer loop
      vertex -25.1 -19.1 2.7
      vertex -26.3 -17.9 2.7
      vertex -25.1 -28.9 2.7
    endloop
  endfacet
  facet normal 0 0 1
    outer loop
      vertex -26.3 -17.9 2.7
      vertex -25.1058 -18.9824 2.7
      vertex -25.1231 -18.8659 2.7
    endloop
  endfacet
  facet normal 0 0 1
    outer loop
      vertex -26.3 -30.1 2.7
      vertex -25.1 -28.9 2.7
      vertex -26.3 -17.9 2.7
    endloop
  endfacet
  facet normal 0 0 1
    outer loop
      vertex -26.3 -17.9 2.7
      vertex -25.1231 -18.8659 2.7
      vertex -25.1517 -18.7516 2.7
    endloop
  endfacet
  facet normal 0 0 1
    outer loop
      vertex -25.1 -28.9 2.7
      vertex -26.3 -30.1 2.7
      vertex -25.1058 -29.0176 2.7
    endloop
  endfacet
  facet normal 0 0 1
    outer loop
      vertex -26.3 -17.9 2.7
      vertex -25.1517 -18.7516 2.7
      vertex -25.1914 -18.6408 2.7
    endloop
  endfacet
  facet normal 0 0 1
    outer loop
      vertex -25.1058 -29.0176 2.7
      vertex -26.3 -30.1 2.7
      vertex -25.1231 -29.1341 2.7
    endloop
  endfacet
  facet normal 0 0 1
    outer loop
      vertex -26.3 -17.9 2.7
      vertex -25.1914 -18.6408 2.7
      vertex -25.2417 -18.5343 2.7
    endloop
  endfacet
  facet normal 0 0 1
    outer loop
      vertex -25.1231 -29.1341 2.7
      vertex -26.3 -30.1 2.7
      vertex -25.1517 -29.2483 2.7
    endloop
  endfacet
  facet normal 0 0 1
    outer loop
      vertex -26.3 -17.9 2.7
      vertex -25.2417 -18.5343 2.7
      vertex -25.3023 -18.4333 2.7
    endloop
  endfacet
  facet normal 0 0 1
    outer loop
      vertex -25.1517 -29.2483 2.7
      vertex -26.3 -30.1 2.7
      vertex -25.1914 -29.3592 2.7
    endloop
  endfacet
  facet normal 0 0 1
    outer loop
      vertex -26.3 -17.9 2.7
      vertex -25.3023 -18.4333 2.7
      vertex -25.3724 -18.3387 2.7
    endloop
  endfacet
  facet normal 0 0 1
    outer loop
      vertex -25.1914 -29.3592 2.7
      vertex -26.3 -30.1 2.7
      vertex -25.2417 -29.4657 2.7
    endloop
  endfacet
  facet normal 0 0 1
    outer loop
      vertex -26.3 -17.9 2.7
      vertex -25.3724 -18.3387 2.7
      vertex -25.4515 -18.2515 2.7
    endloop
  endfacet
  facet normal 0 0 1
    outer loop
      vertex -25.2417 -29.4657 2.7
      vertex -26.3 -30.1 2.7
      vertex -25.3023 -29.5667 2.7
    endloop
  endfacet
  facet normal 0 0 1
    outer loop
      vertex -26.3 -17.9 2.7
      vertex -25.4515 -18.2515 2.7
      vertex -25.5387 -18.1724 2.7
    endloop
  endfacet
  facet normal 0 0 1
    outer loop
      vertex -25.3023 -29.5667 2.7
      vertex -26.3 -30.1 2.7
      vertex -25.3724 -29.6613 2.7
    endloop
  endfacet
  facet normal 0 0 1
    outer loop
      vertex -26.3 -17.9 2.7
      vertex -25.5387 -18.1724 2.7
      vertex -25.6333 -18.1022 2.7
    endloop
  endfacet
  facet normal 0 0 1
    outer loop
      vertex -25.3724 -29.6613 2.7
      vertex -26.3 -30.1 2.7
      vertex -25.4515 -29.7485 2.7
    endloop
  endfacet
  facet normal 0 0 1
    outer loop
      vertex -26.3 -17.9 2.7
      vertex -25.6333 -18.1022 2.7
      vertex -25.7343 -18.0417 2.7
    endloop
  endfacet
  facet normal 0 0 1
    outer loop
      vertex -25.4515 -29.7485 2.7
      vertex -26.3 -30.1 2.7
      vertex -25.5387 -29.8276 2.7
    endloop
  endfacet
  facet normal 0 0 1
    outer loop
      vertex -26.3 -17.9 2.7
      vertex -25.7343 -18.0417 2.7
      vertex -25.8408 -17.9913 2.7
    endloop
  endfacet
  facet normal 0 0 1
    outer loop
      vertex -25.5387 -29.8276 2.7
      vertex -26.3 -30.1 2.7
      vertex -25.6333 -29.8977 2.7
    endloop
  endfacet
  facet normal 0 0 1
    outer loop
      vertex -26.3 -17.9 2.7
      vertex -25.8408 -17.9913 2.7
      vertex -25.9517 -17.9517 2.7
    endloop
  endfacet
  facet normal 0 0 1
    outer loop
      vertex -25.6333 -29.8977 2.7
      vertex -26.3 -30.1 2.7
      vertex -25.7343 -29.9583 2.7
    endloop
  endfacet
  facet normal 0 0 1
    outer loop
      vertex -26.3 -17.9 2.7
      vertex -25.9517 -17.9517 2.7
      vertex -26.0659 -17.923 2.7
    endloop
  endfacet
  facet normal 0 0 1
    outer loop
      vertex -25.7343 -29.9583 2.7
      vertex -26.3 -30.1 2.7
      vertex -25.8408 -30.0086 2.7
    endloop
  endfacet
  facet normal 0 0 1
    outer loop
      vertex -26.3 -17.9 2.7
      vertex -26.0659 -17.923 2.7
      vertex -26.1824 -17.9058 2.7
    endloop
  endfacet
  facet normal 0 0 1
    outer loop
      vertex -25.8408 -30.0086 2.7
      vertex -26.3 -30.1 2.7
      vertex -25.9517 -30.0483 2.7
    endloop
  endfacet
  facet normal 0 0 1
    outer loop
      vertex -25.9517 -30.0483 2.7
      vertex -26.3 -30.1 2.7
      vertex -26.0659 -30.0769 2.7
    endloop
  endfacet
  facet normal 0 0 1
    outer loop
      vertex -26.0659 -30.0769 2.7
      vertex -26.3 -30.1 2.7
      vertex -26.1824 -30.0942 2.7
    endloop
  endfacet
  facet normal -0 0 1
    outer loop
      vertex -40.1 -17.9 2.7
      vertex -26.3 -30.1 2.7
      vertex -26.3 -17.9 2.7
    endloop
  endfacet
  facet normal 0 0 1
    outer loop
      vertex -40.1 -17.9 2.7
      vertex -40.1 -30.1 2.7
      vertex -26.3 -30.1 2.7
    endloop
  endfacet
  facet normal 0 0 1
    outer loop
      vertex -41.3 -19.1 2.7
      vertex -40.1 -17.9 2.7
      vertex -40.2176 -17.9058 2.7
    endloop
  endfacet
  facet normal 0 0 1
    outer loop
      vertex -40.1 -17.9 2.7
      vertex -41.3 -19.1 2.7
      vertex -40.1 -30.1 2.7
    endloop
  endfacet
  facet normal 0 0 1
    outer loop
      vertex -41.3 -19.1 2.7
      vertex -40.2176 -17.9058 2.7
      vertex -40.3341 -17.923 2.7
    endloop
  endfacet
  facet normal -0 0 1
    outer loop
      vertex -41.3 -28.9 2.7
      vertex -40.1 -30.1 2.7
      vertex -41.3 -19.1 2.7
    endloop
  endfacet
  facet normal 0 0 1
    outer loop
      vertex -41.3 -19.1 2.7
      vertex -40.3341 -17.923 2.7
      vertex -40.4483 -17.9517 2.7
    endloop
  endfacet
  facet normal 0 0 1
    outer loop
      vertex -40.1 -30.1 2.7
      vertex -41.3 -28.9 2.7
      vertex -40.2176 -30.0942 2.7
    endloop
  endfacet
  facet normal 0 0 1
    outer loop
      vertex -41.3 -19.1 2.7
      vertex -40.4483 -17.9517 2.7
      vertex -40.5592 -17.9913 2.7
    endloop
  endfacet
  facet normal 0 0 1
    outer loop
      vertex -40.2176 -30.0942 2.7
      vertex -41.3 -28.9 2.7
      vertex -40.3341 -30.0769 2.7
    endloop
  endfacet
  facet normal 0 0 1
    outer loop
      vertex -41.3 -19.1 2.7
      vertex -40.5592 -17.9913 2.7
      vertex -40.6657 -18.0417 2.7
    endloop
  endfacet
  facet normal 0 0 1
    outer loop
      vertex -40.3341 -30.0769 2.7
      vertex -41.3 -28.9 2.7
      vertex -40.4483 -30.0483 2.7
    endloop
  endfacet
  facet normal 0 0 1
    outer loop
      vertex -41.3 -19.1 2.7
      vertex -40.6657 -18.0417 2.7
      vertex -40.7667 -18.1022 2.7
    endloop
  endfacet
  facet normal 0 0 1
    outer loop
      vertex -40.4483 -30.0483 2.7
      vertex -41.3 -28.9 2.7
      vertex -40.5592 -30.0086 2.7
    endloop
  endfacet
  facet normal 0 0 1
    outer loop
      vertex -41.3 -19.1 2.7
      vertex -40.7667 -18.1022 2.7
      vertex -40.8613 -18.1724 2.7
    endloop
  endfacet
  facet normal 0 0 1
    outer loop
      vertex -40.5592 -30.0086 2.7
      vertex -41.3 -28.9 2.7
      vertex -40.6657 -29.9583 2.7
    endloop
  endfacet
  facet normal 0 0 1
    outer loop
      vertex -41.3 -19.1 2.7
      vertex -40.8613 -18.1724 2.7
      vertex -40.9485 -18.2515 2.7
    endloop
  endfacet
  facet normal 0 0 1
    outer loop
      vertex -40.6657 -29.9583 2.7
      vertex -41.3 -28.9 2.7
      vertex -40.7667 -29.8977 2.7
    endloop
  endfacet
  facet normal 0 0 1
    outer loop
      vertex -41.3 -19.1 2.7
      vertex -40.9485 -18.2515 2.7
      vertex -41.0276 -18.3387 2.7
    endloop
  endfacet
  facet normal 0 0 1
    outer loop
      vertex -40.7667 -29.8977 2.7
      vertex -41.3 -28.9 2.7
      vertex -40.8613 -29.8276 2.7
    endloop
  endfacet
  facet normal 0 0 1
    outer loop
      vertex -41.3 -19.1 2.7
      vertex -41.0276 -18.3387 2.7
      vertex -41.0978 -18.4333 2.7
    endloop
  endfacet
  facet normal 0 0 1
    outer loop
      vertex -40.8613 -29.8276 2.7
      vertex -41.3 -28.9 2.7
      vertex -40.9485 -29.7485 2.7
    endloop
  endfacet
  facet normal 0 0 1
    outer loop
      vertex -41.3 -19.1 2.7
      vertex -41.0978 -18.4333 2.7
      vertex -41.1583 -18.5343 2.7
    endloop
  endfacet
  facet normal 0 0 1
    outer loop
      vertex -40.9485 -29.7485 2.7
      vertex -41.3 -28.9 2.7
      vertex -41.0276 -29.6613 2.7
    endloop
  endfacet
  facet normal 0 0 1
    outer loop
      vertex -41.3 -19.1 2.7
      vertex -41.1583 -18.5343 2.7
      vertex -41.2087 -18.6408 2.7
    endloop
  endfacet
  facet normal 0 0 1
    outer loop
      vertex -41.0276 -29.6613 2.7
      vertex -41.3 -28.9 2.7
      vertex -41.0978 -29.5667 2.7
    endloop
  endfacet
  facet normal 0 0 1
    outer loop
      vertex -41.3 -19.1 2.7
      vertex -41.2087 -18.6408 2.7
      vertex -41.2483 -18.7516 2.7
    endloop
  endfacet
  facet normal 0 0 1
    outer loop
      vertex -41.0978 -29.5667 2.7
      vertex -41.3 -28.9 2.7
      vertex -41.1583 -29.4657 2.7
    endloop
  endfacet
  facet normal 0 0 1
    outer loop
      vertex -41.3 -19.1 2.7
      vertex -41.2483 -18.7516 2.7
      vertex -41.2769 -18.8659 2.7
    endloop
  endfacet
  facet normal 0 0 1
    outer loop
      vertex -41.1583 -29.4657 2.7
      vertex -41.3 -28.9 2.7
      vertex -41.2087 -29.3592 2.7
    endloop
  endfacet
  facet normal 0 0 1
    outer loop
      vertex -41.3 -19.1 2.7
      vertex -41.2769 -18.8659 2.7
      vertex -41.2942 -18.9824 2.7
    endloop
  endfacet
  facet normal 0 0 1
    outer loop
      vertex -41.2087 -29.3592 2.7
      vertex -41.3 -28.9 2.7
      vertex -41.2483 -29.2483 2.7
    endloop
  endfacet
  facet normal 0 0 1
    outer loop
      vertex -41.2483 -29.2483 2.7
      vertex -41.3 -28.9 2.7
      vertex -41.2769 -29.1341 2.7
    endloop
  endfacet
  facet normal 0 0 1
    outer loop
      vertex -41.2769 -29.1341 2.7
      vertex -41.3 -28.9 2.7
      vertex -41.2942 -29.0176 2.7
    endloop
  endfacet
  facet normal -0.146887 0.989153 0
    outer loop
      vertex -61.6659 -16.2769 2.7
      vertex -61.7824 -16.2942 3.3
      vertex -61.6659 -16.2769 3.3
    endloop
  endfacet
  facet normal -0.146887 0.989153 0
    outer loop
      vertex -61.7824 -16.2942 3.3
      vertex -61.6659 -16.2769 2.7
      vertex -61.7824 -16.2942 2.7
    endloop
  endfacet
  facet normal -0.242935 0.970042 0
    outer loop
      vertex -61.5517 -16.2483 2.7
      vertex -61.6659 -16.2769 3.3
      vertex -61.5517 -16.2483 3.3
    endloop
  endfacet
  facet normal -0.242935 0.970042 0
    outer loop
      vertex -61.6659 -16.2769 3.3
      vertex -61.5517 -16.2483 2.7
      vertex -61.6659 -16.2769 2.7
    endloop
  endfacet
  facet normal -0.337035 0.941492 0
    outer loop
      vertex -61.4408 -16.2086 2.7
      vertex -61.5517 -16.2483 3.3
      vertex -61.4408 -16.2086 3.3
    endloop
  endfacet
  facet normal -0.337035 0.941492 0
    outer loop
      vertex -61.5517 -16.2483 3.3
      vertex -61.4408 -16.2086 2.7
      vertex -61.5517 -16.2483 2.7
    endloop
  endfacet
  facet normal -0.427064 0.904221 0
    outer loop
      vertex -61.3343 -16.1583 2.7
      vertex -61.4408 -16.2086 3.3
      vertex -61.3343 -16.1583 3.3
    endloop
  endfacet
  facet normal -0.427064 0.904221 0
    outer loop
      vertex -61.4408 -16.2086 3.3
      vertex -61.3343 -16.1583 2.7
      vertex -61.4408 -16.2086 2.7
    endloop
  endfacet
  facet normal -0.514496 0.857493 0
    outer loop
      vertex -61.2333 -16.0977 2.7
      vertex -61.3343 -16.1583 3.3
      vertex -61.2333 -16.0977 3.3
    endloop
  endfacet
  facet normal -0.514496 0.857493 0
    outer loop
      vertex -61.3343 -16.1583 3.3
      vertex -61.2333 -16.0977 2.7
      vertex -61.3343 -16.1583 2.7
    endloop
  endfacet
  facet normal -0.59537 0.803452 0
    outer loop
      vertex -61.1387 -16.0276 2.7
      vertex -61.2333 -16.0977 3.3
      vertex -61.1387 -16.0276 3.3
    endloop
  endfacet
  facet normal -0.59537 0.803452 0
    outer loop
      vertex -61.2333 -16.0977 3.3
      vertex -61.1387 -16.0276 2.7
      vertex -61.2333 -16.0977 2.7
    endloop
  endfacet
  facet normal -0.671869 0.74067 0
    outer loop
      vertex -61.0515 -15.9485 2.7
      vertex -61.1387 -16.0276 3.3
      vertex -61.0515 -15.9485 3.3
    endloop
  endfacet
  facet normal -0.671869 0.74067 0
    outer loop
      vertex -61.1387 -16.0276 3.3
      vertex -61.0515 -15.9485 2.7
      vertex -61.1387 -16.0276 2.7
    endloop
  endfacet
  facet normal -0.74067 0.671869 0
    outer loop
      vertex -61.0515 -15.9485 2.7
      vertex -60.9724 -15.8613 3.3
      vertex -60.9724 -15.8613 2.7
    endloop
  endfacet
  facet normal -0.74067 0.671869 0
    outer loop
      vertex -60.9724 -15.8613 3.3
      vertex -61.0515 -15.9485 2.7
      vertex -61.0515 -15.9485 3.3
    endloop
  endfacet
  facet normal -0.803046 0.595918 0
    outer loop
      vertex -60.9724 -15.8613 2.7
      vertex -60.9022 -15.7667 3.3
      vertex -60.9022 -15.7667 2.7
    endloop
  endfacet
  facet normal -0.803046 0.595918 0
    outer loop
      vertex -60.9022 -15.7667 3.3
      vertex -60.9724 -15.8613 2.7
      vertex -60.9724 -15.8613 3.3
    endloop
  endfacet
  facet normal -0.857867 0.513871 0
    outer loop
      vertex -60.9022 -15.7667 2.7
      vertex -60.8417 -15.6657 3.3
      vertex -60.8417 -15.6657 2.7
    endloop
  endfacet
  facet normal -0.857867 0.513871 0
    outer loop
      vertex -60.8417 -15.6657 3.3
      vertex -60.9022 -15.7667 2.7
      vertex -60.9022 -15.7667 3.3
    endloop
  endfacet
  facet normal -0.903893 0.427758 0
    outer loop
      vertex -60.8417 -15.6657 2.7
      vertex -60.7913 -15.5592 3.3
      vertex -60.7913 -15.5592 2.7
    endloop
  endfacet
  facet normal -0.903893 0.427758 0
    outer loop
      vertex -60.7913 -15.5592 3.3
      vertex -60.8417 -15.6657 2.7
      vertex -60.8417 -15.6657 3.3
    endloop
  endfacet
  facet normal -0.941761 0.336283 0
    outer loop
      vertex -60.7913 -15.5592 2.7
      vertex -60.7517 -15.4483 3.3
      vertex -60.7517 -15.4483 2.7
    endloop
  endfacet
  facet normal -0.941761 0.336283 0
    outer loop
      vertex -60.7517 -15.4483 3.3
      vertex -60.7913 -15.5592 2.7
      vertex -60.7913 -15.5592 3.3
    endloop
  endfacet
  facet normal -0.970042 0.242935 0
    outer loop
      vertex -60.7517 -15.4483 2.7
      vertex -60.7231 -15.3341 3.3
      vertex -60.7231 -15.3341 2.7
    endloop
  endfacet
  facet normal -0.970042 0.242935 0
    outer loop
      vertex -60.7231 -15.3341 3.3
      vertex -60.7517 -15.4483 2.7
      vertex -60.7517 -15.4483 3.3
    endloop
  endfacet
  facet normal -0.989153 0.146887 0
    outer loop
      vertex -60.7231 -15.3341 2.7
      vertex -60.7058 -15.2176 3.3
      vertex -60.7058 -15.2176 2.7
    endloop
  endfacet
  facet normal -0.989153 0.146887 0
    outer loop
      vertex -60.7058 -15.2176 3.3
      vertex -60.7231 -15.3341 2.7
      vertex -60.7231 -15.3341 3.3
    endloop
  endfacet
  facet normal -0.998786 0.0492599 0
    outer loop
      vertex -60.7058 -15.2176 2.7
      vertex -60.7 -15.1 3.3
      vertex -60.7 -15.1 2.7
    endloop
  endfacet
  facet normal -0.998786 0.0492599 0
    outer loop
      vertex -60.7 -15.1 3.3
      vertex -60.7058 -15.2176 2.7
      vertex -60.7058 -15.2176 3.3
    endloop
  endfacet
  facet normal -1 0 0
    outer loop
      vertex -60.7 -15.1 2.7
      vertex -60.7 -5.3 3.3
      vertex -60.7 -5.3 2.7
    endloop
  endfacet
  facet normal -1 -0 0
    outer loop
      vertex -60.7 -5.3 3.3
      vertex -60.7 -15.1 2.7
      vertex -60.7 -15.1 3.3
    endloop
  endfacet
  facet normal -0.998786 -0.0492557 0
    outer loop
      vertex -60.7 -5.3 2.7
      vertex -60.7058 -5.18239 3.3
      vertex -60.7058 -5.18239 2.7
    endloop
  endfacet
  facet normal -0.998786 -0.0492557 0
    outer loop
      vertex -60.7058 -5.18239 3.3
      vertex -60.7 -5.3 2.7
      vertex -60.7 -5.3 3.3
    endloop
  endfacet
  facet normal -0.989153 -0.146887 0
    outer loop
      vertex -60.7058 -5.18239 2.7
      vertex -60.7231 -5.06589 3.3
      vertex -60.7231 -5.06589 2.7
    endloop
  endfacet
  facet normal -0.989153 -0.146887 0
    outer loop
      vertex -60.7231 -5.06589 3.3
      vertex -60.7058 -5.18239 2.7
      vertex -60.7058 -5.18239 3.3
    endloop
  endfacet
  facet normal -0.970058 -0.242875 0
    outer loop
      vertex -60.7231 -5.06589 2.7
      vertex -60.7517 -4.95166 3.3
      vertex -60.7517 -4.95166 2.7
    endloop
  endfacet
  facet normal -0.970058 -0.242875 0
    outer loop
      vertex -60.7517 -4.95166 3.3
      vertex -60.7231 -5.06589 2.7
      vertex -60.7231 -5.06589 3.3
    endloop
  endfacet
  facet normal -0.941732 -0.336363 0
    outer loop
      vertex -60.7517 -4.95166 2.7
      vertex -60.7913 -4.84079 3.3
      vertex -60.7913 -4.84079 2.7
    endloop
  endfacet
  facet normal -0.941732 -0.336363 0
    outer loop
      vertex -60.7913 -4.84079 3.3
      vertex -60.7517 -4.95166 2.7
      vertex -60.7517 -4.95166 3.3
    endloop
  endfacet
  facet normal -0.903831 -0.427889 0
    outer loop
      vertex -60.7913 -4.84079 2.7
      vertex -60.8417 -4.73433 3.3
      vertex -60.8417 -4.73433 2.7
    endloop
  endfacet
  facet normal -0.903831 -0.427889 0
    outer loop
      vertex -60.8417 -4.73433 3.3
      vertex -60.7913 -4.84079 2.7
      vertex -60.7913 -4.84079 3.3
    endloop
  endfacet
  facet normal -0.85789 -0.513834 0
    outer loop
      vertex -60.8417 -4.73433 2.7
      vertex -60.9022 -4.63332 3.3
      vertex -60.9022 -4.63332 2.7
    endloop
  endfacet
  facet normal -0.85789 -0.513834 0
    outer loop
      vertex -60.9022 -4.63332 3.3
      vertex -60.8417 -4.73433 2.7
      vertex -60.8417 -4.73433 3.3
    endloop
  endfacet
  facet normal -0.803015 -0.595958 0
    outer loop
      vertex -60.9022 -4.63332 2.7
      vertex -60.9724 -4.53873 3.3
      vertex -60.9724 -4.53873 2.7
    endloop
  endfacet
  facet normal -0.803015 -0.595958 0
    outer loop
      vertex -60.9724 -4.53873 3.3
      vertex -60.9022 -4.63332 2.7
      vertex -60.9022 -4.63332 3.3
    endloop
  endfacet
  facet normal -0.740862 -0.671658 0
    outer loop
      vertex -60.9724 -4.53873 2.7
      vertex -61.0515 -4.45148 3.3
      vertex -61.0515 -4.45148 2.7
    endloop
  endfacet
  facet normal -0.740862 -0.671658 0
    outer loop
      vertex -61.0515 -4.45148 3.3
      vertex -60.9724 -4.53873 2.7
      vertex -60.9724 -4.53873 3.3
    endloop
  endfacet
  facet normal -0.671823 -0.740712 0
    outer loop
      vertex -61.1387 -4.37239 2.7
      vertex -61.0515 -4.45148 3.3
      vertex -61.1387 -4.37239 3.3
    endloop
  endfacet
  facet normal -0.671823 -0.740712 -0
    outer loop
      vertex -61.0515 -4.45148 3.3
      vertex -61.1387 -4.37239 2.7
      vertex -61.0515 -4.45148 2.7
    endloop
  endfacet
  facet normal -0.595589 -0.803289 0
    outer loop
      vertex -61.2333 -4.30225 2.7
      vertex -61.1387 -4.37239 3.3
      vertex -61.2333 -4.30225 3.3
    endloop
  endfacet
  facet normal -0.595589 -0.803289 -0
    outer loop
      vertex -61.1387 -4.37239 3.3
      vertex -61.2333 -4.30225 2.7
      vertex -61.1387 -4.37239 2.7
    endloop
  endfacet
  facet normal -0.514184 -0.85768 0
    outer loop
      vertex -61.3343 -4.2417 2.7
      vertex -61.2333 -4.30225 3.3
      vertex -61.3343 -4.2417 3.3
    endloop
  endfacet
  facet normal -0.514184 -0.85768 -0
    outer loop
      vertex -61.2333 -4.30225 3.3
      vertex -61.3343 -4.2417 2.7
      vertex -61.2333 -4.30225 2.7
    endloop
  endfacet
  facet normal -0.427411 -0.904057 0
    outer loop
      vertex -61.4408 -4.19135 2.7
      vertex -61.3343 -4.2417 3.3
      vertex -61.4408 -4.19135 3.3
    endloop
  endfacet
  facet normal -0.427411 -0.904057 -0
    outer loop
      vertex -61.3343 -4.2417 3.3
      vertex -61.4408 -4.19135 2.7
      vertex -61.3343 -4.2417 2.7
    endloop
  endfacet
  facet normal -0.336885 -0.941546 0
    outer loop
      vertex -61.5517 -4.15167 2.7
      vertex -61.4408 -4.19135 3.3
      vertex -61.5517 -4.15167 3.3
    endloop
  endfacet
  facet normal -0.336885 -0.941546 -0
    outer loop
      vertex -61.4408 -4.19135 3.3
      vertex -61.5517 -4.15167 2.7
      vertex -61.4408 -4.19135 2.7
    endloop
  endfacet
  facet normal -0.243015 -0.970022 0
    outer loop
      vertex -61.6659 -4.12306 2.7
      vertex -61.5517 -4.15167 3.3
      vertex -61.6659 -4.12306 3.3
    endloop
  endfacet
  facet normal -0.243015 -0.970022 -0
    outer loop
      vertex -61.5517 -4.15167 3.3
      vertex -61.6659 -4.12306 2.7
      vertex -61.5517 -4.15167 2.7
    endloop
  endfacet
  facet normal -0.146804 -0.989166 0
    outer loop
      vertex -61.7824 -4.10577 2.7
      vertex -61.6659 -4.12306 3.3
      vertex -61.7824 -4.10577 3.3
    endloop
  endfacet
  facet normal -0.146804 -0.989166 -0
    outer loop
      vertex -61.6659 -4.12306 3.3
      vertex -61.7824 -4.10577 2.7
      vertex -61.6659 -4.12306 2.7
    endloop
  endfacet
  facet normal -0.0489209 -0.998803 0
    outer loop
      vertex -61.9 -4.10001 2.7
      vertex -61.7824 -4.10577 3.3
      vertex -61.9 -4.10001 3.3
    endloop
  endfacet
  facet normal -0.0489209 -0.998803 -0
    outer loop
      vertex -61.7824 -4.10577 3.3
      vertex -61.9 -4.10001 2.7
      vertex -61.7824 -4.10577 2.7
    endloop
  endfacet
  facet normal 0 -1 0
    outer loop
      vertex -75.7 -4.10001 2.7
      vertex -61.9 -4.10001 3.3
      vertex -75.7 -4.10001 3.3
    endloop
  endfacet
  facet normal 0 -1 -0
    outer loop
      vertex -61.9 -4.10001 3.3
      vertex -75.7 -4.10001 2.7
      vertex -61.9 -4.10001 2.7
    endloop
  endfacet
  facet normal 0.0489209 -0.998803 0
    outer loop
      vertex -75.8176 -4.10577 2.7
      vertex -75.7 -4.10001 3.3
      vertex -75.8176 -4.10577 3.3
    endloop
  endfacet
  facet normal 0.0489209 -0.998803 0
    outer loop
      vertex -75.7 -4.10001 3.3
      vertex -75.8176 -4.10577 2.7
      vertex -75.7 -4.10001 2.7
    endloop
  endfacet
  facet normal 0.146804 -0.989166 0
    outer loop
      vertex -75.9341 -4.12306 2.7
      vertex -75.8176 -4.10577 3.3
      vertex -75.9341 -4.12306 3.3
    endloop
  endfacet
  facet normal 0.146804 -0.989166 0
    outer loop
      vertex -75.8176 -4.10577 3.3
      vertex -75.9341 -4.12306 2.7
      vertex -75.8176 -4.10577 2.7
    endloop
  endfacet
  facet normal 0.243015 -0.970022 0
    outer loop
      vertex -76.0483 -4.15167 2.7
      vertex -75.9341 -4.12306 3.3
      vertex -76.0483 -4.15167 3.3
    endloop
  endfacet
  facet normal 0.243015 -0.970022 0
    outer loop
      vertex -75.9341 -4.12306 3.3
      vertex -76.0483 -4.15167 2.7
      vertex -75.9341 -4.12306 2.7
    endloop
  endfacet
  facet normal 0.336885 -0.941546 0
    outer loop
      vertex -76.1592 -4.19135 2.7
      vertex -76.0483 -4.15167 3.3
      vertex -76.1592 -4.19135 3.3
    endloop
  endfacet
  facet normal 0.336885 -0.941546 0
    outer loop
      vertex -76.0483 -4.15167 3.3
      vertex -76.1592 -4.19135 2.7
      vertex -76.0483 -4.15167 2.7
    endloop
  endfacet
  facet normal 0.427411 -0.904057 0
    outer loop
      vertex -76.2657 -4.2417 2.7
      vertex -76.1592 -4.19135 3.3
      vertex -76.2657 -4.2417 3.3
    endloop
  endfacet
  facet normal 0.427411 -0.904057 0
    outer loop
      vertex -76.1592 -4.19135 3.3
      vertex -76.2657 -4.2417 2.7
      vertex -76.1592 -4.19135 2.7
    endloop
  endfacet
  facet normal 0.514184 -0.85768 0
    outer loop
      vertex -76.3667 -4.30225 2.7
      vertex -76.2657 -4.2417 3.3
      vertex -76.3667 -4.30225 3.3
    endloop
  endfacet
  facet normal 0.514184 -0.85768 0
    outer loop
      vertex -76.2657 -4.2417 3.3
      vertex -76.3667 -4.30225 2.7
      vertex -76.2657 -4.2417 2.7
    endloop
  endfacet
  facet normal 0.595589 -0.803289 0
    outer loop
      vertex -76.4613 -4.37239 2.7
      vertex -76.3667 -4.30225 3.3
      vertex -76.4613 -4.37239 3.3
    endloop
  endfacet
  facet normal 0.595589 -0.803289 0
    outer loop
      vertex -76.3667 -4.30225 3.3
      vertex -76.4613 -4.37239 2.7
      vertex -76.3667 -4.30225 2.7
    endloop
  endfacet
  facet normal 0.671823 -0.740712 0
    outer loop
      vertex -76.5485 -4.45148 2.7
      vertex -76.4613 -4.37239 3.3
      vertex -76.5485 -4.45148 3.3
    endloop
  endfacet
  facet normal 0.671823 -0.740712 0
    outer loop
      vertex -76.4613 -4.37239 3.3
      vertex -76.5485 -4.45148 2.7
      vertex -76.4613 -4.37239 2.7
    endloop
  endfacet
  facet normal 0.740862 -0.671658 0
    outer loop
      vertex -76.6276 -4.53873 3.3
      vertex -76.5485 -4.45148 2.7
      vertex -76.5485 -4.45148 3.3
    endloop
  endfacet
  facet normal 0.740862 -0.671658 0
    outer loop
      vertex -76.5485 -4.45148 2.7
      vertex -76.6276 -4.53873 3.3
      vertex -76.6276 -4.53873 2.7
    endloop
  endfacet
  facet normal 0.803422 -0.59541 0
    outer loop
      vertex -76.6977 -4.63332 3.3
      vertex -76.6276 -4.53873 2.7
      vertex -76.6276 -4.53873 3.3
    endloop
  endfacet
  facet normal 0.803422 -0.59541 0
    outer loop
      vertex -76.6276 -4.53873 2.7
      vertex -76.6977 -4.63332 3.3
      vertex -76.6977 -4.63332 2.7
    endloop
  endfacet
  facet normal 0.857515 -0.514458 0
    outer loop
      vertex -76.7583 -4.73433 3.3
      vertex -76.6977 -4.63332 2.7
      vertex -76.6977 -4.63332 3.3
    endloop
  endfacet
  facet normal 0.857515 -0.514458 0
    outer loop
      vertex -76.6977 -4.63332 2.7
      vertex -76.7583 -4.73433 3.3
      vertex -76.7583 -4.73433 2.7
    endloop
  endfacet
  facet normal 0.904159 -0.427195 0
    outer loop
      vertex -76.8086 -4.84079 3.3
      vertex -76.7583 -4.73433 2.7
      vertex -76.7583 -4.73433 3.3
    endloop
  endfacet
  facet normal 0.904159 -0.427195 0
    outer loop
      vertex -76.7583 -4.73433 2.7
      vertex -76.8086 -4.84079 3.3
      vertex -76.8086 -4.84079 2.7
    endloop
  endfacet
  facet normal 0.941463 -0.337116 0
    outer loop
      vertex -76.8483 -4.95166 3.3
      vertex -76.8086 -4.84079 2.7
      vertex -76.8086 -4.84079 3.3
    endloop
  endfacet
  facet normal 0.941463 -0.337116 0
    outer loop
      vertex -76.8086 -4.84079 2.7
      vertex -76.8483 -4.95166 3.3
      vertex -76.8483 -4.95166 2.7
    endloop
  endfacet
  facet normal 0.970058 -0.242875 0
    outer loop
      vertex -76.8769 -5.06589 3.3
      vertex -76.8483 -4.95166 2.7
      vertex -76.8483 -4.95166 3.3
    endloop
  endfacet
  facet normal 0.970058 -0.242875 0
    outer loop
      vertex -76.8483 -4.95166 2.7
      vertex -76.8769 -5.06589 3.3
      vertex -76.8769 -5.06589 2.7
    endloop
  endfacet
  facet normal 0.989153 -0.146887 0
    outer loop
      vertex -76.8942 -5.18239 3.3
      vertex -76.8769 -5.06589 2.7
      vertex -76.8769 -5.06589 3.3
    endloop
  endfacet
  facet normal 0.989153 -0.146887 0
    outer loop
      vertex -76.8769 -5.06589 2.7
      vertex -76.8942 -5.18239 3.3
      vertex -76.8942 -5.18239 2.7
    endloop
  endfacet
  facet normal 0.998786 -0.0492557 0
    outer loop
      vertex -76.9 -5.3 3.3
      vertex -76.8942 -5.18239 2.7
      vertex -76.8942 -5.18239 3.3
    endloop
  endfacet
  facet normal 0.998786 -0.0492557 0
    outer loop
      vertex -76.8942 -5.18239 2.7
      vertex -76.9 -5.3 3.3
      vertex -76.9 -5.3 2.7
    endloop
  endfacet
  facet normal 1 -0 0
    outer loop
      vertex -76.9 -15.1 3.3
      vertex -76.9 -5.3 2.7
      vertex -76.9 -5.3 3.3
    endloop
  endfacet
  facet normal 1 0 0
    outer loop
      vertex -76.9 -5.3 2.7
      vertex -76.9 -15.1 3.3
      vertex -76.9 -15.1 2.7
    endloop
  endfacet
  facet normal 0.998786 0.0492599 0
    outer loop
      vertex -76.8942 -15.2176 3.3
      vertex -76.9 -15.1 2.7
      vertex -76.9 -15.1 3.3
    endloop
  endfacet
  facet normal 0.998786 0.0492599 0
    outer loop
      vertex -76.9 -15.1 2.7
      vertex -76.8942 -15.2176 3.3
      vertex -76.8942 -15.2176 2.7
    endloop
  endfacet
  facet normal 0.989153 0.146887 0
    outer loop
      vertex -76.8769 -15.3341 3.3
      vertex -76.8942 -15.2176 2.7
      vertex -76.8942 -15.2176 3.3
    endloop
  endfacet
  facet normal 0.989153 0.146887 0
    outer loop
      vertex -76.8942 -15.2176 2.7
      vertex -76.8769 -15.3341 3.3
      vertex -76.8769 -15.3341 2.7
    endloop
  endfacet
  facet normal 0.970042 0.242935 0
    outer loop
      vertex -76.8483 -15.4483 3.3
      vertex -76.8769 -15.3341 2.7
      vertex -76.8769 -15.3341 3.3
    endloop
  endfacet
  facet normal 0.970042 0.242935 0
    outer loop
      vertex -76.8769 -15.3341 2.7
      vertex -76.8483 -15.4483 3.3
      vertex -76.8483 -15.4483 2.7
    endloop
  endfacet
  facet normal 0.941492 0.337035 0
    outer loop
      vertex -76.8086 -15.5592 3.3
      vertex -76.8483 -15.4483 2.7
      vertex -76.8483 -15.4483 3.3
    endloop
  endfacet
  facet normal 0.941492 0.337035 0
    outer loop
      vertex -76.8483 -15.4483 2.7
      vertex -76.8086 -15.5592 3.3
      vertex -76.8086 -15.5592 2.7
    endloop
  endfacet
  facet normal 0.904221 0.427064 0
    outer loop
      vertex -76.7583 -15.6657 3.3
      vertex -76.8086 -15.5592 2.7
      vertex -76.8086 -15.5592 3.3
    endloop
  endfacet
  facet normal 0.904221 0.427064 0
    outer loop
      vertex -76.8086 -15.5592 2.7
      vertex -76.7583 -15.6657 3.3
      vertex -76.7583 -15.6657 2.7
    endloop
  endfacet
  facet normal 0.857493 0.514496 0
    outer loop
      vertex -76.6977 -15.7667 3.3
      vertex -76.7583 -15.6657 2.7
      vertex -76.7583 -15.6657 3.3
    endloop
  endfacet
  facet normal 0.857493 0.514496 0
    outer loop
      vertex -76.7583 -15.6657 2.7
      vertex -76.6977 -15.7667 3.3
      vertex -76.6977 -15.7667 2.7
    endloop
  endfacet
  facet normal 0.803452 0.59537 0
    outer loop
      vertex -76.6276 -15.8613 3.3
      vertex -76.6977 -15.7667 2.7
      vertex -76.6977 -15.7667 3.3
    endloop
  endfacet
  facet normal 0.803452 0.59537 0
    outer loop
      vertex -76.6977 -15.7667 2.7
      vertex -76.6276 -15.8613 3.3
      vertex -76.6276 -15.8613 2.7
    endloop
  endfacet
  facet normal 0.74067 0.671869 0
    outer loop
      vertex -76.5485 -15.9485 3.3
      vertex -76.6276 -15.8613 2.7
      vertex -76.6276 -15.8613 3.3
    endloop
  endfacet
  facet normal 0.74067 0.671869 0
    outer loop
      vertex -76.6276 -15.8613 2.7
      vertex -76.5485 -15.9485 3.3
      vertex -76.5485 -15.9485 2.7
    endloop
  endfacet
  facet normal 0.671869 0.74067 -0
    outer loop
      vertex -76.4613 -16.0276 2.7
      vertex -76.5485 -15.9485 3.3
      vertex -76.4613 -16.0276 3.3
    endloop
  endfacet
  facet normal 0.671869 0.74067 0
    outer loop
      vertex -76.5485 -15.9485 3.3
      vertex -76.4613 -16.0276 2.7
      vertex -76.5485 -15.9485 2.7
    endloop
  endfacet
  facet normal 0.59537 0.803452 -0
    outer loop
      vertex -76.3667 -16.0977 2.7
      vertex -76.4613 -16.0276 3.3
      vertex -76.3667 -16.0977 3.3
    endloop
  endfacet
  facet normal 0.59537 0.803452 0
    outer loop
      vertex -76.4613 -16.0276 3.3
      vertex -76.3667 -16.0977 2.7
      vertex -76.4613 -16.0276 2.7
    endloop
  endfacet
  facet normal 0.514496 0.857493 -0
    outer loop
      vertex -76.2657 -16.1583 2.7
      vertex -76.3667 -16.0977 3.3
      vertex -76.2657 -16.1583 3.3
    endloop
  endfacet
  facet normal 0.514496 0.857493 0
    outer loop
      vertex -76.3667 -16.0977 3.3
      vertex -76.2657 -16.1583 2.7
      vertex -76.3667 -16.0977 2.7
    endloop
  endfacet
  facet normal 0.427064 0.904221 -0
    outer loop
      vertex -76.1592 -16.2086 2.7
      vertex -76.2657 -16.1583 3.3
      vertex -76.1592 -16.2086 3.3
    endloop
  endfacet
  facet normal 0.427064 0.904221 0
    outer loop
      vertex -76.2657 -16.1583 3.3
      vertex -76.1592 -16.2086 2.7
      vertex -76.2657 -16.1583 2.7
    endloop
  endfacet
  facet normal 0.337035 0.941492 -0
    outer loop
      vertex -76.0483 -16.2483 2.7
      vertex -76.1592 -16.2086 3.3
      vertex -76.0483 -16.2483 3.3
    endloop
  endfacet
  facet normal 0.337035 0.941492 0
    outer loop
      vertex -76.1592 -16.2086 3.3
      vertex -76.0483 -16.2483 2.7
      vertex -76.1592 -16.2086 2.7
    endloop
  endfacet
  facet normal 0.242935 0.970042 -0
    outer loop
      vertex -75.9341 -16.2769 2.7
      vertex -76.0483 -16.2483 3.3
      vertex -75.9341 -16.2769 3.3
    endloop
  endfacet
  facet normal 0.242935 0.970042 0
    outer loop
      vertex -76.0483 -16.2483 3.3
      vertex -75.9341 -16.2769 2.7
      vertex -76.0483 -16.2483 2.7
    endloop
  endfacet
  facet normal 0.146887 0.989153 -0
    outer loop
      vertex -75.8176 -16.2942 2.7
      vertex -75.9341 -16.2769 3.3
      vertex -75.8176 -16.2942 3.3
    endloop
  endfacet
  facet normal 0.146887 0.989153 0
    outer loop
      vertex -75.9341 -16.2769 3.3
      vertex -75.8176 -16.2942 2.7
      vertex -75.9341 -16.2769 2.7
    endloop
  endfacet
  facet normal 0.0492599 0.998786 -0
    outer loop
      vertex -75.7 -16.3 2.7
      vertex -75.8176 -16.2942 3.3
      vertex -75.7 -16.3 3.3
    endloop
  endfacet
  facet normal 0.0492599 0.998786 0
    outer loop
      vertex -75.8176 -16.2942 3.3
      vertex -75.7 -16.3 2.7
      vertex -75.8176 -16.2942 2.7
    endloop
  endfacet
  facet normal 0 1 -0
    outer loop
      vertex -61.9 -16.3 2.7
      vertex -75.7 -16.3 3.3
      vertex -61.9 -16.3 3.3
    endloop
  endfacet
  facet normal 0 1 0
    outer loop
      vertex -75.7 -16.3 3.3
      vertex -61.9 -16.3 2.7
      vertex -75.7 -16.3 2.7
    endloop
  endfacet
  facet normal -0.0492599 0.998786 0
    outer loop
      vertex -61.7824 -16.2942 2.7
      vertex -61.9 -16.3 3.3
      vertex -61.7824 -16.2942 3.3
    endloop
  endfacet
  facet normal -0.0492599 0.998786 0
    outer loop
      vertex -61.9 -16.3 3.3
      vertex -61.7824 -16.2942 2.7
      vertex -61.9 -16.3 2.7
    endloop
  endfacet
  facet normal -0.146887 0.989153 0
    outer loop
      vertex -43.8659 -16.2769 2.7
      vertex -43.9824 -16.2942 3.3
      vertex -43.8659 -16.2769 3.3
    endloop
  endfacet
  facet normal -0.146887 0.989153 0
    outer loop
      vertex -43.9824 -16.2942 3.3
      vertex -43.8659 -16.2769 2.7
      vertex -43.9824 -16.2942 2.7
    endloop
  endfacet
  facet normal -0.242935 0.970042 0
    outer loop
      vertex -43.7517 -16.2483 2.7
      vertex -43.8659 -16.2769 3.3
      vertex -43.7517 -16.2483 3.3
    endloop
  endfacet
  facet normal -0.242935 0.970042 0
    outer loop
      vertex -43.8659 -16.2769 3.3
      vertex -43.7517 -16.2483 2.7
      vertex -43.8659 -16.2769 2.7
    endloop
  endfacet
  facet normal -0.337035 0.941492 0
    outer loop
      vertex -43.6408 -16.2086 2.7
      vertex -43.7517 -16.2483 3.3
      vertex -43.6408 -16.2086 3.3
    endloop
  endfacet
  facet normal -0.337035 0.941492 0
    outer loop
      vertex -43.7517 -16.2483 3.3
      vertex -43.6408 -16.2086 2.7
      vertex -43.7517 -16.2483 2.7
    endloop
  endfacet
  facet normal -0.427064 0.904221 0
    outer loop
      vertex -43.5343 -16.1583 2.7
      vertex -43.6408 -16.2086 3.3
      vertex -43.5343 -16.1583 3.3
    endloop
  endfacet
  facet normal -0.427064 0.904221 0
    outer loop
      vertex -43.6408 -16.2086 3.3
      vertex -43.5343 -16.1583 2.7
      vertex -43.6408 -16.2086 2.7
    endloop
  endfacet
  facet normal -0.514496 0.857493 0
    outer loop
      vertex -43.4333 -16.0977 2.7
      vertex -43.5343 -16.1583 3.3
      vertex -43.4333 -16.0977 3.3
    endloop
  endfacet
  facet normal -0.514496 0.857493 0
    outer loop
      vertex -43.5343 -16.1583 3.3
      vertex -43.4333 -16.0977 2.7
      vertex -43.5343 -16.1583 2.7
    endloop
  endfacet
  facet normal -0.59537 0.803452 0
    outer loop
      vertex -43.3387 -16.0276 2.7
      vertex -43.4333 -16.0977 3.3
      vertex -43.3387 -16.0276 3.3
    endloop
  endfacet
  facet normal -0.59537 0.803452 0
    outer loop
      vertex -43.4333 -16.0977 3.3
      vertex -43.3387 -16.0276 2.7
      vertex -43.4333 -16.0977 2.7
    endloop
  endfacet
  facet normal -0.671869 0.74067 0
    outer loop
      vertex -43.2515 -15.9485 2.7
      vertex -43.3387 -16.0276 3.3
      vertex -43.2515 -15.9485 3.3
    endloop
  endfacet
  facet normal -0.671869 0.74067 0
    outer loop
      vertex -43.3387 -16.0276 3.3
      vertex -43.2515 -15.9485 2.7
      vertex -43.3387 -16.0276 2.7
    endloop
  endfacet
  facet normal -0.74067 0.671869 0
    outer loop
      vertex -43.2515 -15.9485 2.7
      vertex -43.1724 -15.8613 3.3
      vertex -43.1724 -15.8613 2.7
    endloop
  endfacet
  facet normal -0.74067 0.671869 0
    outer loop
      vertex -43.1724 -15.8613 3.3
      vertex -43.2515 -15.9485 2.7
      vertex -43.2515 -15.9485 3.3
    endloop
  endfacet
  facet normal -0.803046 0.595918 0
    outer loop
      vertex -43.1724 -15.8613 2.7
      vertex -43.1022 -15.7667 3.3
      vertex -43.1022 -15.7667 2.7
    endloop
  endfacet
  facet normal -0.803046 0.595918 0
    outer loop
      vertex -43.1022 -15.7667 3.3
      vertex -43.1724 -15.8613 2.7
      vertex -43.1724 -15.8613 3.3
    endloop
  endfacet
  facet normal -0.857867 0.513871 0
    outer loop
      vertex -43.1022 -15.7667 2.7
      vertex -43.0417 -15.6657 3.3
      vertex -43.0417 -15.6657 2.7
    endloop
  endfacet
  facet normal -0.857867 0.513871 0
    outer loop
      vertex -43.0417 -15.6657 3.3
      vertex -43.1022 -15.7667 2.7
      vertex -43.1022 -15.7667 3.3
    endloop
  endfacet
  facet normal -0.903893 0.427758 0
    outer loop
      vertex -43.0417 -15.6657 2.7
      vertex -42.9913 -15.5592 3.3
      vertex -42.9913 -15.5592 2.7
    endloop
  endfacet
  facet normal -0.903893 0.427758 0
    outer loop
      vertex -42.9913 -15.5592 3.3
      vertex -43.0417 -15.6657 2.7
      vertex -43.0417 -15.6657 3.3
    endloop
  endfacet
  facet normal -0.941761 0.336283 0
    outer loop
      vertex -42.9913 -15.5592 2.7
      vertex -42.9517 -15.4483 3.3
      vertex -42.9517 -15.4483 2.7
    endloop
  endfacet
  facet normal -0.941761 0.336283 0
    outer loop
      vertex -42.9517 -15.4483 3.3
      vertex -42.9913 -15.5592 2.7
      vertex -42.9913 -15.5592 3.3
    endloop
  endfacet
  facet normal -0.970042 0.242935 0
    outer loop
      vertex -42.9517 -15.4483 2.7
      vertex -42.9231 -15.3341 3.3
      vertex -42.9231 -15.3341 2.7
    endloop
  endfacet
  facet normal -0.970042 0.242935 0
    outer loop
      vertex -42.9231 -15.3341 3.3
      vertex -42.9517 -15.4483 2.7
      vertex -42.9517 -15.4483 3.3
    endloop
  endfacet
  facet normal -0.989153 0.146887 0
    outer loop
      vertex -42.9231 -15.3341 2.7
      vertex -42.9058 -15.2176 3.3
      vertex -42.9058 -15.2176 2.7
    endloop
  endfacet
  facet normal -0.989153 0.146887 0
    outer loop
      vertex -42.9058 -15.2176 3.3
      vertex -42.9231 -15.3341 2.7
      vertex -42.9231 -15.3341 3.3
    endloop
  endfacet
  facet normal -0.998786 0.0492599 0
    outer loop
      vertex -42.9058 -15.2176 2.7
      vertex -42.9 -15.1 3.3
      vertex -42.9 -15.1 2.7
    endloop
  endfacet
  facet normal -0.998786 0.0492599 0
    outer loop
      vertex -42.9 -15.1 3.3
      vertex -42.9058 -15.2176 2.7
      vertex -42.9058 -15.2176 3.3
    endloop
  endfacet
  facet normal -1 0 0
    outer loop
      vertex -42.9 -15.1 2.7
      vertex -42.9 -5.3 3.3
      vertex -42.9 -5.3 2.7
    endloop
  endfacet
  facet normal -1 -0 0
    outer loop
      vertex -42.9 -5.3 3.3
      vertex -42.9 -15.1 2.7
      vertex -42.9 -15.1 3.3
    endloop
  endfacet
  facet normal -0.998786 -0.0492557 0
    outer loop
      vertex -42.9 -5.3 2.7
      vertex -42.9058 -5.18239 3.3
      vertex -42.9058 -5.18239 2.7
    endloop
  endfacet
  facet normal -0.998786 -0.0492557 0
    outer loop
      vertex -42.9058 -5.18239 3.3
      vertex -42.9 -5.3 2.7
      vertex -42.9 -5.3 3.3
    endloop
  endfacet
  facet normal -0.989153 -0.146887 0
    outer loop
      vertex -42.9058 -5.18239 2.7
      vertex -42.9231 -5.06589 3.3
      vertex -42.9231 -5.06589 2.7
    endloop
  endfacet
  facet normal -0.989153 -0.146887 0
    outer loop
      vertex -42.9231 -5.06589 3.3
      vertex -42.9058 -5.18239 2.7
      vertex -42.9058 -5.18239 3.3
    endloop
  endfacet
  facet normal -0.970058 -0.242875 0
    outer loop
      vertex -42.9231 -5.06589 2.7
      vertex -42.9517 -4.95166 3.3
      vertex -42.9517 -4.95166 2.7
    endloop
  endfacet
  facet normal -0.970058 -0.242875 0
    outer loop
      vertex -42.9517 -4.95166 3.3
      vertex -42.9231 -5.06589 2.7
      vertex -42.9231 -5.06589 3.3
    endloop
  endfacet
  facet normal -0.941732 -0.336363 0
    outer loop
      vertex -42.9517 -4.95166 2.7
      vertex -42.9913 -4.84079 3.3
      vertex -42.9913 -4.84079 2.7
    endloop
  endfacet
  facet normal -0.941732 -0.336363 0
    outer loop
      vertex -42.9913 -4.84079 3.3
      vertex -42.9517 -4.95166 2.7
      vertex -42.9517 -4.95166 3.3
    endloop
  endfacet
  facet normal -0.903831 -0.427889 0
    outer loop
      vertex -42.9913 -4.84079 2.7
      vertex -43.0417 -4.73433 3.3
      vertex -43.0417 -4.73433 2.7
    endloop
  endfacet
  facet normal -0.903831 -0.427889 0
    outer loop
      vertex -43.0417 -4.73433 3.3
      vertex -42.9913 -4.84079 2.7
      vertex -42.9913 -4.84079 3.3
    endloop
  endfacet
  facet normal -0.85789 -0.513834 0
    outer loop
      vertex -43.0417 -4.73433 2.7
      vertex -43.1022 -4.63332 3.3
      vertex -43.1022 -4.63332 2.7
    endloop
  endfacet
  facet normal -0.85789 -0.513834 0
    outer loop
      vertex -43.1022 -4.63332 3.3
      vertex -43.0417 -4.73433 2.7
      vertex -43.0417 -4.73433 3.3
    endloop
  endfacet
  facet normal -0.803015 -0.595958 0
    outer loop
      vertex -43.1022 -4.63332 2.7
      vertex -43.1724 -4.53873 3.3
      vertex -43.1724 -4.53873 2.7
    endloop
  endfacet
  facet normal -0.803015 -0.595958 0
    outer loop
      vertex -43.1724 -4.53873 3.3
      vertex -43.1022 -4.63332 2.7
      vertex -43.1022 -4.63332 3.3
    endloop
  endfacet
  facet normal -0.740862 -0.671658 0
    outer loop
      vertex -43.1724 -4.53873 2.7
      vertex -43.2515 -4.45148 3.3
      vertex -43.2515 -4.45148 2.7
    endloop
  endfacet
  facet normal -0.740862 -0.671658 0
    outer loop
      vertex -43.2515 -4.45148 3.3
      vertex -43.1724 -4.53873 2.7
      vertex -43.1724 -4.53873 3.3
    endloop
  endfacet
  facet normal -0.671823 -0.740712 0
    outer loop
      vertex -43.3387 -4.37239 2.7
      vertex -43.2515 -4.45148 3.3
      vertex -43.3387 -4.37239 3.3
    endloop
  endfacet
  facet normal -0.671823 -0.740712 -0
    outer loop
      vertex -43.2515 -4.45148 3.3
      vertex -43.3387 -4.37239 2.7
      vertex -43.2515 -4.45148 2.7
    endloop
  endfacet
  facet normal -0.595589 -0.803289 0
    outer loop
      vertex -43.4333 -4.30225 2.7
      vertex -43.3387 -4.37239 3.3
      vertex -43.4333 -4.30225 3.3
    endloop
  endfacet
  facet normal -0.595589 -0.803289 -0
    outer loop
      vertex -43.3387 -4.37239 3.3
      vertex -43.4333 -4.30225 2.7
      vertex -43.3387 -4.37239 2.7
    endloop
  endfacet
  facet normal -0.514184 -0.85768 0
    outer loop
      vertex -43.5343 -4.2417 2.7
      vertex -43.4333 -4.30225 3.3
      vertex -43.5343 -4.2417 3.3
    endloop
  endfacet
  facet normal -0.514184 -0.85768 -0
    outer loop
      vertex -43.4333 -4.30225 3.3
      vertex -43.5343 -4.2417 2.7
      vertex -43.4333 -4.30225 2.7
    endloop
  endfacet
  facet normal -0.427411 -0.904057 0
    outer loop
      vertex -43.6408 -4.19135 2.7
      vertex -43.5343 -4.2417 3.3
      vertex -43.6408 -4.19135 3.3
    endloop
  endfacet
  facet normal -0.427411 -0.904057 -0
    outer loop
      vertex -43.5343 -4.2417 3.3
      vertex -43.6408 -4.19135 2.7
      vertex -43.5343 -4.2417 2.7
    endloop
  endfacet
  facet normal -0.336885 -0.941546 0
    outer loop
      vertex -43.7517 -4.15167 2.7
      vertex -43.6408 -4.19135 3.3
      vertex -43.7517 -4.15167 3.3
    endloop
  endfacet
  facet normal -0.336885 -0.941546 -0
    outer loop
      vertex -43.6408 -4.19135 3.3
      vertex -43.7517 -4.15167 2.7
      vertex -43.6408 -4.19135 2.7
    endloop
  endfacet
  facet normal -0.243015 -0.970022 0
    outer loop
      vertex -43.8659 -4.12306 2.7
      vertex -43.7517 -4.15167 3.3
      vertex -43.8659 -4.12306 3.3
    endloop
  endfacet
  facet normal -0.243015 -0.970022 -0
    outer loop
      vertex -43.7517 -4.15167 3.3
      vertex -43.8659 -4.12306 2.7
      vertex -43.7517 -4.15167 2.7
    endloop
  endfacet
  facet normal -0.146804 -0.989166 0
    outer loop
      vertex -43.9824 -4.10577 2.7
      vertex -43.8659 -4.12306 3.3
      vertex -43.9824 -4.10577 3.3
    endloop
  endfacet
  facet normal -0.146804 -0.989166 -0
    outer loop
      vertex -43.8659 -4.12306 3.3
      vertex -43.9824 -4.10577 2.7
      vertex -43.8659 -4.12306 2.7
    endloop
  endfacet
  facet normal -0.0489209 -0.998803 0
    outer loop
      vertex -44.1 -4.10001 2.7
      vertex -43.9824 -4.10577 3.3
      vertex -44.1 -4.10001 3.3
    endloop
  endfacet
  facet normal -0.0489209 -0.998803 -0
    outer loop
      vertex -43.9824 -4.10577 3.3
      vertex -44.1 -4.10001 2.7
      vertex -43.9824 -4.10577 2.7
    endloop
  endfacet
  facet normal 0 -1 0
    outer loop
      vertex -57.9 -4.10001 2.7
      vertex -44.1 -4.10001 3.3
      vertex -57.9 -4.10001 3.3
    endloop
  endfacet
  facet normal 0 -1 -0
    outer loop
      vertex -44.1 -4.10001 3.3
      vertex -57.9 -4.10001 2.7
      vertex -44.1 -4.10001 2.7
    endloop
  endfacet
  facet normal 0.0489209 -0.998803 0
    outer loop
      vertex -58.0176 -4.10577 2.7
      vertex -57.9 -4.10001 3.3
      vertex -58.0176 -4.10577 3.3
    endloop
  endfacet
  facet normal 0.0489209 -0.998803 0
    outer loop
      vertex -57.9 -4.10001 3.3
      vertex -58.0176 -4.10577 2.7
      vertex -57.9 -4.10001 2.7
    endloop
  endfacet
  facet normal 0.146804 -0.989166 0
    outer loop
      vertex -58.1341 -4.12306 2.7
      vertex -58.0176 -4.10577 3.3
      vertex -58.1341 -4.12306 3.3
    endloop
  endfacet
  facet normal 0.146804 -0.989166 0
    outer loop
      vertex -58.0176 -4.10577 3.3
      vertex -58.1341 -4.12306 2.7
      vertex -58.0176 -4.10577 2.7
    endloop
  endfacet
  facet normal 0.243015 -0.970022 0
    outer loop
      vertex -58.2483 -4.15167 2.7
      vertex -58.1341 -4.12306 3.3
      vertex -58.2483 -4.15167 3.3
    endloop
  endfacet
  facet normal 0.243015 -0.970022 0
    outer loop
      vertex -58.1341 -4.12306 3.3
      vertex -58.2483 -4.15167 2.7
      vertex -58.1341 -4.12306 2.7
    endloop
  endfacet
  facet normal 0.336885 -0.941546 0
    outer loop
      vertex -58.3592 -4.19135 2.7
      vertex -58.2483 -4.15167 3.3
      vertex -58.3592 -4.19135 3.3
    endloop
  endfacet
  facet normal 0.336885 -0.941546 0
    outer loop
      vertex -58.2483 -4.15167 3.3
      vertex -58.3592 -4.19135 2.7
      vertex -58.2483 -4.15167 2.7
    endloop
  endfacet
  facet normal 0.427411 -0.904057 0
    outer loop
      vertex -58.4657 -4.2417 2.7
      vertex -58.3592 -4.19135 3.3
      vertex -58.4657 -4.2417 3.3
    endloop
  endfacet
  facet normal 0.427411 -0.904057 0
    outer loop
      vertex -58.3592 -4.19135 3.3
      vertex -58.4657 -4.2417 2.7
      vertex -58.3592 -4.19135 2.7
    endloop
  endfacet
  facet normal 0.514184 -0.85768 0
    outer loop
      vertex -58.5667 -4.30225 2.7
      vertex -58.4657 -4.2417 3.3
      vertex -58.5667 -4.30225 3.3
    endloop
  endfacet
  facet normal 0.514184 -0.85768 0
    outer loop
      vertex -58.4657 -4.2417 3.3
      vertex -58.5667 -4.30225 2.7
      vertex -58.4657 -4.2417 2.7
    endloop
  endfacet
  facet normal 0.595589 -0.803289 0
    outer loop
      vertex -58.6613 -4.37239 2.7
      vertex -58.5667 -4.30225 3.3
      vertex -58.6613 -4.37239 3.3
    endloop
  endfacet
  facet normal 0.595589 -0.803289 0
    outer loop
      vertex -58.5667 -4.30225 3.3
      vertex -58.6613 -4.37239 2.7
      vertex -58.5667 -4.30225 2.7
    endloop
  endfacet
  facet normal 0.671823 -0.740712 0
    outer loop
      vertex -58.7485 -4.45148 2.7
      vertex -58.6613 -4.37239 3.3
      vertex -58.7485 -4.45148 3.3
    endloop
  endfacet
  facet normal 0.671823 -0.740712 0
    outer loop
      vertex -58.6613 -4.37239 3.3
      vertex -58.7485 -4.45148 2.7
      vertex -58.6613 -4.37239 2.7
    endloop
  endfacet
  facet normal 0.740862 -0.671658 0
    outer loop
      vertex -58.8276 -4.53873 3.3
      vertex -58.7485 -4.45148 2.7
      vertex -58.7485 -4.45148 3.3
    endloop
  endfacet
  facet normal 0.740862 -0.671658 0
    outer loop
      vertex -58.7485 -4.45148 2.7
      vertex -58.8276 -4.53873 3.3
      vertex -58.8276 -4.53873 2.7
    endloop
  endfacet
  facet normal 0.803422 -0.59541 0
    outer loop
      vertex -58.8977 -4.63332 3.3
      vertex -58.8276 -4.53873 2.7
      vertex -58.8276 -4.53873 3.3
    endloop
  endfacet
  facet normal 0.803422 -0.59541 0
    outer loop
      vertex -58.8276 -4.53873 2.7
      vertex -58.8977 -4.63332 3.3
      vertex -58.8977 -4.63332 2.7
    endloop
  endfacet
  facet normal 0.857515 -0.514458 0
    outer loop
      vertex -58.9583 -4.73433 3.3
      vertex -58.8977 -4.63332 2.7
      vertex -58.8977 -4.63332 3.3
    endloop
  endfacet
  facet normal 0.857515 -0.514458 0
    outer loop
      vertex -58.8977 -4.63332 2.7
      vertex -58.9583 -4.73433 3.3
      vertex -58.9583 -4.73433 2.7
    endloop
  endfacet
  facet normal 0.904159 -0.427195 0
    outer loop
      vertex -59.0086 -4.84079 3.3
      vertex -58.9583 -4.73433 2.7
      vertex -58.9583 -4.73433 3.3
    endloop
  endfacet
  facet normal 0.904159 -0.427195 0
    outer loop
      vertex -58.9583 -4.73433 2.7
      vertex -59.0086 -4.84079 3.3
      vertex -59.0086 -4.84079 2.7
    endloop
  endfacet
  facet normal 0.941463 -0.337116 0
    outer loop
      vertex -59.0483 -4.95166 3.3
      vertex -59.0086 -4.84079 2.7
      vertex -59.0086 -4.84079 3.3
    endloop
  endfacet
  facet normal 0.941463 -0.337116 0
    outer loop
      vertex -59.0086 -4.84079 2.7
      vertex -59.0483 -4.95166 3.3
      vertex -59.0483 -4.95166 2.7
    endloop
  endfacet
  facet normal 0.970058 -0.242875 0
    outer loop
      vertex -59.0769 -5.06589 3.3
      vertex -59.0483 -4.95166 2.7
      vertex -59.0483 -4.95166 3.3
    endloop
  endfacet
  facet normal 0.970058 -0.242875 0
    outer loop
      vertex -59.0483 -4.95166 2.7
      vertex -59.0769 -5.06589 3.3
      vertex -59.0769 -5.06589 2.7
    endloop
  endfacet
  facet normal 0.989153 -0.146887 0
    outer loop
      vertex -59.0942 -5.18239 3.3
      vertex -59.0769 -5.06589 2.7
      vertex -59.0769 -5.06589 3.3
    endloop
  endfacet
  facet normal 0.989153 -0.146887 0
    outer loop
      vertex -59.0769 -5.06589 2.7
      vertex -59.0942 -5.18239 3.3
      vertex -59.0942 -5.18239 2.7
    endloop
  endfacet
  facet normal 0.998786 -0.0492557 0
    outer loop
      vertex -59.1 -5.3 3.3
      vertex -59.0942 -5.18239 2.7
      vertex -59.0942 -5.18239 3.3
    endloop
  endfacet
  facet normal 0.998786 -0.0492557 0
    outer loop
      vertex -59.0942 -5.18239 2.7
      vertex -59.1 -5.3 3.3
      vertex -59.1 -5.3 2.7
    endloop
  endfacet
  facet normal 1 -0 0
    outer loop
      vertex -59.1 -15.1 3.3
      vertex -59.1 -5.3 2.7
      vertex -59.1 -5.3 3.3
    endloop
  endfacet
  facet normal 1 0 0
    outer loop
      vertex -59.1 -5.3 2.7
      vertex -59.1 -15.1 3.3
      vertex -59.1 -15.1 2.7
    endloop
  endfacet
  facet normal 0.998786 0.0492599 0
    outer loop
      vertex -59.0942 -15.2176 3.3
      vertex -59.1 -15.1 2.7
      vertex -59.1 -15.1 3.3
    endloop
  endfacet
  facet normal 0.998786 0.0492599 0
    outer loop
      vertex -59.1 -15.1 2.7
      vertex -59.0942 -15.2176 3.3
      vertex -59.0942 -15.2176 2.7
    endloop
  endfacet
  facet normal 0.989153 0.146887 0
    outer loop
      vertex -59.0769 -15.3341 3.3
      vertex -59.0942 -15.2176 2.7
      vertex -59.0942 -15.2176 3.3
    endloop
  endfacet
  facet normal 0.989153 0.146887 0
    outer loop
      vertex -59.0942 -15.2176 2.7
      vertex -59.0769 -15.3341 3.3
      vertex -59.0769 -15.3341 2.7
    endloop
  endfacet
  facet normal 0.970042 0.242935 0
    outer loop
      vertex -59.0483 -15.4483 3.3
      vertex -59.0769 -15.3341 2.7
      vertex -59.0769 -15.3341 3.3
    endloop
  endfacet
  facet normal 0.970042 0.242935 0
    outer loop
      vertex -59.0769 -15.3341 2.7
      vertex -59.0483 -15.4483 3.3
      vertex -59.0483 -15.4483 2.7
    endloop
  endfacet
  facet normal 0.941492 0.337035 0
    outer loop
      vertex -59.0086 -15.5592 3.3
      vertex -59.0483 -15.4483 2.7
      vertex -59.0483 -15.4483 3.3
    endloop
  endfacet
  facet normal 0.941492 0.337035 0
    outer loop
      vertex -59.0483 -15.4483 2.7
      vertex -59.0086 -15.5592 3.3
      vertex -59.0086 -15.5592 2.7
    endloop
  endfacet
  facet normal 0.904221 0.427064 0
    outer loop
      vertex -58.9583 -15.6657 3.3
      vertex -59.0086 -15.5592 2.7
      vertex -59.0086 -15.5592 3.3
    endloop
  endfacet
  facet normal 0.904221 0.427064 0
    outer loop
      vertex -59.0086 -15.5592 2.7
      vertex -58.9583 -15.6657 3.3
      vertex -58.9583 -15.6657 2.7
    endloop
  endfacet
  facet normal 0.857493 0.514496 0
    outer loop
      vertex -58.8977 -15.7667 3.3
      vertex -58.9583 -15.6657 2.7
      vertex -58.9583 -15.6657 3.3
    endloop
  endfacet
  facet normal 0.857493 0.514496 0
    outer loop
      vertex -58.9583 -15.6657 2.7
      vertex -58.8977 -15.7667 3.3
      vertex -58.8977 -15.7667 2.7
    endloop
  endfacet
  facet normal 0.803452 0.59537 0
    outer loop
      vertex -58.8276 -15.8613 3.3
      vertex -58.8977 -15.7667 2.7
      vertex -58.8977 -15.7667 3.3
    endloop
  endfacet
  facet normal 0.803452 0.59537 0
    outer loop
      vertex -58.8977 -15.7667 2.7
      vertex -58.8276 -15.8613 3.3
      vertex -58.8276 -15.8613 2.7
    endloop
  endfacet
  facet normal 0.74067 0.671869 0
    outer loop
      vertex -58.7485 -15.9485 3.3
      vertex -58.8276 -15.8613 2.7
      vertex -58.8276 -15.8613 3.3
    endloop
  endfacet
  facet normal 0.74067 0.671869 0
    outer loop
      vertex -58.8276 -15.8613 2.7
      vertex -58.7485 -15.9485 3.3
      vertex -58.7485 -15.9485 2.7
    endloop
  endfacet
  facet normal 0.671869 0.74067 -0
    outer loop
      vertex -58.6613 -16.0276 2.7
      vertex -58.7485 -15.9485 3.3
      vertex -58.6613 -16.0276 3.3
    endloop
  endfacet
  facet normal 0.671869 0.74067 0
    outer loop
      vertex -58.7485 -15.9485 3.3
      vertex -58.6613 -16.0276 2.7
      vertex -58.7485 -15.9485 2.7
    endloop
  endfacet
  facet normal 0.59537 0.803452 -0
    outer loop
      vertex -58.5667 -16.0977 2.7
      vertex -58.6613 -16.0276 3.3
      vertex -58.5667 -16.0977 3.3
    endloop
  endfacet
  facet normal 0.59537 0.803452 0
    outer loop
      vertex -58.6613 -16.0276 3.3
      vertex -58.5667 -16.0977 2.7
      vertex -58.6613 -16.0276 2.7
    endloop
  endfacet
  facet normal 0.514496 0.857493 -0
    outer loop
      vertex -58.4657 -16.1583 2.7
      vertex -58.5667 -16.0977 3.3
      vertex -58.4657 -16.1583 3.3
    endloop
  endfacet
  facet normal 0.514496 0.857493 0
    outer loop
      vertex -58.5667 -16.0977 3.3
      vertex -58.4657 -16.1583 2.7
      vertex -58.5667 -16.0977 2.7
    endloop
  endfacet
  facet normal 0.427064 0.904221 -0
    outer loop
      vertex -58.3592 -16.2086 2.7
      vertex -58.4657 -16.1583 3.3
      vertex -58.3592 -16.2086 3.3
    endloop
  endfacet
  facet normal 0.427064 0.904221 0
    outer loop
      vertex -58.4657 -16.1583 3.3
      vertex -58.3592 -16.2086 2.7
      vertex -58.4657 -16.1583 2.7
    endloop
  endfacet
  facet normal 0.337035 0.941492 -0
    outer loop
      vertex -58.2483 -16.2483 2.7
      vertex -58.3592 -16.2086 3.3
      vertex -58.2483 -16.2483 3.3
    endloop
  endfacet
  facet normal 0.337035 0.941492 0
    outer loop
      vertex -58.3592 -16.2086 3.3
      vertex -58.2483 -16.2483 2.7
      vertex -58.3592 -16.2086 2.7
    endloop
  endfacet
  facet normal 0.242935 0.970042 -0
    outer loop
      vertex -58.1341 -16.2769 2.7
      vertex -58.2483 -16.2483 3.3
      vertex -58.1341 -16.2769 3.3
    endloop
  endfacet
  facet normal 0.242935 0.970042 0
    outer loop
      vertex -58.2483 -16.2483 3.3
      vertex -58.1341 -16.2769 2.7
      vertex -58.2483 -16.2483 2.7
    endloop
  endfacet
  facet normal 0.146887 0.989153 -0
    outer loop
      vertex -58.0176 -16.2942 2.7
      vertex -58.1341 -16.2769 3.3
      vertex -58.0176 -16.2942 3.3
    endloop
  endfacet
  facet normal 0.146887 0.989153 0
    outer loop
      vertex -58.1341 -16.2769 3.3
      vertex -58.0176 -16.2942 2.7
      vertex -58.1341 -16.2769 2.7
    endloop
  endfacet
  facet normal 0.0492599 0.998786 -0
    outer loop
      vertex -57.9 -16.3 2.7
      vertex -58.0176 -16.2942 3.3
      vertex -57.9 -16.3 3.3
    endloop
  endfacet
  facet normal 0.0492599 0.998786 0
    outer loop
      vertex -58.0176 -16.2942 3.3
      vertex -57.9 -16.3 2.7
      vertex -58.0176 -16.2942 2.7
    endloop
  endfacet
  facet normal 0 1 -0
    outer loop
      vertex -44.1 -16.3 2.7
      vertex -57.9 -16.3 3.3
      vertex -44.1 -16.3 3.3
    endloop
  endfacet
  facet normal 0 1 0
    outer loop
      vertex -57.9 -16.3 3.3
      vertex -44.1 -16.3 2.7
      vertex -57.9 -16.3 2.7
    endloop
  endfacet
  facet normal -0.0492599 0.998786 0
    outer loop
      vertex -43.9824 -16.2942 2.7
      vertex -44.1 -16.3 3.3
      vertex -43.9824 -16.2942 3.3
    endloop
  endfacet
  facet normal -0.0492599 0.998786 0
    outer loop
      vertex -44.1 -16.3 3.3
      vertex -43.9824 -16.2942 2.7
      vertex -44.1 -16.3 2.7
    endloop
  endfacet
  facet normal -0.146887 0.989153 0
    outer loop
      vertex -26.0659 -16.2769 2.7
      vertex -26.1824 -16.2942 3.3
      vertex -26.0659 -16.2769 3.3
    endloop
  endfacet
  facet normal -0.146887 0.989153 0
    outer loop
      vertex -26.1824 -16.2942 3.3
      vertex -26.0659 -16.2769 2.7
      vertex -26.1824 -16.2942 2.7
    endloop
  endfacet
  facet normal -0.242935 0.970042 0
    outer loop
      vertex -25.9517 -16.2483 2.7
      vertex -26.0659 -16.2769 3.3
      vertex -25.9517 -16.2483 3.3
    endloop
  endfacet
  facet normal -0.242935 0.970042 0
    outer loop
      vertex -26.0659 -16.2769 3.3
      vertex -25.9517 -16.2483 2.7
      vertex -26.0659 -16.2769 2.7
    endloop
  endfacet
  facet normal -0.337035 0.941492 0
    outer loop
      vertex -25.8408 -16.2086 2.7
      vertex -25.9517 -16.2483 3.3
      vertex -25.8408 -16.2086 3.3
    endloop
  endfacet
  facet normal -0.337035 0.941492 0
    outer loop
      vertex -25.9517 -16.2483 3.3
      vertex -25.8408 -16.2086 2.7
      vertex -25.9517 -16.2483 2.7
    endloop
  endfacet
  facet normal -0.427064 0.904221 0
    outer loop
      vertex -25.7343 -16.1583 2.7
      vertex -25.8408 -16.2086 3.3
      vertex -25.7343 -16.1583 3.3
    endloop
  endfacet
  facet normal -0.427064 0.904221 0
    outer loop
      vertex -25.8408 -16.2086 3.3
      vertex -25.7343 -16.1583 2.7
      vertex -25.8408 -16.2086 2.7
    endloop
  endfacet
  facet normal -0.514496 0.857493 0
    outer loop
      vertex -25.6333 -16.0977 2.7
      vertex -25.7343 -16.1583 3.3
      vertex -25.6333 -16.0977 3.3
    endloop
  endfacet
  facet normal -0.514496 0.857493 0
    outer loop
      vertex -25.7343 -16.1583 3.3
      vertex -25.6333 -16.0977 2.7
      vertex -25.7343 -16.1583 2.7
    endloop
  endfacet
  facet normal -0.59537 0.803452 0
    outer loop
      vertex -25.5387 -16.0276 2.7
      vertex -25.6333 -16.0977 3.3
      vertex -25.5387 -16.0276 3.3
    endloop
  endfacet
  facet normal -0.59537 0.803452 0
    outer loop
      vertex -25.6333 -16.0977 3.3
      vertex -25.5387 -16.0276 2.7
      vertex -25.6333 -16.0977 2.7
    endloop
  endfacet
  facet normal -0.671869 0.74067 0
    outer loop
      vertex -25.4515 -15.9485 2.7
      vertex -25.5387 -16.0276 3.3
      vertex -25.4515 -15.9485 3.3
    endloop
  endfacet
  facet normal -0.671869 0.74067 0
    outer loop
      vertex -25.5387 -16.0276 3.3
      vertex -25.4515 -15.9485 2.7
      vertex -25.5387 -16.0276 2.7
    endloop
  endfacet
  facet normal -0.74067 0.671869 0
    outer loop
      vertex -25.4515 -15.9485 2.7
      vertex -25.3724 -15.8613 3.3
      vertex -25.3724 -15.8613 2.7
    endloop
  endfacet
  facet normal -0.74067 0.671869 0
    outer loop
      vertex -25.3724 -15.8613 3.3
      vertex -25.4515 -15.9485 2.7
      vertex -25.4515 -15.9485 3.3
    endloop
  endfacet
  facet normal -0.803452 0.59537 0
    outer loop
      vertex -25.3724 -15.8613 2.7
      vertex -25.3023 -15.7667 3.3
      vertex -25.3023 -15.7667 2.7
    endloop
  endfacet
  facet normal -0.803452 0.59537 0
    outer loop
      vertex -25.3023 -15.7667 3.3
      vertex -25.3724 -15.8613 2.7
      vertex -25.3724 -15.8613 3.3
    endloop
  endfacet
  facet normal -0.857493 0.514496 0
    outer loop
      vertex -25.3023 -15.7667 2.7
      vertex -25.2417 -15.6657 3.3
      vertex -25.2417 -15.6657 2.7
    endloop
  endfacet
  facet normal -0.857493 0.514496 0
    outer loop
      vertex -25.2417 -15.6657 3.3
      vertex -25.3023 -15.7667 2.7
      vertex -25.3023 -15.7667 3.3
    endloop
  endfacet
  facet normal -0.904221 0.427064 0
    outer loop
      vertex -25.2417 -15.6657 2.7
      vertex -25.1914 -15.5592 3.3
      vertex -25.1914 -15.5592 2.7
    endloop
  endfacet
  facet normal -0.904221 0.427064 0
    outer loop
      vertex -25.1914 -15.5592 3.3
      vertex -25.2417 -15.6657 2.7
      vertex -25.2417 -15.6657 3.3
    endloop
  endfacet
  facet normal -0.941492 0.337035 0
    outer loop
      vertex -25.1914 -15.5592 2.7
      vertex -25.1517 -15.4483 3.3
      vertex -25.1517 -15.4483 2.7
    endloop
  endfacet
  facet normal -0.941492 0.337035 0
    outer loop
      vertex -25.1517 -15.4483 3.3
      vertex -25.1914 -15.5592 2.7
      vertex -25.1914 -15.5592 3.3
    endloop
  endfacet
  facet normal -0.970042 0.242935 0
    outer loop
      vertex -25.1517 -15.4483 2.7
      vertex -25.1231 -15.3341 3.3
      vertex -25.1231 -15.3341 2.7
    endloop
  endfacet
  facet normal -0.970042 0.242935 0
    outer loop
      vertex -25.1231 -15.3341 3.3
      vertex -25.1517 -15.4483 2.7
      vertex -25.1517 -15.4483 3.3
    endloop
  endfacet
  facet normal -0.989153 0.146887 0
    outer loop
      vertex -25.1231 -15.3341 2.7
      vertex -25.1058 -15.2176 3.3
      vertex -25.1058 -15.2176 2.7
    endloop
  endfacet
  facet normal -0.989153 0.146887 0
    outer loop
      vertex -25.1058 -15.2176 3.3
      vertex -25.1231 -15.3341 2.7
      vertex -25.1231 -15.3341 3.3
    endloop
  endfacet
  facet normal -0.998786 0.0492599 0
    outer loop
      vertex -25.1058 -15.2176 2.7
      vertex -25.1 -15.1 3.3
      vertex -25.1 -15.1 2.7
    endloop
  endfacet
  facet normal -0.998786 0.0492599 0
    outer loop
      vertex -25.1 -15.1 3.3
      vertex -25.1058 -15.2176 2.7
      vertex -25.1058 -15.2176 3.3
    endloop
  endfacet
  facet normal -1 0 0
    outer loop
      vertex -25.1 -15.1 2.7
      vertex -25.1 -5.3 3.3
      vertex -25.1 -5.3 2.7
    endloop
  endfacet
  facet normal -1 -0 0
    outer loop
      vertex -25.1 -5.3 3.3
      vertex -25.1 -15.1 2.7
      vertex -25.1 -15.1 3.3
    endloop
  endfacet
  facet normal -0.998786 -0.0492557 0
    outer loop
      vertex -25.1 -5.3 2.7
      vertex -25.1058 -5.18239 3.3
      vertex -25.1058 -5.18239 2.7
    endloop
  endfacet
  facet normal -0.998786 -0.0492557 0
    outer loop
      vertex -25.1058 -5.18239 3.3
      vertex -25.1 -5.3 2.7
      vertex -25.1 -5.3 3.3
    endloop
  endfacet
  facet normal -0.989153 -0.146887 0
    outer loop
      vertex -25.1058 -5.18239 2.7
      vertex -25.1231 -5.06589 3.3
      vertex -25.1231 -5.06589 2.7
    endloop
  endfacet
  facet normal -0.989153 -0.146887 0
    outer loop
      vertex -25.1231 -5.06589 3.3
      vertex -25.1058 -5.18239 2.7
      vertex -25.1058 -5.18239 3.3
    endloop
  endfacet
  facet normal -0.970058 -0.242875 0
    outer loop
      vertex -25.1231 -5.06589 2.7
      vertex -25.1517 -4.95166 3.3
      vertex -25.1517 -4.95166 2.7
    endloop
  endfacet
  facet normal -0.970058 -0.242875 0
    outer loop
      vertex -25.1517 -4.95166 3.3
      vertex -25.1231 -5.06589 2.7
      vertex -25.1231 -5.06589 3.3
    endloop
  endfacet
  facet normal -0.941463 -0.337116 0
    outer loop
      vertex -25.1517 -4.95166 2.7
      vertex -25.1914 -4.84079 3.3
      vertex -25.1914 -4.84079 2.7
    endloop
  endfacet
  facet normal -0.941463 -0.337116 0
    outer loop
      vertex -25.1914 -4.84079 3.3
      vertex -25.1517 -4.95166 2.7
      vertex -25.1517 -4.95166 3.3
    endloop
  endfacet
  facet normal -0.904159 -0.427195 0
    outer loop
      vertex -25.1914 -4.84079 2.7
      vertex -25.2417 -4.73433 3.3
      vertex -25.2417 -4.73433 2.7
    endloop
  endfacet
  facet normal -0.904159 -0.427195 0
    outer loop
      vertex -25.2417 -4.73433 3.3
      vertex -25.1914 -4.84079 2.7
      vertex -25.1914 -4.84079 3.3
    endloop
  endfacet
  facet normal -0.857515 -0.514458 0
    outer loop
      vertex -25.2417 -4.73433 2.7
      vertex -25.3023 -4.63332 3.3
      vertex -25.3023 -4.63332 2.7
    endloop
  endfacet
  facet normal -0.857515 -0.514458 0
    outer loop
      vertex -25.3023 -4.63332 3.3
      vertex -25.2417 -4.73433 2.7
      vertex -25.2417 -4.73433 3.3
    endloop
  endfacet
  facet normal -0.803422 -0.59541 0
    outer loop
      vertex -25.3023 -4.63332 2.7
      vertex -25.3724 -4.53873 3.3
      vertex -25.3724 -4.53873 2.7
    endloop
  endfacet
  facet normal -0.803422 -0.59541 0
    outer loop
      vertex -25.3724 -4.53873 3.3
      vertex -25.3023 -4.63332 2.7
      vertex -25.3023 -4.63332 3.3
    endloop
  endfacet
  facet normal -0.740862 -0.671658 0
    outer loop
      vertex -25.3724 -4.53873 2.7
      vertex -25.4515 -4.45148 3.3
      vertex -25.4515 -4.45148 2.7
    endloop
  endfacet
  facet normal -0.740862 -0.671658 0
    outer loop
      vertex -25.4515 -4.45148 3.3
      vertex -25.3724 -4.53873 2.7
      vertex -25.3724 -4.53873 3.3
    endloop
  endfacet
  facet normal -0.671823 -0.740712 0
    outer loop
      vertex -25.5387 -4.37239 2.7
      vertex -25.4515 -4.45148 3.3
      vertex -25.5387 -4.37239 3.3
    endloop
  endfacet
  facet normal -0.671823 -0.740712 -0
    outer loop
      vertex -25.4515 -4.45148 3.3
      vertex -25.5387 -4.37239 2.7
      vertex -25.4515 -4.45148 2.7
    endloop
  endfacet
  facet normal -0.595589 -0.803289 0
    outer loop
      vertex -25.6333 -4.30225 2.7
      vertex -25.5387 -4.37239 3.3
      vertex -25.6333 -4.30225 3.3
    endloop
  endfacet
  facet normal -0.595589 -0.803289 -0
    outer loop
      vertex -25.5387 -4.37239 3.3
      vertex -25.6333 -4.30225 2.7
      vertex -25.5387 -4.37239 2.7
    endloop
  endfacet
  facet normal -0.514184 -0.85768 0
    outer loop
      vertex -25.7343 -4.2417 2.7
      vertex -25.6333 -4.30225 3.3
      vertex -25.7343 -4.2417 3.3
    endloop
  endfacet
  facet normal -0.514184 -0.85768 -0
    outer loop
      vertex -25.6333 -4.30225 3.3
      vertex -25.7343 -4.2417 2.7
      vertex -25.6333 -4.30225 2.7
    endloop
  endfacet
  facet normal -0.427411 -0.904057 0
    outer loop
      vertex -25.8408 -4.19135 2.7
      vertex -25.7343 -4.2417 3.3
      vertex -25.8408 -4.19135 3.3
    endloop
  endfacet
  facet normal -0.427411 -0.904057 -0
    outer loop
      vertex -25.7343 -4.2417 3.3
      vertex -25.8408 -4.19135 2.7
      vertex -25.7343 -4.2417 2.7
    endloop
  endfacet
  facet normal -0.336885 -0.941546 0
    outer loop
      vertex -25.9517 -4.15167 2.7
      vertex -25.8408 -4.19135 3.3
      vertex -25.9517 -4.15167 3.3
    endloop
  endfacet
  facet normal -0.336885 -0.941546 -0
    outer loop
      vertex -25.8408 -4.19135 3.3
      vertex -25.9517 -4.15167 2.7
      vertex -25.8408 -4.19135 2.7
    endloop
  endfacet
  facet normal -0.243015 -0.970022 0
    outer loop
      vertex -26.0659 -4.12306 2.7
      vertex -25.9517 -4.15167 3.3
      vertex -26.0659 -4.12306 3.3
    endloop
  endfacet
  facet normal -0.243015 -0.970022 -0
    outer loop
      vertex -25.9517 -4.15167 3.3
      vertex -26.0659 -4.12306 2.7
      vertex -25.9517 -4.15167 2.7
    endloop
  endfacet
  facet normal -0.146804 -0.989166 0
    outer loop
      vertex -26.1824 -4.10577 2.7
      vertex -26.0659 -4.12306 3.3
      vertex -26.1824 -4.10577 3.3
    endloop
  endfacet
  facet normal -0.146804 -0.989166 -0
    outer loop
      vertex -26.0659 -4.12306 3.3
      vertex -26.1824 -4.10577 2.7
      vertex -26.0659 -4.12306 2.7
    endloop
  endfacet
  facet normal -0.0489209 -0.998803 0
    outer loop
      vertex -26.3 -4.10001 2.7
      vertex -26.1824 -4.10577 3.3
      vertex -26.3 -4.10001 3.3
    endloop
  endfacet
  facet normal -0.0489209 -0.998803 -0
    outer loop
      vertex -26.1824 -4.10577 3.3
      vertex -26.3 -4.10001 2.7
      vertex -26.1824 -4.10577 2.7
    endloop
  endfacet
  facet normal 0 -1 0
    outer loop
      vertex -40.1 -4.10001 2.7
      vertex -26.3 -4.10001 3.3
      vertex -40.1 -4.10001 3.3
    endloop
  endfacet
  facet normal 0 -1 -0
    outer loop
      vertex -26.3 -4.10001 3.3
      vertex -40.1 -4.10001 2.7
      vertex -26.3 -4.10001 2.7
    endloop
  endfacet
  facet normal 0.0489209 -0.998803 0
    outer loop
      vertex -40.2176 -4.10577 2.7
      vertex -40.1 -4.10001 3.3
      vertex -40.2176 -4.10577 3.3
    endloop
  endfacet
  facet normal 0.0489209 -0.998803 0
    outer loop
      vertex -40.1 -4.10001 3.3
      vertex -40.2176 -4.10577 2.7
      vertex -40.1 -4.10001 2.7
    endloop
  endfacet
  facet normal 0.146804 -0.989166 0
    outer loop
      vertex -40.3341 -4.12306 2.7
      vertex -40.2176 -4.10577 3.3
      vertex -40.3341 -4.12306 3.3
    endloop
  endfacet
  facet normal 0.146804 -0.989166 0
    outer loop
      vertex -40.2176 -4.10577 3.3
      vertex -40.3341 -4.12306 2.7
      vertex -40.2176 -4.10577 2.7
    endloop
  endfacet
  facet normal 0.243015 -0.970022 0
    outer loop
      vertex -40.4483 -4.15167 2.7
      vertex -40.3341 -4.12306 3.3
      vertex -40.4483 -4.15167 3.3
    endloop
  endfacet
  facet normal 0.243015 -0.970022 0
    outer loop
      vertex -40.3341 -4.12306 3.3
      vertex -40.4483 -4.15167 2.7
      vertex -40.3341 -4.12306 2.7
    endloop
  endfacet
  facet normal 0.336885 -0.941546 0
    outer loop
      vertex -40.5592 -4.19135 2.7
      vertex -40.4483 -4.15167 3.3
      vertex -40.5592 -4.19135 3.3
    endloop
  endfacet
  facet normal 0.336885 -0.941546 0
    outer loop
      vertex -40.4483 -4.15167 3.3
      vertex -40.5592 -4.19135 2.7
      vertex -40.4483 -4.15167 2.7
    endloop
  endfacet
  facet normal 0.427411 -0.904057 0
    outer loop
      vertex -40.6657 -4.2417 2.7
      vertex -40.5592 -4.19135 3.3
      vertex -40.6657 -4.2417 3.3
    endloop
  endfacet
  facet normal 0.427411 -0.904057 0
    outer loop
      vertex -40.5592 -4.19135 3.3
      vertex -40.6657 -4.2417 2.7
      vertex -40.5592 -4.19135 2.7
    endloop
  endfacet
  facet normal 0.514184 -0.85768 0
    outer loop
      vertex -40.7667 -4.30225 2.7
      vertex -40.6657 -4.2417 3.3
      vertex -40.7667 -4.30225 3.3
    endloop
  endfacet
  facet normal 0.514184 -0.85768 0
    outer loop
      vertex -40.6657 -4.2417 3.3
      vertex -40.7667 -4.30225 2.7
      vertex -40.6657 -4.2417 2.7
    endloop
  endfacet
  facet normal 0.595589 -0.803289 0
    outer loop
      vertex -40.8613 -4.37239 2.7
      vertex -40.7667 -4.30225 3.3
      vertex -40.8613 -4.37239 3.3
    endloop
  endfacet
  facet normal 0.595589 -0.803289 0
    outer loop
      vertex -40.7667 -4.30225 3.3
      vertex -40.8613 -4.37239 2.7
      vertex -40.7667 -4.30225 2.7
    endloop
  endfacet
  facet normal 0.671823 -0.740712 0
    outer loop
      vertex -40.9485 -4.45148 2.7
      vertex -40.8613 -4.37239 3.3
      vertex -40.9485 -4.45148 3.3
    endloop
  endfacet
  facet normal 0.671823 -0.740712 0
    outer loop
      vertex -40.8613 -4.37239 3.3
      vertex -40.9485 -4.45148 2.7
      vertex -40.8613 -4.37239 2.7
    endloop
  endfacet
  facet normal 0.740862 -0.671658 0
    outer loop
      vertex -41.0276 -4.53873 3.3
      vertex -40.9485 -4.45148 2.7
      vertex -40.9485 -4.45148 3.3
    endloop
  endfacet
  facet normal 0.740862 -0.671658 0
    outer loop
      vertex -40.9485 -4.45148 2.7
      vertex -41.0276 -4.53873 3.3
      vertex -41.0276 -4.53873 2.7
    endloop
  endfacet
  facet normal 0.803015 -0.595958 0
    outer loop
      vertex -41.0978 -4.63332 3.3
      vertex -41.0276 -4.53873 2.7
      vertex -41.0276 -4.53873 3.3
    endloop
  endfacet
  facet normal 0.803015 -0.595958 0
    outer loop
      vertex -41.0276 -4.53873 2.7
      vertex -41.0978 -4.63332 3.3
      vertex -41.0978 -4.63332 2.7
    endloop
  endfacet
  facet normal 0.85789 -0.513834 0
    outer loop
      vertex -41.1583 -4.73433 3.3
      vertex -41.0978 -4.63332 2.7
      vertex -41.0978 -4.63332 3.3
    endloop
  endfacet
  facet normal 0.85789 -0.513834 0
    outer loop
      vertex -41.0978 -4.63332 2.7
      vertex -41.1583 -4.73433 3.3
      vertex -41.1583 -4.73433 2.7
    endloop
  endfacet
  facet normal 0.903831 -0.427889 0
    outer loop
      vertex -41.2087 -4.84079 3.3
      vertex -41.1583 -4.73433 2.7
      vertex -41.1583 -4.73433 3.3
    endloop
  endfacet
  facet normal 0.903831 -0.427889 0
    outer loop
      vertex -41.1583 -4.73433 2.7
      vertex -41.2087 -4.84079 3.3
      vertex -41.2087 -4.84079 2.7
    endloop
  endfacet
  facet normal 0.941732 -0.336363 0
    outer loop
      vertex -41.2483 -4.95166 3.3
      vertex -41.2087 -4.84079 2.7
      vertex -41.2087 -4.84079 3.3
    endloop
  endfacet
  facet normal 0.941732 -0.336363 0
    outer loop
      vertex -41.2087 -4.84079 2.7
      vertex -41.2483 -4.95166 3.3
      vertex -41.2483 -4.95166 2.7
    endloop
  endfacet
  facet normal 0.970058 -0.242875 0
    outer loop
      vertex -41.2769 -5.06589 3.3
      vertex -41.2483 -4.95166 2.7
      vertex -41.2483 -4.95166 3.3
    endloop
  endfacet
  facet normal 0.970058 -0.242875 0
    outer loop
      vertex -41.2483 -4.95166 2.7
      vertex -41.2769 -5.06589 3.3
      vertex -41.2769 -5.06589 2.7
    endloop
  endfacet
  facet normal 0.989153 -0.146887 0
    outer loop
      vertex -41.2942 -5.18239 3.3
      vertex -41.2769 -5.06589 2.7
      vertex -41.2769 -5.06589 3.3
    endloop
  endfacet
  facet normal 0.989153 -0.146887 0
    outer loop
      vertex -41.2769 -5.06589 2.7
      vertex -41.2942 -5.18239 3.3
      vertex -41.2942 -5.18239 2.7
    endloop
  endfacet
  facet normal 0.998786 -0.0492557 0
    outer loop
      vertex -41.3 -5.3 3.3
      vertex -41.2942 -5.18239 2.7
      vertex -41.2942 -5.18239 3.3
    endloop
  endfacet
  facet normal 0.998786 -0.0492557 0
    outer loop
      vertex -41.2942 -5.18239 2.7
      vertex -41.3 -5.3 3.3
      vertex -41.3 -5.3 2.7
    endloop
  endfacet
  facet normal 1 -0 0
    outer loop
      vertex -41.3 -15.1 3.3
      vertex -41.3 -5.3 2.7
      vertex -41.3 -5.3 3.3
    endloop
  endfacet
  facet normal 1 0 0
    outer loop
      vertex -41.3 -5.3 2.7
      vertex -41.3 -15.1 3.3
      vertex -41.3 -15.1 2.7
    endloop
  endfacet
  facet normal 0.998786 0.0492599 0
    outer loop
      vertex -41.2942 -15.2176 3.3
      vertex -41.3 -15.1 2.7
      vertex -41.3 -15.1 3.3
    endloop
  endfacet
  facet normal 0.998786 0.0492599 0
    outer loop
      vertex -41.3 -15.1 2.7
      vertex -41.2942 -15.2176 3.3
      vertex -41.2942 -15.2176 2.7
    endloop
  endfacet
  facet normal 0.989153 0.146887 0
    outer loop
      vertex -41.2769 -15.3341 3.3
      vertex -41.2942 -15.2176 2.7
      vertex -41.2942 -15.2176 3.3
    endloop
  endfacet
  facet normal 0.989153 0.146887 0
    outer loop
      vertex -41.2942 -15.2176 2.7
      vertex -41.2769 -15.3341 3.3
      vertex -41.2769 -15.3341 2.7
    endloop
  endfacet
  facet normal 0.970042 0.242935 0
    outer loop
      vertex -41.2483 -15.4483 3.3
      vertex -41.2769 -15.3341 2.7
      vertex -41.2769 -15.3341 3.3
    endloop
  endfacet
  facet normal 0.970042 0.242935 0
    outer loop
      vertex -41.2769 -15.3341 2.7
      vertex -41.2483 -15.4483 3.3
      vertex -41.2483 -15.4483 2.7
    endloop
  endfacet
  facet normal 0.941761 0.336283 0
    outer loop
      vertex -41.2087 -15.5592 3.3
      vertex -41.2483 -15.4483 2.7
      vertex -41.2483 -15.4483 3.3
    endloop
  endfacet
  facet normal 0.941761 0.336283 0
    outer loop
      vertex -41.2483 -15.4483 2.7
      vertex -41.2087 -15.5592 3.3
      vertex -41.2087 -15.5592 2.7
    endloop
  endfacet
  facet normal 0.903893 0.427758 0
    outer loop
      vertex -41.1583 -15.6657 3.3
      vertex -41.2087 -15.5592 2.7
      vertex -41.2087 -15.5592 3.3
    endloop
  endfacet
  facet normal 0.903893 0.427758 0
    outer loop
      vertex -41.2087 -15.5592 2.7
      vertex -41.1583 -15.6657 3.3
      vertex -41.1583 -15.6657 2.7
    endloop
  endfacet
  facet normal 0.857867 0.513871 0
    outer loop
      vertex -41.0978 -15.7667 3.3
      vertex -41.1583 -15.6657 2.7
      vertex -41.1583 -15.6657 3.3
    endloop
  endfacet
  facet normal 0.857867 0.513871 0
    outer loop
      vertex -41.1583 -15.6657 2.7
      vertex -41.0978 -15.7667 3.3
      vertex -41.0978 -15.7667 2.7
    endloop
  endfacet
  facet normal 0.803046 0.595918 0
    outer loop
      vertex -41.0276 -15.8613 3.3
      vertex -41.0978 -15.7667 2.7
      vertex -41.0978 -15.7667 3.3
    endloop
  endfacet
  facet normal 0.803046 0.595918 0
    outer loop
      vertex -41.0978 -15.7667 2.7
      vertex -41.0276 -15.8613 3.3
      vertex -41.0276 -15.8613 2.7
    endloop
  endfacet
  facet normal 0.74067 0.671869 0
    outer loop
      vertex -40.9485 -15.9485 3.3
      vertex -41.0276 -15.8613 2.7
      vertex -41.0276 -15.8613 3.3
    endloop
  endfacet
  facet normal 0.74067 0.671869 0
    outer loop
      vertex -41.0276 -15.8613 2.7
      vertex -40.9485 -15.9485 3.3
      vertex -40.9485 -15.9485 2.7
    endloop
  endfacet
  facet normal 0.671869 0.74067 -0
    outer loop
      vertex -40.8613 -16.0276 2.7
      vertex -40.9485 -15.9485 3.3
      vertex -40.8613 -16.0276 3.3
    endloop
  endfacet
  facet normal 0.671869 0.74067 0
    outer loop
      vertex -40.9485 -15.9485 3.3
      vertex -40.8613 -16.0276 2.7
      vertex -40.9485 -15.9485 2.7
    endloop
  endfacet
  facet normal 0.59537 0.803452 -0
    outer loop
      vertex -40.7667 -16.0977 2.7
      vertex -40.8613 -16.0276 3.3
      vertex -40.7667 -16.0977 3.3
    endloop
  endfacet
  facet normal 0.59537 0.803452 0
    outer loop
      vertex -40.8613 -16.0276 3.3
      vertex -40.7667 -16.0977 2.7
      vertex -40.8613 -16.0276 2.7
    endloop
  endfacet
  facet normal 0.514496 0.857493 -0
    outer loop
      vertex -40.6657 -16.1583 2.7
      vertex -40.7667 -16.0977 3.3
      vertex -40.6657 -16.1583 3.3
    endloop
  endfacet
  facet normal 0.514496 0.857493 0
    outer loop
      vertex -40.7667 -16.0977 3.3
      vertex -40.6657 -16.1583 2.7
      vertex -40.7667 -16.0977 2.7
    endloop
  endfacet
  facet normal 0.427064 0.904221 -0
    outer loop
      vertex -40.5592 -16.2086 2.7
      vertex -40.6657 -16.1583 3.3
      vertex -40.5592 -16.2086 3.3
    endloop
  endfacet
  facet normal 0.427064 0.904221 0
    outer loop
      vertex -40.6657 -16.1583 3.3
      vertex -40.5592 -16.2086 2.7
      vertex -40.6657 -16.1583 2.7
    endloop
  endfacet
  facet normal 0.337035 0.941492 -0
    outer loop
      vertex -40.4483 -16.2483 2.7
      vertex -40.5592 -16.2086 3.3
      vertex -40.4483 -16.2483 3.3
    endloop
  endfacet
  facet normal 0.337035 0.941492 0
    outer loop
      vertex -40.5592 -16.2086 3.3
      vertex -40.4483 -16.2483 2.7
      vertex -40.5592 -16.2086 2.7
    endloop
  endfacet
  facet normal 0.242935 0.970042 -0
    outer loop
      vertex -40.3341 -16.2769 2.7
      vertex -40.4483 -16.2483 3.3
      vertex -40.3341 -16.2769 3.3
    endloop
  endfacet
  facet normal 0.242935 0.970042 0
    outer loop
      vertex -40.4483 -16.2483 3.3
      vertex -40.3341 -16.2769 2.7
      vertex -40.4483 -16.2483 2.7
    endloop
  endfacet
  facet normal 0.146887 0.989153 -0
    outer loop
      vertex -40.2176 -16.2942 2.7
      vertex -40.3341 -16.2769 3.3
      vertex -40.2176 -16.2942 3.3
    endloop
  endfacet
  facet normal 0.146887 0.989153 0
    outer loop
      vertex -40.3341 -16.2769 3.3
      vertex -40.2176 -16.2942 2.7
      vertex -40.3341 -16.2769 2.7
    endloop
  endfacet
  facet normal 0.0492599 0.998786 -0
    outer loop
      vertex -40.1 -16.3 2.7
      vertex -40.2176 -16.2942 3.3
      vertex -40.1 -16.3 3.3
    endloop
  endfacet
  facet normal 0.0492599 0.998786 0
    outer loop
      vertex -40.2176 -16.2942 3.3
      vertex -40.1 -16.3 2.7
      vertex -40.2176 -16.2942 2.7
    endloop
  endfacet
  facet normal 0 1 -0
    outer loop
      vertex -26.3 -16.3 2.7
      vertex -40.1 -16.3 3.3
      vertex -26.3 -16.3 3.3
    endloop
  endfacet
  facet normal 0 1 0
    outer loop
      vertex -40.1 -16.3 3.3
      vertex -26.3 -16.3 2.7
      vertex -40.1 -16.3 2.7
    endloop
  endfacet
  facet normal -0.0492599 0.998786 0
    outer loop
      vertex -26.1824 -16.2942 2.7
      vertex -26.3 -16.3 3.3
      vertex -26.1824 -16.2942 3.3
    endloop
  endfacet
  facet normal -0.0492599 0.998786 0
    outer loop
      vertex -26.3 -16.3 3.3
      vertex -26.1824 -16.2942 2.7
      vertex -26.3 -16.3 2.7
    endloop
  endfacet
  facet normal -0.146887 0.989153 0
    outer loop
      vertex -61.6659 -30.0769 2.7
      vertex -61.7824 -30.0942 3.3
      vertex -61.6659 -30.0769 3.3
    endloop
  endfacet
  facet normal -0.146887 0.989153 0
    outer loop
      vertex -61.7824 -30.0942 3.3
      vertex -61.6659 -30.0769 2.7
      vertex -61.7824 -30.0942 2.7
    endloop
  endfacet
  facet normal -0.242935 0.970042 0
    outer loop
      vertex -61.5517 -30.0483 2.7
      vertex -61.6659 -30.0769 3.3
      vertex -61.5517 -30.0483 3.3
    endloop
  endfacet
  facet normal -0.242935 0.970042 0
    outer loop
      vertex -61.6659 -30.0769 3.3
      vertex -61.5517 -30.0483 2.7
      vertex -61.6659 -30.0769 2.7
    endloop
  endfacet
  facet normal -0.337035 0.941492 0
    outer loop
      vertex -61.4408 -30.0086 2.7
      vertex -61.5517 -30.0483 3.3
      vertex -61.4408 -30.0086 3.3
    endloop
  endfacet
  facet normal -0.337035 0.941492 0
    outer loop
      vertex -61.5517 -30.0483 3.3
      vertex -61.4408 -30.0086 2.7
      vertex -61.5517 -30.0483 2.7
    endloop
  endfacet
  facet normal -0.427064 0.904221 0
    outer loop
      vertex -61.3343 -29.9583 2.7
      vertex -61.4408 -30.0086 3.3
      vertex -61.3343 -29.9583 3.3
    endloop
  endfacet
  facet normal -0.427064 0.904221 0
    outer loop
      vertex -61.4408 -30.0086 3.3
      vertex -61.3343 -29.9583 2.7
      vertex -61.4408 -30.0086 2.7
    endloop
  endfacet
  facet normal -0.514496 0.857493 0
    outer loop
      vertex -61.2333 -29.8977 2.7
      vertex -61.3343 -29.9583 3.3
      vertex -61.2333 -29.8977 3.3
    endloop
  endfacet
  facet normal -0.514496 0.857493 0
    outer loop
      vertex -61.3343 -29.9583 3.3
      vertex -61.2333 -29.8977 2.7
      vertex -61.3343 -29.9583 2.7
    endloop
  endfacet
  facet normal -0.59537 0.803452 0
    outer loop
      vertex -61.1387 -29.8276 2.7
      vertex -61.2333 -29.8977 3.3
      vertex -61.1387 -29.8276 3.3
    endloop
  endfacet
  facet normal -0.59537 0.803452 0
    outer loop
      vertex -61.2333 -29.8977 3.3
      vertex -61.1387 -29.8276 2.7
      vertex -61.2333 -29.8977 2.7
    endloop
  endfacet
  facet normal -0.671869 0.74067 0
    outer loop
      vertex -61.0515 -29.7485 2.7
      vertex -61.1387 -29.8276 3.3
      vertex -61.0515 -29.7485 3.3
    endloop
  endfacet
  facet normal -0.671869 0.74067 0
    outer loop
      vertex -61.1387 -29.8276 3.3
      vertex -61.0515 -29.7485 2.7
      vertex -61.1387 -29.8276 2.7
    endloop
  endfacet
  facet normal -0.74067 0.671869 0
    outer loop
      vertex -61.0515 -29.7485 2.7
      vertex -60.9724 -29.6613 3.3
      vertex -60.9724 -29.6613 2.7
    endloop
  endfacet
  facet normal -0.74067 0.671869 0
    outer loop
      vertex -60.9724 -29.6613 3.3
      vertex -61.0515 -29.7485 2.7
      vertex -61.0515 -29.7485 3.3
    endloop
  endfacet
  facet normal -0.803046 0.595918 0
    outer loop
      vertex -60.9724 -29.6613 2.7
      vertex -60.9022 -29.5667 3.3
      vertex -60.9022 -29.5667 2.7
    endloop
  endfacet
  facet normal -0.803046 0.595918 0
    outer loop
      vertex -60.9022 -29.5667 3.3
      vertex -60.9724 -29.6613 2.7
      vertex -60.9724 -29.6613 3.3
    endloop
  endfacet
  facet normal -0.857867 0.513871 0
    outer loop
      vertex -60.9022 -29.5667 2.7
      vertex -60.8417 -29.4657 3.3
      vertex -60.8417 -29.4657 2.7
    endloop
  endfacet
  facet normal -0.857867 0.513871 0
    outer loop
      vertex -60.8417 -29.4657 3.3
      vertex -60.9022 -29.5667 2.7
      vertex -60.9022 -29.5667 3.3
    endloop
  endfacet
  facet normal -0.903893 0.427758 0
    outer loop
      vertex -60.8417 -29.4657 2.7
      vertex -60.7913 -29.3592 3.3
      vertex -60.7913 -29.3592 2.7
    endloop
  endfacet
  facet normal -0.903893 0.427758 0
    outer loop
      vertex -60.7913 -29.3592 3.3
      vertex -60.8417 -29.4657 2.7
      vertex -60.8417 -29.4657 3.3
    endloop
  endfacet
  facet normal -0.941761 0.336283 0
    outer loop
      vertex -60.7913 -29.3592 2.7
      vertex -60.7517 -29.2483 3.3
      vertex -60.7517 -29.2483 2.7
    endloop
  endfacet
  facet normal -0.941761 0.336283 0
    outer loop
      vertex -60.7517 -29.2483 3.3
      vertex -60.7913 -29.3592 2.7
      vertex -60.7913 -29.3592 3.3
    endloop
  endfacet
  facet normal -0.970042 0.242935 0
    outer loop
      vertex -60.7517 -29.2483 2.7
      vertex -60.7231 -29.1341 3.3
      vertex -60.7231 -29.1341 2.7
    endloop
  endfacet
  facet normal -0.970042 0.242935 0
    outer loop
      vertex -60.7231 -29.1341 3.3
      vertex -60.7517 -29.2483 2.7
      vertex -60.7517 -29.2483 3.3
    endloop
  endfacet
  facet normal -0.989153 0.146887 0
    outer loop
      vertex -60.7231 -29.1341 2.7
      vertex -60.7058 -29.0176 3.3
      vertex -60.7058 -29.0176 2.7
    endloop
  endfacet
  facet normal -0.989153 0.146887 0
    outer loop
      vertex -60.7058 -29.0176 3.3
      vertex -60.7231 -29.1341 2.7
      vertex -60.7231 -29.1341 3.3
    endloop
  endfacet
  facet normal -0.998786 0.0492599 0
    outer loop
      vertex -60.7058 -29.0176 2.7
      vertex -60.7 -28.9 3.3
      vertex -60.7 -28.9 2.7
    endloop
  endfacet
  facet normal -0.998786 0.0492599 0
    outer loop
      vertex -60.7 -28.9 3.3
      vertex -60.7058 -29.0176 2.7
      vertex -60.7058 -29.0176 3.3
    endloop
  endfacet
  facet normal -1 0 0
    outer loop
      vertex -60.7 -28.9 2.7
      vertex -60.7 -19.1 3.3
      vertex -60.7 -19.1 2.7
    endloop
  endfacet
  facet normal -1 -0 0
    outer loop
      vertex -60.7 -19.1 3.3
      vertex -60.7 -28.9 2.7
      vertex -60.7 -28.9 3.3
    endloop
  endfacet
  facet normal -0.998786 -0.0492599 0
    outer loop
      vertex -60.7 -19.1 2.7
      vertex -60.7058 -18.9824 3.3
      vertex -60.7058 -18.9824 2.7
    endloop
  endfacet
  facet normal -0.998786 -0.0492599 0
    outer loop
      vertex -60.7058 -18.9824 3.3
      vertex -60.7 -19.1 2.7
      vertex -60.7 -19.1 3.3
    endloop
  endfacet
  facet normal -0.989153 -0.146887 0
    outer loop
      vertex -60.7058 -18.9824 2.7
      vertex -60.7231 -18.8659 3.3
      vertex -60.7231 -18.8659 2.7
    endloop
  endfacet
  facet normal -0.989153 -0.146887 0
    outer loop
      vertex -60.7231 -18.8659 3.3
      vertex -60.7058 -18.9824 2.7
      vertex -60.7058 -18.9824 3.3
    endloop
  endfacet
  facet normal -0.970093 -0.242735 0
    outer loop
      vertex -60.7231 -18.8659 2.7
      vertex -60.7517 -18.7516 3.3
      vertex -60.7517 -18.7516 2.7
    endloop
  endfacet
  facet normal -0.970093 -0.242735 0
    outer loop
      vertex -60.7517 -18.7516 3.3
      vertex -60.7231 -18.8659 2.7
      vertex -60.7231 -18.8659 3.3
    endloop
  endfacet
  facet normal -0.941665 -0.336552 0
    outer loop
      vertex -60.7517 -18.7516 2.7
      vertex -60.7913 -18.6408 3.3
      vertex -60.7913 -18.6408 2.7
    endloop
  endfacet
  facet normal -0.941665 -0.336552 0
    outer loop
      vertex -60.7913 -18.6408 3.3
      vertex -60.7517 -18.7516 2.7
      vertex -60.7517 -18.7516 3.3
    endloop
  endfacet
  facet normal -0.903893 -0.427758 0
    outer loop
      vertex -60.7913 -18.6408 2.7
      vertex -60.8417 -18.5343 3.3
      vertex -60.8417 -18.5343 2.7
    endloop
  endfacet
  facet normal -0.903893 -0.427758 0
    outer loop
      vertex -60.8417 -18.5343 3.3
      vertex -60.7913 -18.6408 2.7
      vertex -60.7913 -18.6408 3.3
    endloop
  endfacet
  facet normal -0.857867 -0.513871 0
    outer loop
      vertex -60.8417 -18.5343 2.7
      vertex -60.9022 -18.4333 3.3
      vertex -60.9022 -18.4333 2.7
    endloop
  endfacet
  facet normal -0.857867 -0.513871 0
    outer loop
      vertex -60.9022 -18.4333 3.3
      vertex -60.8417 -18.5343 2.7
      vertex -60.8417 -18.5343 3.3
    endloop
  endfacet
  facet normal -0.803046 -0.595918 0
    outer loop
      vertex -60.9022 -18.4333 2.7
      vertex -60.9724 -18.3387 3.3
      vertex -60.9724 -18.3387 2.7
    endloop
  endfacet
  facet normal -0.803046 -0.595918 0
    outer loop
      vertex -60.9724 -18.3387 3.3
      vertex -60.9022 -18.4333 2.7
      vertex -60.9022 -18.4333 3.3
    endloop
  endfacet
  facet normal -0.74067 -0.671869 0
    outer loop
      vertex -60.9724 -18.3387 2.7
      vertex -61.0515 -18.2515 3.3
      vertex -61.0515 -18.2515 2.7
    endloop
  endfacet
  facet normal -0.74067 -0.671869 0
    outer loop
      vertex -61.0515 -18.2515 3.3
      vertex -60.9724 -18.3387 2.7
      vertex -60.9724 -18.3387 3.3
    endloop
  endfacet
  facet normal -0.671869 -0.74067 0
    outer loop
      vertex -61.1387 -18.1724 2.7
      vertex -61.0515 -18.2515 3.3
      vertex -61.1387 -18.1724 3.3
    endloop
  endfacet
  facet normal -0.671869 -0.74067 -0
    outer loop
      vertex -61.0515 -18.2515 3.3
      vertex -61.1387 -18.1724 2.7
      vertex -61.0515 -18.2515 2.7
    endloop
  endfacet
  facet normal -0.595918 -0.803046 0
    outer loop
      vertex -61.2333 -18.1022 2.7
      vertex -61.1387 -18.1724 3.3
      vertex -61.2333 -18.1022 3.3
    endloop
  endfacet
  facet normal -0.595918 -0.803046 -0
    outer loop
      vertex -61.1387 -18.1724 3.3
      vertex -61.2333 -18.1022 2.7
      vertex -61.1387 -18.1724 2.7
    endloop
  endfacet
  facet normal -0.513871 -0.857867 0
    outer loop
      vertex -61.3343 -18.0417 2.7
      vertex -61.2333 -18.1022 3.3
      vertex -61.3343 -18.0417 3.3
    endloop
  endfacet
  facet normal -0.513871 -0.857867 -0
    outer loop
      vertex -61.2333 -18.1022 3.3
      vertex -61.3343 -18.0417 2.7
      vertex -61.2333 -18.1022 2.7
    endloop
  endfacet
  facet normal -0.427758 -0.903893 0
    outer loop
      vertex -61.4408 -17.9913 2.7
      vertex -61.3343 -18.0417 3.3
      vertex -61.4408 -17.9913 3.3
    endloop
  endfacet
  facet normal -0.427758 -0.903893 -0
    outer loop
      vertex -61.3343 -18.0417 3.3
      vertex -61.4408 -17.9913 2.7
      vertex -61.3343 -18.0417 2.7
    endloop
  endfacet
  facet normal -0.336283 -0.941761 0
    outer loop
      vertex -61.5517 -17.9517 2.7
      vertex -61.4408 -17.9913 3.3
      vertex -61.5517 -17.9517 3.3
    endloop
  endfacet
  facet normal -0.336283 -0.941761 -0
    outer loop
      vertex -61.4408 -17.9913 3.3
      vertex -61.5517 -17.9517 2.7
      vertex -61.4408 -17.9913 2.7
    endloop
  endfacet
  facet normal -0.243734 -0.969842 0
    outer loop
      vertex -61.6659 -17.923 2.7
      vertex -61.5517 -17.9517 3.3
      vertex -61.6659 -17.923 3.3
    endloop
  endfacet
  facet normal -0.243734 -0.969842 -0
    outer loop
      vertex -61.5517 -17.9517 3.3
      vertex -61.6659 -17.923 2.7
      vertex -61.5517 -17.9517 2.7
    endloop
  endfacet
  facet normal -0.146056 -0.989276 0
    outer loop
      vertex -61.7824 -17.9058 2.7
      vertex -61.6659 -17.923 3.3
      vertex -61.7824 -17.9058 3.3
    endloop
  endfacet
  facet normal -0.146056 -0.989276 -0
    outer loop
      vertex -61.6659 -17.923 3.3
      vertex -61.7824 -17.9058 2.7
      vertex -61.6659 -17.923 2.7
    endloop
  endfacet
  facet normal -0.0492599 -0.998786 0
    outer loop
      vertex -61.9 -17.9 2.7
      vertex -61.7824 -17.9058 3.3
      vertex -61.9 -17.9 3.3
    endloop
  endfacet
  facet normal -0.0492599 -0.998786 -0
    outer loop
      vertex -61.7824 -17.9058 3.3
      vertex -61.9 -17.9 2.7
      vertex -61.7824 -17.9058 2.7
    endloop
  endfacet
  facet normal 0 -1 0
    outer loop
      vertex -75.7 -17.9 2.7
      vertex -61.9 -17.9 3.3
      vertex -75.7 -17.9 3.3
    endloop
  endfacet
  facet normal 0 -1 -0
    outer loop
      vertex -61.9 -17.9 3.3
      vertex -75.7 -17.9 2.7
      vertex -61.9 -17.9 2.7
    endloop
  endfacet
  facet normal 0.0492599 -0.998786 0
    outer loop
      vertex -75.8176 -17.9058 2.7
      vertex -75.7 -17.9 3.3
      vertex -75.8176 -17.9058 3.3
    endloop
  endfacet
  facet normal 0.0492599 -0.998786 0
    outer loop
      vertex -75.7 -17.9 3.3
      vertex -75.8176 -17.9058 2.7
      vertex -75.7 -17.9 2.7
    endloop
  endfacet
  facet normal 0.146056 -0.989276 0
    outer loop
      vertex -75.9341 -17.923 2.7
      vertex -75.8176 -17.9058 3.3
      vertex -75.9341 -17.923 3.3
    endloop
  endfacet
  facet normal 0.146056 -0.989276 0
    outer loop
      vertex -75.8176 -17.9058 3.3
      vertex -75.9341 -17.923 2.7
      vertex -75.8176 -17.9058 2.7
    endloop
  endfacet
  facet normal 0.243734 -0.969842 0
    outer loop
      vertex -76.0483 -17.9517 2.7
      vertex -75.9341 -17.923 3.3
      vertex -76.0483 -17.9517 3.3
    endloop
  endfacet
  facet normal 0.243734 -0.969842 0
    outer loop
      vertex -75.9341 -17.923 3.3
      vertex -76.0483 -17.9517 2.7
      vertex -75.9341 -17.923 2.7
    endloop
  endfacet
  facet normal 0.336283 -0.941761 0
    outer loop
      vertex -76.1592 -17.9913 2.7
      vertex -76.0483 -17.9517 3.3
      vertex -76.1592 -17.9913 3.3
    endloop
  endfacet
  facet normal 0.336283 -0.941761 0
    outer loop
      vertex -76.0483 -17.9517 3.3
      vertex -76.1592 -17.9913 2.7
      vertex -76.0483 -17.9517 2.7
    endloop
  endfacet
  facet normal 0.427758 -0.903893 0
    outer loop
      vertex -76.2657 -18.0417 2.7
      vertex -76.1592 -17.9913 3.3
      vertex -76.2657 -18.0417 3.3
    endloop
  endfacet
  facet normal 0.427758 -0.903893 0
    outer loop
      vertex -76.1592 -17.9913 3.3
      vertex -76.2657 -18.0417 2.7
      vertex -76.1592 -17.9913 2.7
    endloop
  endfacet
  facet normal 0.513871 -0.857867 0
    outer loop
      vertex -76.3667 -18.1022 2.7
      vertex -76.2657 -18.0417 3.3
      vertex -76.3667 -18.1022 3.3
    endloop
  endfacet
  facet normal 0.513871 -0.857867 0
    outer loop
      vertex -76.2657 -18.0417 3.3
      vertex -76.3667 -18.1022 2.7
      vertex -76.2657 -18.0417 2.7
    endloop
  endfacet
  facet normal 0.595918 -0.803046 0
    outer loop
      vertex -76.4613 -18.1724 2.7
      vertex -76.3667 -18.1022 3.3
      vertex -76.4613 -18.1724 3.3
    endloop
  endfacet
  facet normal 0.595918 -0.803046 0
    outer loop
      vertex -76.3667 -18.1022 3.3
      vertex -76.4613 -18.1724 2.7
      vertex -76.3667 -18.1022 2.7
    endloop
  endfacet
  facet normal 0.671869 -0.74067 0
    outer loop
      vertex -76.5485 -18.2515 2.7
      vertex -76.4613 -18.1724 3.3
      vertex -76.5485 -18.2515 3.3
    endloop
  endfacet
  facet normal 0.671869 -0.74067 0
    outer loop
      vertex -76.4613 -18.1724 3.3
      vertex -76.5485 -18.2515 2.7
      vertex -76.4613 -18.1724 2.7
    endloop
  endfacet
  facet normal 0.74067 -0.671869 0
    outer loop
      vertex -76.6276 -18.3387 3.3
      vertex -76.5485 -18.2515 2.7
      vertex -76.5485 -18.2515 3.3
    endloop
  endfacet
  facet normal 0.74067 -0.671869 0
    outer loop
      vertex -76.5485 -18.2515 2.7
      vertex -76.6276 -18.3387 3.3
      vertex -76.6276 -18.3387 2.7
    endloop
  endfacet
  facet normal 0.803452 -0.59537 0
    outer loop
      vertex -76.6977 -18.4333 3.3
      vertex -76.6276 -18.3387 2.7
      vertex -76.6276 -18.3387 3.3
    endloop
  endfacet
  facet normal 0.803452 -0.59537 0
    outer loop
      vertex -76.6276 -18.3387 2.7
      vertex -76.6977 -18.4333 3.3
      vertex -76.6977 -18.4333 2.7
    endloop
  endfacet
  facet normal 0.857493 -0.514496 0
    outer loop
      vertex -76.7583 -18.5343 3.3
      vertex -76.6977 -18.4333 2.7
      vertex -76.6977 -18.4333 3.3
    endloop
  endfacet
  facet normal 0.857493 -0.514496 0
    outer loop
      vertex -76.6977 -18.4333 2.7
      vertex -76.7583 -18.5343 3.3
      vertex -76.7583 -18.5343 2.7
    endloop
  endfacet
  facet normal 0.904221 -0.427064 0
    outer loop
      vertex -76.8086 -18.6408 3.3
      vertex -76.7583 -18.5343 2.7
      vertex -76.7583 -18.5343 3.3
    endloop
  endfacet
  facet normal 0.904221 -0.427064 0
    outer loop
      vertex -76.7583 -18.5343 2.7
      vertex -76.8086 -18.6408 3.3
      vertex -76.8086 -18.6408 2.7
    endloop
  endfacet
  facet normal 0.941395 -0.337305 0
    outer loop
      vertex -76.8483 -18.7516 3.3
      vertex -76.8086 -18.6408 2.7
      vertex -76.8086 -18.6408 3.3
    endloop
  endfacet
  facet normal 0.941395 -0.337305 0
    outer loop
      vertex -76.8086 -18.6408 2.7
      vertex -76.8483 -18.7516 3.3
      vertex -76.8483 -18.7516 2.7
    endloop
  endfacet
  facet normal 0.970093 -0.242735 0
    outer loop
      vertex -76.8769 -18.8659 3.3
      vertex -76.8483 -18.7516 2.7
      vertex -76.8483 -18.7516 3.3
    endloop
  endfacet
  facet normal 0.970093 -0.242735 0
    outer loop
      vertex -76.8483 -18.7516 2.7
      vertex -76.8769 -18.8659 3.3
      vertex -76.8769 -18.8659 2.7
    endloop
  endfacet
  facet normal 0.989153 -0.146887 0
    outer loop
      vertex -76.8942 -18.9824 3.3
      vertex -76.8769 -18.8659 2.7
      vertex -76.8769 -18.8659 3.3
    endloop
  endfacet
  facet normal 0.989153 -0.146887 0
    outer loop
      vertex -76.8769 -18.8659 2.7
      vertex -76.8942 -18.9824 3.3
      vertex -76.8942 -18.9824 2.7
    endloop
  endfacet
  facet normal 0.998786 -0.0492599 0
    outer loop
      vertex -76.9 -19.1 3.3
      vertex -76.8942 -18.9824 2.7
      vertex -76.8942 -18.9824 3.3
    endloop
  endfacet
  facet normal 0.998786 -0.0492599 0
    outer loop
      vertex -76.8942 -18.9824 2.7
      vertex -76.9 -19.1 3.3
      vertex -76.9 -19.1 2.7
    endloop
  endfacet
  facet normal 1 -0 0
    outer loop
      vertex -76.9 -28.9 3.3
      vertex -76.9 -19.1 2.7
      vertex -76.9 -19.1 3.3
    endloop
  endfacet
  facet normal 1 0 0
    outer loop
      vertex -76.9 -19.1 2.7
      vertex -76.9 -28.9 3.3
      vertex -76.9 -28.9 2.7
    endloop
  endfacet
  facet normal 0.998786 0.0492599 0
    outer loop
      vertex -76.8942 -29.0176 3.3
      vertex -76.9 -28.9 2.7
      vertex -76.9 -28.9 3.3
    endloop
  endfacet
  facet normal 0.998786 0.0492599 0
    outer loop
      vertex -76.9 -28.9 2.7
      vertex -76.8942 -29.0176 3.3
      vertex -76.8942 -29.0176 2.7
    endloop
  endfacet
  facet normal 0.989153 0.146887 0
    outer loop
      vertex -76.8769 -29.1341 3.3
      vertex -76.8942 -29.0176 2.7
      vertex -76.8942 -29.0176 3.3
    endloop
  endfacet
  facet normal 0.989153 0.146887 0
    outer loop
      vertex -76.8942 -29.0176 2.7
      vertex -76.8769 -29.1341 3.3
      vertex -76.8769 -29.1341 2.7
    endloop
  endfacet
  facet normal 0.970042 0.242935 0
    outer loop
      vertex -76.8483 -29.2483 3.3
      vertex -76.8769 -29.1341 2.7
      vertex -76.8769 -29.1341 3.3
    endloop
  endfacet
  facet normal 0.970042 0.242935 0
    outer loop
      vertex -76.8769 -29.1341 2.7
      vertex -76.8483 -29.2483 3.3
      vertex -76.8483 -29.2483 2.7
    endloop
  endfacet
  facet normal 0.941492 0.337035 0
    outer loop
      vertex -76.8086 -29.3592 3.3
      vertex -76.8483 -29.2483 2.7
      vertex -76.8483 -29.2483 3.3
    endloop
  endfacet
  facet normal 0.941492 0.337035 0
    outer loop
      vertex -76.8483 -29.2483 2.7
      vertex -76.8086 -29.3592 3.3
      vertex -76.8086 -29.3592 2.7
    endloop
  endfacet
  facet normal 0.904221 0.427064 0
    outer loop
      vertex -76.7583 -29.4657 3.3
      vertex -76.8086 -29.3592 2.7
      vertex -76.8086 -29.3592 3.3
    endloop
  endfacet
  facet normal 0.904221 0.427064 0
    outer loop
      vertex -76.8086 -29.3592 2.7
      vertex -76.7583 -29.4657 3.3
      vertex -76.7583 -29.4657 2.7
    endloop
  endfacet
  facet normal 0.857493 0.514496 0
    outer loop
      vertex -76.6977 -29.5667 3.3
      vertex -76.7583 -29.4657 2.7
      vertex -76.7583 -29.4657 3.3
    endloop
  endfacet
  facet normal 0.857493 0.514496 0
    outer loop
      vertex -76.7583 -29.4657 2.7
      vertex -76.6977 -29.5667 3.3
      vertex -76.6977 -29.5667 2.7
    endloop
  endfacet
  facet normal 0.803452 0.59537 0
    outer loop
      vertex -76.6276 -29.6613 3.3
      vertex -76.6977 -29.5667 2.7
      vertex -76.6977 -29.5667 3.3
    endloop
  endfacet
  facet normal 0.803452 0.59537 0
    outer loop
      vertex -76.6977 -29.5667 2.7
      vertex -76.6276 -29.6613 3.3
      vertex -76.6276 -29.6613 2.7
    endloop
  endfacet
  facet normal 0.74067 0.671869 0
    outer loop
      vertex -76.5485 -29.7485 3.3
      vertex -76.6276 -29.6613 2.7
      vertex -76.6276 -29.6613 3.3
    endloop
  endfacet
  facet normal 0.74067 0.671869 0
    outer loop
      vertex -76.6276 -29.6613 2.7
      vertex -76.5485 -29.7485 3.3
      vertex -76.5485 -29.7485 2.7
    endloop
  endfacet
  facet normal 0.671869 0.74067 -0
    outer loop
      vertex -76.4613 -29.8276 2.7
      vertex -76.5485 -29.7485 3.3
      vertex -76.4613 -29.8276 3.3
    endloop
  endfacet
  facet normal 0.671869 0.74067 0
    outer loop
      vertex -76.5485 -29.7485 3.3
      vertex -76.4613 -29.8276 2.7
      vertex -76.5485 -29.7485 2.7
    endloop
  endfacet
  facet normal 0.59537 0.803452 -0
    outer loop
      vertex -76.3667 -29.8977 2.7
      vertex -76.4613 -29.8276 3.3
      vertex -76.3667 -29.8977 3.3
    endloop
  endfacet
  facet normal 0.59537 0.803452 0
    outer loop
      vertex -76.4613 -29.8276 3.3
      vertex -76.3667 -29.8977 2.7
      vertex -76.4613 -29.8276 2.7
    endloop
  endfacet
  facet normal 0.514496 0.857493 -0
    outer loop
      vertex -76.2657 -29.9583 2.7
      vertex -76.3667 -29.8977 3.3
      vertex -76.2657 -29.9583 3.3
    endloop
  endfacet
  facet normal 0.514496 0.857493 0
    outer loop
      vertex -76.3667 -29.8977 3.3
      vertex -76.2657 -29.9583 2.7
      vertex -76.3667 -29.8977 2.7
    endloop
  endfacet
  facet normal 0.427064 0.904221 -0
    outer loop
      vertex -76.1592 -30.0086 2.7
      vertex -76.2657 -29.9583 3.3
      vertex -76.1592 -30.0086 3.3
    endloop
  endfacet
  facet normal 0.427064 0.904221 0
    outer loop
      vertex -76.2657 -29.9583 3.3
      vertex -76.1592 -30.0086 2.7
      vertex -76.2657 -29.9583 2.7
    endloop
  endfacet
  facet normal 0.337035 0.941492 -0
    outer loop
      vertex -76.0483 -30.0483 2.7
      vertex -76.1592 -30.0086 3.3
      vertex -76.0483 -30.0483 3.3
    endloop
  endfacet
  facet normal 0.337035 0.941492 0
    outer loop
      vertex -76.1592 -30.0086 3.3
      vertex -76.0483 -30.0483 2.7
      vertex -76.1592 -30.0086 2.7
    endloop
  endfacet
  facet normal 0.242935 0.970042 -0
    outer loop
      vertex -75.9341 -30.0769 2.7
      vertex -76.0483 -30.0483 3.3
      vertex -75.9341 -30.0769 3.3
    endloop
  endfacet
  facet normal 0.242935 0.970042 0
    outer loop
      vertex -76.0483 -30.0483 3.3
      vertex -75.9341 -30.0769 2.7
      vertex -76.0483 -30.0483 2.7
    endloop
  endfacet
  facet normal 0.146887 0.989153 -0
    outer loop
      vertex -75.8176 -30.0942 2.7
      vertex -75.9341 -30.0769 3.3
      vertex -75.8176 -30.0942 3.3
    endloop
  endfacet
  facet normal 0.146887 0.989153 0
    outer loop
      vertex -75.9341 -30.0769 3.3
      vertex -75.8176 -30.0942 2.7
      vertex -75.9341 -30.0769 2.7
    endloop
  endfacet
  facet normal 0.0492599 0.998786 -0
    outer loop
      vertex -75.7 -30.1 2.7
      vertex -75.8176 -30.0942 3.3
      vertex -75.7 -30.1 3.3
    endloop
  endfacet
  facet normal 0.0492599 0.998786 0
    outer loop
      vertex -75.8176 -30.0942 3.3
      vertex -75.7 -30.1 2.7
      vertex -75.8176 -30.0942 2.7
    endloop
  endfacet
  facet normal 0 1 -0
    outer loop
      vertex -61.9 -30.1 2.7
      vertex -75.7 -30.1 3.3
      vertex -61.9 -30.1 3.3
    endloop
  endfacet
  facet normal 0 1 0
    outer loop
      vertex -75.7 -30.1 3.3
      vertex -61.9 -30.1 2.7
      vertex -75.7 -30.1 2.7
    endloop
  endfacet
  facet normal -0.0492599 0.998786 0
    outer loop
      vertex -61.7824 -30.0942 2.7
      vertex -61.9 -30.1 3.3
      vertex -61.7824 -30.0942 3.3
    endloop
  endfacet
  facet normal -0.0492599 0.998786 0
    outer loop
      vertex -61.9 -30.1 3.3
      vertex -61.7824 -30.0942 2.7
      vertex -61.9 -30.1 2.7
    endloop
  endfacet
  facet normal -0.146887 0.989153 0
    outer loop
      vertex -43.8659 -30.0769 2.7
      vertex -43.9824 -30.0942 3.3
      vertex -43.8659 -30.0769 3.3
    endloop
  endfacet
  facet normal -0.146887 0.989153 0
    outer loop
      vertex -43.9824 -30.0942 3.3
      vertex -43.8659 -30.0769 2.7
      vertex -43.9824 -30.0942 2.7
    endloop
  endfacet
  facet normal -0.242935 0.970042 0
    outer loop
      vertex -43.7517 -30.0483 2.7
      vertex -43.8659 -30.0769 3.3
      vertex -43.7517 -30.0483 3.3
    endloop
  endfacet
  facet normal -0.242935 0.970042 0
    outer loop
      vertex -43.8659 -30.0769 3.3
      vertex -43.7517 -30.0483 2.7
      vertex -43.8659 -30.0769 2.7
    endloop
  endfacet
  facet normal -0.337035 0.941492 0
    outer loop
      vertex -43.6408 -30.0086 2.7
      vertex -43.7517 -30.0483 3.3
      vertex -43.6408 -30.0086 3.3
    endloop
  endfacet
  facet normal -0.337035 0.941492 0
    outer loop
      vertex -43.7517 -30.0483 3.3
      vertex -43.6408 -30.0086 2.7
      vertex -43.7517 -30.0483 2.7
    endloop
  endfacet
  facet normal -0.427064 0.904221 0
    outer loop
      vertex -43.5343 -29.9583 2.7
      vertex -43.6408 -30.0086 3.3
      vertex -43.5343 -29.9583 3.3
    endloop
  endfacet
  facet normal -0.427064 0.904221 0
    outer loop
      vertex -43.6408 -30.0086 3.3
      vertex -43.5343 -29.9583 2.7
      vertex -43.6408 -30.0086 2.7
    endloop
  endfacet
  facet normal -0.514496 0.857493 0
    outer loop
      vertex -43.4333 -29.8977 2.7
      vertex -43.5343 -29.9583 3.3
      vertex -43.4333 -29.8977 3.3
    endloop
  endfacet
  facet normal -0.514496 0.857493 0
    outer loop
      vertex -43.5343 -29.9583 3.3
      vertex -43.4333 -29.8977 2.7
      vertex -43.5343 -29.9583 2.7
    endloop
  endfacet
  facet normal -0.59537 0.803452 0
    outer loop
      vertex -43.3387 -29.8276 2.7
      vertex -43.4333 -29.8977 3.3
      vertex -43.3387 -29.8276 3.3
    endloop
  endfacet
  facet normal -0.59537 0.803452 0
    outer loop
      vertex -43.4333 -29.8977 3.3
      vertex -43.3387 -29.8276 2.7
      vertex -43.4333 -29.8977 2.7
    endloop
  endfacet
  facet normal -0.671869 0.74067 0
    outer loop
      vertex -43.2515 -29.7485 2.7
      vertex -43.3387 -29.8276 3.3
      vertex -43.2515 -29.7485 3.3
    endloop
  endfacet
  facet normal -0.671869 0.74067 0
    outer loop
      vertex -43.3387 -29.8276 3.3
      vertex -43.2515 -29.7485 2.7
      vertex -43.3387 -29.8276 2.7
    endloop
  endfacet
  facet normal -0.74067 0.671869 0
    outer loop
      vertex -43.2515 -29.7485 2.7
      vertex -43.1724 -29.6613 3.3
      vertex -43.1724 -29.6613 2.7
    endloop
  endfacet
  facet normal -0.74067 0.671869 0
    outer loop
      vertex -43.1724 -29.6613 3.3
      vertex -43.2515 -29.7485 2.7
      vertex -43.2515 -29.7485 3.3
    endloop
  endfacet
  facet normal -0.803046 0.595918 0
    outer loop
      vertex -43.1724 -29.6613 2.7
      vertex -43.1022 -29.5667 3.3
      vertex -43.1022 -29.5667 2.7
    endloop
  endfacet
  facet normal -0.803046 0.595918 0
    outer loop
      vertex -43.1022 -29.5667 3.3
      vertex -43.1724 -29.6613 2.7
      vertex -43.1724 -29.6613 3.3
    endloop
  endfacet
  facet normal -0.857867 0.513871 0
    outer loop
      vertex -43.1022 -29.5667 2.7
      vertex -43.0417 -29.4657 3.3
      vertex -43.0417 -29.4657 2.7
    endloop
  endfacet
  facet normal -0.857867 0.513871 0
    outer loop
      vertex -43.0417 -29.4657 3.3
      vertex -43.1022 -29.5667 2.7
      vertex -43.1022 -29.5667 3.3
    endloop
  endfacet
  facet normal -0.903893 0.427758 0
    outer loop
      vertex -43.0417 -29.4657 2.7
      vertex -42.9913 -29.3592 3.3
      vertex -42.9913 -29.3592 2.7
    endloop
  endfacet
  facet normal -0.903893 0.427758 0
    outer loop
      vertex -42.9913 -29.3592 3.3
      vertex -43.0417 -29.4657 2.7
      vertex -43.0417 -29.4657 3.3
    endloop
  endfacet
  facet normal -0.941761 0.336283 0
    outer loop
      vertex -42.9913 -29.3592 2.7
      vertex -42.9517 -29.2483 3.3
      vertex -42.9517 -29.2483 2.7
    endloop
  endfacet
  facet normal -0.941761 0.336283 0
    outer loop
      vertex -42.9517 -29.2483 3.3
      vertex -42.9913 -29.3592 2.7
      vertex -42.9913 -29.3592 3.3
    endloop
  endfacet
  facet normal -0.970042 0.242935 0
    outer loop
      vertex -42.9517 -29.2483 2.7
      vertex -42.9231 -29.1341 3.3
      vertex -42.9231 -29.1341 2.7
    endloop
  endfacet
  facet normal -0.970042 0.242935 0
    outer loop
      vertex -42.9231 -29.1341 3.3
      vertex -42.9517 -29.2483 2.7
      vertex -42.9517 -29.2483 3.3
    endloop
  endfacet
  facet normal -0.989153 0.146887 0
    outer loop
      vertex -42.9231 -29.1341 2.7
      vertex -42.9058 -29.0176 3.3
      vertex -42.9058 -29.0176 2.7
    endloop
  endfacet
  facet normal -0.989153 0.146887 0
    outer loop
      vertex -42.9058 -29.0176 3.3
      vertex -42.9231 -29.1341 2.7
      vertex -42.9231 -29.1341 3.3
    endloop
  endfacet
  facet normal -0.998786 0.0492599 0
    outer loop
      vertex -42.9058 -29.0176 2.7
      vertex -42.9 -28.9 3.3
      vertex -42.9 -28.9 2.7
    endloop
  endfacet
  facet normal -0.998786 0.0492599 0
    outer loop
      vertex -42.9 -28.9 3.3
      vertex -42.9058 -29.0176 2.7
      vertex -42.9058 -29.0176 3.3
    endloop
  endfacet
  facet normal -1 0 0
    outer loop
      vertex -42.9 -28.9 2.7
      vertex -42.9 -19.1 3.3
      vertex -42.9 -19.1 2.7
    endloop
  endfacet
  facet normal -1 -0 0
    outer loop
      vertex -42.9 -19.1 3.3
      vertex -42.9 -28.9 2.7
      vertex -42.9 -28.9 3.3
    endloop
  endfacet
  facet normal -0.998786 -0.0492599 0
    outer loop
      vertex -42.9 -19.1 2.7
      vertex -42.9058 -18.9824 3.3
      vertex -42.9058 -18.9824 2.7
    endloop
  endfacet
  facet normal -0.998786 -0.0492599 0
    outer loop
      vertex -42.9058 -18.9824 3.3
      vertex -42.9 -19.1 2.7
      vertex -42.9 -19.1 3.3
    endloop
  endfacet
  facet normal -0.989153 -0.146887 0
    outer loop
      vertex -42.9058 -18.9824 2.7
      vertex -42.9231 -18.8659 3.3
      vertex -42.9231 -18.8659 2.7
    endloop
  endfacet
  facet normal -0.989153 -0.146887 0
    outer loop
      vertex -42.9231 -18.8659 3.3
      vertex -42.9058 -18.9824 2.7
      vertex -42.9058 -18.9824 3.3
    endloop
  endfacet
  facet normal -0.970093 -0.242735 0
    outer loop
      vertex -42.9231 -18.8659 2.7
      vertex -42.9517 -18.7516 3.3
      vertex -42.9517 -18.7516 2.7
    endloop
  endfacet
  facet normal -0.970093 -0.242735 0
    outer loop
      vertex -42.9517 -18.7516 3.3
      vertex -42.9231 -18.8659 2.7
      vertex -42.9231 -18.8659 3.3
    endloop
  endfacet
  facet normal -0.941665 -0.336552 0
    outer loop
      vertex -42.9517 -18.7516 2.7
      vertex -42.9913 -18.6408 3.3
      vertex -42.9913 -18.6408 2.7
    endloop
  endfacet
  facet normal -0.941665 -0.336552 0
    outer loop
      vertex -42.9913 -18.6408 3.3
      vertex -42.9517 -18.7516 2.7
      vertex -42.9517 -18.7516 3.3
    endloop
  endfacet
  facet normal -0.903893 -0.427758 0
    outer loop
      vertex -42.9913 -18.6408 2.7
      vertex -43.0417 -18.5343 3.3
      vertex -43.0417 -18.5343 2.7
    endloop
  endfacet
  facet normal -0.903893 -0.427758 0
    outer loop
      vertex -43.0417 -18.5343 3.3
      vertex -42.9913 -18.6408 2.7
      vertex -42.9913 -18.6408 3.3
    endloop
  endfacet
  facet normal -0.857867 -0.513871 0
    outer loop
      vertex -43.0417 -18.5343 2.7
      vertex -43.1022 -18.4333 3.3
      vertex -43.1022 -18.4333 2.7
    endloop
  endfacet
  facet normal -0.857867 -0.513871 0
    outer loop
      vertex -43.1022 -18.4333 3.3
      vertex -43.0417 -18.5343 2.7
      vertex -43.0417 -18.5343 3.3
    endloop
  endfacet
  facet normal -0.803046 -0.595918 0
    outer loop
      vertex -43.1022 -18.4333 2.7
      vertex -43.1724 -18.3387 3.3
      vertex -43.1724 -18.3387 2.7
    endloop
  endfacet
  facet normal -0.803046 -0.595918 0
    outer loop
      vertex -43.1724 -18.3387 3.3
      vertex -43.1022 -18.4333 2.7
      vertex -43.1022 -18.4333 3.3
    endloop
  endfacet
  facet normal -0.74067 -0.671869 0
    outer loop
      vertex -43.1724 -18.3387 2.7
      vertex -43.2515 -18.2515 3.3
      vertex -43.2515 -18.2515 2.7
    endloop
  endfacet
  facet normal -0.74067 -0.671869 0
    outer loop
      vertex -43.2515 -18.2515 3.3
      vertex -43.1724 -18.3387 2.7
      vertex -43.1724 -18.3387 3.3
    endloop
  endfacet
  facet normal -0.671869 -0.74067 0
    outer loop
      vertex -43.3387 -18.1724 2.7
      vertex -43.2515 -18.2515 3.3
      vertex -43.3387 -18.1724 3.3
    endloop
  endfacet
  facet normal -0.671869 -0.74067 -0
    outer loop
      vertex -43.2515 -18.2515 3.3
      vertex -43.3387 -18.1724 2.7
      vertex -43.2515 -18.2515 2.7
    endloop
  endfacet
  facet normal -0.595918 -0.803046 0
    outer loop
      vertex -43.4333 -18.1022 2.7
      vertex -43.3387 -18.1724 3.3
      vertex -43.4333 -18.1022 3.3
    endloop
  endfacet
  facet normal -0.595918 -0.803046 -0
    outer loop
      vertex -43.3387 -18.1724 3.3
      vertex -43.4333 -18.1022 2.7
      vertex -43.3387 -18.1724 2.7
    endloop
  endfacet
  facet normal -0.513871 -0.857867 0
    outer loop
      vertex -43.5343 -18.0417 2.7
      vertex -43.4333 -18.1022 3.3
      vertex -43.5343 -18.0417 3.3
    endloop
  endfacet
  facet normal -0.513871 -0.857867 -0
    outer loop
      vertex -43.4333 -18.1022 3.3
      vertex -43.5343 -18.0417 2.7
      vertex -43.4333 -18.1022 2.7
    endloop
  endfacet
  facet normal -0.427758 -0.903893 0
    outer loop
      vertex -43.6408 -17.9913 2.7
      vertex -43.5343 -18.0417 3.3
      vertex -43.6408 -17.9913 3.3
    endloop
  endfacet
  facet normal -0.427758 -0.903893 -0
    outer loop
      vertex -43.5343 -18.0417 3.3
      vertex -43.6408 -17.9913 2.7
      vertex -43.5343 -18.0417 2.7
    endloop
  endfacet
  facet normal -0.336283 -0.941761 0
    outer loop
      vertex -43.7517 -17.9517 2.7
      vertex -43.6408 -17.9913 3.3
      vertex -43.7517 -17.9517 3.3
    endloop
  endfacet
  facet normal -0.336283 -0.941761 -0
    outer loop
      vertex -43.6408 -17.9913 3.3
      vertex -43.7517 -17.9517 2.7
      vertex -43.6408 -17.9913 2.7
    endloop
  endfacet
  facet normal -0.243734 -0.969842 0
    outer loop
      vertex -43.8659 -17.923 2.7
      vertex -43.7517 -17.9517 3.3
      vertex -43.8659 -17.923 3.3
    endloop
  endfacet
  facet normal -0.243734 -0.969842 -0
    outer loop
      vertex -43.7517 -17.9517 3.3
      vertex -43.8659 -17.923 2.7
      vertex -43.7517 -17.9517 2.7
    endloop
  endfacet
  facet normal -0.146056 -0.989276 0
    outer loop
      vertex -43.9824 -17.9058 2.7
      vertex -43.8659 -17.923 3.3
      vertex -43.9824 -17.9058 3.3
    endloop
  endfacet
  facet normal -0.146056 -0.989276 -0
    outer loop
      vertex -43.8659 -17.923 3.3
      vertex -43.9824 -17.9058 2.7
      vertex -43.8659 -17.923 2.7
    endloop
  endfacet
  facet normal -0.0492599 -0.998786 0
    outer loop
      vertex -44.1 -17.9 2.7
      vertex -43.9824 -17.9058 3.3
      vertex -44.1 -17.9 3.3
    endloop
  endfacet
  facet normal -0.0492599 -0.998786 -0
    outer loop
      vertex -43.9824 -17.9058 3.3
      vertex -44.1 -17.9 2.7
      vertex -43.9824 -17.9058 2.7
    endloop
  endfacet
  facet normal 0 -1 0
    outer loop
      vertex -57.9 -17.9 2.7
      vertex -44.1 -17.9 3.3
      vertex -57.9 -17.9 3.3
    endloop
  endfacet
  facet normal 0 -1 -0
    outer loop
      vertex -44.1 -17.9 3.3
      vertex -57.9 -17.9 2.7
      vertex -44.1 -17.9 2.7
    endloop
  endfacet
  facet normal 0.0492599 -0.998786 0
    outer loop
      vertex -58.0176 -17.9058 2.7
      vertex -57.9 -17.9 3.3
      vertex -58.0176 -17.9058 3.3
    endloop
  endfacet
  facet normal 0.0492599 -0.998786 0
    outer loop
      vertex -57.9 -17.9 3.3
      vertex -58.0176 -17.9058 2.7
      vertex -57.9 -17.9 2.7
    endloop
  endfacet
  facet normal 0.146056 -0.989276 0
    outer loop
      vertex -58.1341 -17.923 2.7
      vertex -58.0176 -17.9058 3.3
      vertex -58.1341 -17.923 3.3
    endloop
  endfacet
  facet normal 0.146056 -0.989276 0
    outer loop
      vertex -58.0176 -17.9058 3.3
      vertex -58.1341 -17.923 2.7
      vertex -58.0176 -17.9058 2.7
    endloop
  endfacet
  facet normal 0.243734 -0.969842 0
    outer loop
      vertex -58.2483 -17.9517 2.7
      vertex -58.1341 -17.923 3.3
      vertex -58.2483 -17.9517 3.3
    endloop
  endfacet
  facet normal 0.243734 -0.969842 0
    outer loop
      vertex -58.1341 -17.923 3.3
      vertex -58.2483 -17.9517 2.7
      vertex -58.1341 -17.923 2.7
    endloop
  endfacet
  facet normal 0.336283 -0.941761 0
    outer loop
      vertex -58.3592 -17.9913 2.7
      vertex -58.2483 -17.9517 3.3
      vertex -58.3592 -17.9913 3.3
    endloop
  endfacet
  facet normal 0.336283 -0.941761 0
    outer loop
      vertex -58.2483 -17.9517 3.3
      vertex -58.3592 -17.9913 2.7
      vertex -58.2483 -17.9517 2.7
    endloop
  endfacet
  facet normal 0.427758 -0.903893 0
    outer loop
      vertex -58.4657 -18.0417 2.7
      vertex -58.3592 -17.9913 3.3
      vertex -58.4657 -18.0417 3.3
    endloop
  endfacet
  facet normal 0.427758 -0.903893 0
    outer loop
      vertex -58.3592 -17.9913 3.3
      vertex -58.4657 -18.0417 2.7
      vertex -58.3592 -17.9913 2.7
    endloop
  endfacet
  facet normal 0.513871 -0.857867 0
    outer loop
      vertex -58.5667 -18.1022 2.7
      vertex -58.4657 -18.0417 3.3
      vertex -58.5667 -18.1022 3.3
    endloop
  endfacet
  facet normal 0.513871 -0.857867 0
    outer loop
      vertex -58.4657 -18.0417 3.3
      vertex -58.5667 -18.1022 2.7
      vertex -58.4657 -18.0417 2.7
    endloop
  endfacet
  facet normal 0.595918 -0.803046 0
    outer loop
      vertex -58.6613 -18.1724 2.7
      vertex -58.5667 -18.1022 3.3
      vertex -58.6613 -18.1724 3.3
    endloop
  endfacet
  facet normal 0.595918 -0.803046 0
    outer loop
      vertex -58.5667 -18.1022 3.3
      vertex -58.6613 -18.1724 2.7
      vertex -58.5667 -18.1022 2.7
    endloop
  endfacet
  facet normal 0.671869 -0.74067 0
    outer loop
      vertex -58.7485 -18.2515 2.7
      vertex -58.6613 -18.1724 3.3
      vertex -58.7485 -18.2515 3.3
    endloop
  endfacet
  facet normal 0.671869 -0.74067 0
    outer loop
      vertex -58.6613 -18.1724 3.3
      vertex -58.7485 -18.2515 2.7
      vertex -58.6613 -18.1724 2.7
    endloop
  endfacet
  facet normal 0.74067 -0.671869 0
    outer loop
      vertex -58.8276 -18.3387 3.3
      vertex -58.7485 -18.2515 2.7
      vertex -58.7485 -18.2515 3.3
    endloop
  endfacet
  facet normal 0.74067 -0.671869 0
    outer loop
      vertex -58.7485 -18.2515 2.7
      vertex -58.8276 -18.3387 3.3
      vertex -58.8276 -18.3387 2.7
    endloop
  endfacet
  facet normal 0.803452 -0.59537 0
    outer loop
      vertex -58.8977 -18.4333 3.3
      vertex -58.8276 -18.3387 2.7
      vertex -58.8276 -18.3387 3.3
    endloop
  endfacet
  facet normal 0.803452 -0.59537 0
    outer loop
      vertex -58.8276 -18.3387 2.7
      vertex -58.8977 -18.4333 3.3
      vertex -58.8977 -18.4333 2.7
    endloop
  endfacet
  facet normal 0.857493 -0.514496 0
    outer loop
      vertex -58.9583 -18.5343 3.3
      vertex -58.8977 -18.4333 2.7
      vertex -58.8977 -18.4333 3.3
    endloop
  endfacet
  facet normal 0.857493 -0.514496 0
    outer loop
      vertex -58.8977 -18.4333 2.7
      vertex -58.9583 -18.5343 3.3
      vertex -58.9583 -18.5343 2.7
    endloop
  endfacet
  facet normal 0.904221 -0.427064 0
    outer loop
      vertex -59.0086 -18.6408 3.3
      vertex -58.9583 -18.5343 2.7
      vertex -58.9583 -18.5343 3.3
    endloop
  endfacet
  facet normal 0.904221 -0.427064 0
    outer loop
      vertex -58.9583 -18.5343 2.7
      vertex -59.0086 -18.6408 3.3
      vertex -59.0086 -18.6408 2.7
    endloop
  endfacet
  facet normal 0.941395 -0.337305 0
    outer loop
      vertex -59.0483 -18.7516 3.3
      vertex -59.0086 -18.6408 2.7
      vertex -59.0086 -18.6408 3.3
    endloop
  endfacet
  facet normal 0.941395 -0.337305 0
    outer loop
      vertex -59.0086 -18.6408 2.7
      vertex -59.0483 -18.7516 3.3
      vertex -59.0483 -18.7516 2.7
    endloop
  endfacet
  facet normal 0.970093 -0.242735 0
    outer loop
      vertex -59.0769 -18.8659 3.3
      vertex -59.0483 -18.7516 2.7
      vertex -59.0483 -18.7516 3.3
    endloop
  endfacet
  facet normal 0.970093 -0.242735 0
    outer loop
      vertex -59.0483 -18.7516 2.7
      vertex -59.0769 -18.8659 3.3
      vertex -59.0769 -18.8659 2.7
    endloop
  endfacet
  facet normal 0.989153 -0.146887 0
    outer loop
      vertex -59.0942 -18.9824 3.3
      vertex -59.0769 -18.8659 2.7
      vertex -59.0769 -18.8659 3.3
    endloop
  endfacet
  facet normal 0.989153 -0.146887 0
    outer loop
      vertex -59.0769 -18.8659 2.7
      vertex -59.0942 -18.9824 3.3
      vertex -59.0942 -18.9824 2.7
    endloop
  endfacet
  facet normal 0.998786 -0.0492599 0
    outer loop
      vertex -59.1 -19.1 3.3
      vertex -59.0942 -18.9824 2.7
      vertex -59.0942 -18.9824 3.3
    endloop
  endfacet
  facet normal 0.998786 -0.0492599 0
    outer loop
      vertex -59.0942 -18.9824 2.7
      vertex -59.1 -19.1 3.3
      vertex -59.1 -19.1 2.7
    endloop
  endfacet
  facet normal 1 -0 0
    outer loop
      vertex -59.1 -28.9 3.3
      vertex -59.1 -19.1 2.7
      vertex -59.1 -19.1 3.3
    endloop
  endfacet
  facet normal 1 0 0
    outer loop
      vertex -59.1 -19.1 2.7
      vertex -59.1 -28.9 3.3
      vertex -59.1 -28.9 2.7
    endloop
  endfacet
  facet normal 0.998786 0.0492599 0
    outer loop
      vertex -59.0942 -29.0176 3.3
      vertex -59.1 -28.9 2.7
      vertex -59.1 -28.9 3.3
    endloop
  endfacet
  facet normal 0.998786 0.0492599 0
    outer loop
      vertex -59.1 -28.9 2.7
      vertex -59.0942 -29.0176 3.3
      vertex -59.0942 -29.0176 2.7
    endloop
  endfacet
  facet normal 0.989153 0.146887 0
    outer loop
      vertex -59.0769 -29.1341 3.3
      vertex -59.0942 -29.0176 2.7
      vertex -59.0942 -29.0176 3.3
    endloop
  endfacet
  facet normal 0.989153 0.146887 0
    outer loop
      vertex -59.0942 -29.0176 2.7
      vertex -59.0769 -29.1341 3.3
      vertex -59.0769 -29.1341 2.7
    endloop
  endfacet
  facet normal 0.970042 0.242935 0
    outer loop
      vertex -59.0483 -29.2483 3.3
      vertex -59.0769 -29.1341 2.7
      vertex -59.0769 -29.1341 3.3
    endloop
  endfacet
  facet normal 0.970042 0.242935 0
    outer loop
      vertex -59.0769 -29.1341 2.7
      vertex -59.0483 -29.2483 3.3
      vertex -59.0483 -29.2483 2.7
    endloop
  endfacet
  facet normal 0.941492 0.337035 0
    outer loop
      vertex -59.0086 -29.3592 3.3
      vertex -59.0483 -29.2483 2.7
      vertex -59.0483 -29.2483 3.3
    endloop
  endfacet
  facet normal 0.941492 0.337035 0
    outer loop
      vertex -59.0483 -29.2483 2.7
      vertex -59.0086 -29.3592 3.3
      vertex -59.0086 -29.3592 2.7
    endloop
  endfacet
  facet normal 0.904221 0.427064 0
    outer loop
      vertex -58.9583 -29.4657 3.3
      vertex -59.0086 -29.3592 2.7
      vertex -59.0086 -29.3592 3.3
    endloop
  endfacet
  facet normal 0.904221 0.427064 0
    outer loop
      vertex -59.0086 -29.3592 2.7
      vertex -58.9583 -29.4657 3.3
      vertex -58.9583 -29.4657 2.7
    endloop
  endfacet
  facet normal 0.857493 0.514496 0
    outer loop
      vertex -58.8977 -29.5667 3.3
      vertex -58.9583 -29.4657 2.7
      vertex -58.9583 -29.4657 3.3
    endloop
  endfacet
  facet normal 0.857493 0.514496 0
    outer loop
      vertex -58.9583 -29.4657 2.7
      vertex -58.8977 -29.5667 3.3
      vertex -58.8977 -29.5667 2.7
    endloop
  endfacet
  facet normal 0.803452 0.59537 0
    outer loop
      vertex -58.8276 -29.6613 3.3
      vertex -58.8977 -29.5667 2.7
      vertex -58.8977 -29.5667 3.3
    endloop
  endfacet
  facet normal 0.803452 0.59537 0
    outer loop
      vertex -58.8977 -29.5667 2.7
      vertex -58.8276 -29.6613 3.3
      vertex -58.8276 -29.6613 2.7
    endloop
  endfacet
  facet normal 0.74067 0.671869 0
    outer loop
      vertex -58.7485 -29.7485 3.3
      vertex -58.8276 -29.6613 2.7
      vertex -58.8276 -29.6613 3.3
    endloop
  endfacet
  facet normal 0.74067 0.671869 0
    outer loop
      vertex -58.8276 -29.6613 2.7
      vertex -58.7485 -29.7485 3.3
      vertex -58.7485 -29.7485 2.7
    endloop
  endfacet
  facet normal 0.671869 0.74067 -0
    outer loop
      vertex -58.6613 -29.8276 2.7
      vertex -58.7485 -29.7485 3.3
      vertex -58.6613 -29.8276 3.3
    endloop
  endfacet
  facet normal 0.671869 0.74067 0
    outer loop
      vertex -58.7485 -29.7485 3.3
      vertex -58.6613 -29.8276 2.7
      vertex -58.7485 -29.7485 2.7
    endloop
  endfacet
  facet normal 0.59537 0.803452 -0
    outer loop
      vertex -58.5667 -29.8977 2.7
      vertex -58.6613 -29.8276 3.3
      vertex -58.5667 -29.8977 3.3
    endloop
  endfacet
  facet normal 0.59537 0.803452 0
    outer loop
      vertex -58.6613 -29.8276 3.3
      vertex -58.5667 -29.8977 2.7
      vertex -58.6613 -29.8276 2.7
    endloop
  endfacet
  facet normal 0.514496 0.857493 -0
    outer loop
      vertex -58.4657 -29.9583 2.7
      vertex -58.5667 -29.8977 3.3
      vertex -58.4657 -29.9583 3.3
    endloop
  endfacet
  facet normal 0.514496 0.857493 0
    outer loop
      vertex -58.5667 -29.8977 3.3
      vertex -58.4657 -29.9583 2.7
      vertex -58.5667 -29.8977 2.7
    endloop
  endfacet
  facet normal 0.427064 0.904221 -0
    outer loop
      vertex -58.3592 -30.0086 2.7
      vertex -58.4657 -29.9583 3.3
      vertex -58.3592 -30.0086 3.3
    endloop
  endfacet
  facet normal 0.427064 0.904221 0
    outer loop
      vertex -58.4657 -29.9583 3.3
      vertex -58.3592 -30.0086 2.7
      vertex -58.4657 -29.9583 2.7
    endloop
  endfacet
  facet normal 0.337035 0.941492 -0
    outer loop
      vertex -58.2483 -30.0483 2.7
      vertex -58.3592 -30.0086 3.3
      vertex -58.2483 -30.0483 3.3
    endloop
  endfacet
  facet normal 0.337035 0.941492 0
    outer loop
      vertex -58.3592 -30.0086 3.3
      vertex -58.2483 -30.0483 2.7
      vertex -58.3592 -30.0086 2.7
    endloop
  endfacet
  facet normal 0.242935 0.970042 -0
    outer loop
      vertex -58.1341 -30.0769 2.7
      vertex -58.2483 -30.0483 3.3
      vertex -58.1341 -30.0769 3.3
    endloop
  endfacet
  facet normal 0.242935 0.970042 0
    outer loop
      vertex -58.2483 -30.0483 3.3
      vertex -58.1341 -30.0769 2.7
      vertex -58.2483 -30.0483 2.7
    endloop
  endfacet
  facet normal 0.146887 0.989153 -0
    outer loop
      vertex -58.0176 -30.0942 2.7
      vertex -58.1341 -30.0769 3.3
      vertex -58.0176 -30.0942 3.3
    endloop
  endfacet
  facet normal 0.146887 0.989153 0
    outer loop
      vertex -58.1341 -30.0769 3.3
      vertex -58.0176 -30.0942 2.7
      vertex -58.1341 -30.0769 2.7
    endloop
  endfacet
  facet normal 0.0492599 0.998786 -0
    outer loop
      vertex -57.9 -30.1 2.7
      vertex -58.0176 -30.0942 3.3
      vertex -57.9 -30.1 3.3
    endloop
  endfacet
  facet normal 0.0492599 0.998786 0
    outer loop
      vertex -58.0176 -30.0942 3.3
      vertex -57.9 -30.1 2.7
      vertex -58.0176 -30.0942 2.7
    endloop
  endfacet
  facet normal 0 1 -0
    outer loop
      vertex -44.1 -30.1 2.7
      vertex -57.9 -30.1 3.3
      vertex -44.1 -30.1 3.3
    endloop
  endfacet
  facet normal 0 1 0
    outer loop
      vertex -57.9 -30.1 3.3
      vertex -44.1 -30.1 2.7
      vertex -57.9 -30.1 2.7
    endloop
  endfacet
  facet normal -0.0492599 0.998786 0
    outer loop
      vertex -43.9824 -30.0942 2.7
      vertex -44.1 -30.1 3.3
      vertex -43.9824 -30.0942 3.3
    endloop
  endfacet
  facet normal -0.0492599 0.998786 0
    outer loop
      vertex -44.1 -30.1 3.3
      vertex -43.9824 -30.0942 2.7
      vertex -44.1 -30.1 2.7
    endloop
  endfacet
  facet normal -0.146887 0.989153 0
    outer loop
      vertex -26.0659 -30.0769 2.7
      vertex -26.1824 -30.0942 3.3
      vertex -26.0659 -30.0769 3.3
    endloop
  endfacet
  facet normal -0.146887 0.989153 0
    outer loop
      vertex -26.1824 -30.0942 3.3
      vertex -26.0659 -30.0769 2.7
      vertex -26.1824 -30.0942 2.7
    endloop
  endfacet
  facet normal -0.242935 0.970042 0
    outer loop
      vertex -25.9517 -30.0483 2.7
      vertex -26.0659 -30.0769 3.3
      vertex -25.9517 -30.0483 3.3
    endloop
  endfacet
  facet normal -0.242935 0.970042 0
    outer loop
      vertex -26.0659 -30.0769 3.3
      vertex -25.9517 -30.0483 2.7
      vertex -26.0659 -30.0769 2.7
    endloop
  endfacet
  facet normal -0.337035 0.941492 0
    outer loop
      vertex -25.8408 -30.0086 2.7
      vertex -25.9517 -30.0483 3.3
      vertex -25.8408 -30.0086 3.3
    endloop
  endfacet
  facet normal -0.337035 0.941492 0
    outer loop
      vertex -25.9517 -30.0483 3.3
      vertex -25.8408 -30.0086 2.7
      vertex -25.9517 -30.0483 2.7
    endloop
  endfacet
  facet normal -0.427064 0.904221 0
    outer loop
      vertex -25.7343 -29.9583 2.7
      vertex -25.8408 -30.0086 3.3
      vertex -25.7343 -29.9583 3.3
    endloop
  endfacet
  facet normal -0.427064 0.904221 0
    outer loop
      vertex -25.8408 -30.0086 3.3
      vertex -25.7343 -29.9583 2.7
      vertex -25.8408 -30.0086 2.7
    endloop
  endfacet
  facet normal -0.514496 0.857493 0
    outer loop
      vertex -25.6333 -29.8977 2.7
      vertex -25.7343 -29.9583 3.3
      vertex -25.6333 -29.8977 3.3
    endloop
  endfacet
  facet normal -0.514496 0.857493 0
    outer loop
      vertex -25.7343 -29.9583 3.3
      vertex -25.6333 -29.8977 2.7
      vertex -25.7343 -29.9583 2.7
    endloop
  endfacet
  facet normal -0.59537 0.803452 0
    outer loop
      vertex -25.5387 -29.8276 2.7
      vertex -25.6333 -29.8977 3.3
      vertex -25.5387 -29.8276 3.3
    endloop
  endfacet
  facet normal -0.59537 0.803452 0
    outer loop
      vertex -25.6333 -29.8977 3.3
      vertex -25.5387 -29.8276 2.7
      vertex -25.6333 -29.8977 2.7
    endloop
  endfacet
  facet normal -0.671869 0.74067 0
    outer loop
      vertex -25.4515 -29.7485 2.7
      vertex -25.5387 -29.8276 3.3
      vertex -25.4515 -29.7485 3.3
    endloop
  endfacet
  facet normal -0.671869 0.74067 0
    outer loop
      vertex -25.5387 -29.8276 3.3
      vertex -25.4515 -29.7485 2.7
      vertex -25.5387 -29.8276 2.7
    endloop
  endfacet
  facet normal -0.74067 0.671869 0
    outer loop
      vertex -25.4515 -29.7485 2.7
      vertex -25.3724 -29.6613 3.3
      vertex -25.3724 -29.6613 2.7
    endloop
  endfacet
  facet normal -0.74067 0.671869 0
    outer loop
      vertex -25.3724 -29.6613 3.3
      vertex -25.4515 -29.7485 2.7
      vertex -25.4515 -29.7485 3.3
    endloop
  endfacet
  facet normal -0.803452 0.59537 0
    outer loop
      vertex -25.3724 -29.6613 2.7
      vertex -25.3023 -29.5667 3.3
      vertex -25.3023 -29.5667 2.7
    endloop
  endfacet
  facet normal -0.803452 0.59537 0
    outer loop
      vertex -25.3023 -29.5667 3.3
      vertex -25.3724 -29.6613 2.7
      vertex -25.3724 -29.6613 3.3
    endloop
  endfacet
  facet normal -0.857493 0.514496 0
    outer loop
      vertex -25.3023 -29.5667 2.7
      vertex -25.2417 -29.4657 3.3
      vertex -25.2417 -29.4657 2.7
    endloop
  endfacet
  facet normal -0.857493 0.514496 0
    outer loop
      vertex -25.2417 -29.4657 3.3
      vertex -25.3023 -29.5667 2.7
      vertex -25.3023 -29.5667 3.3
    endloop
  endfacet
  facet normal -0.904221 0.427064 0
    outer loop
      vertex -25.2417 -29.4657 2.7
      vertex -25.1914 -29.3592 3.3
      vertex -25.1914 -29.3592 2.7
    endloop
  endfacet
  facet normal -0.904221 0.427064 0
    outer loop
      vertex -25.1914 -29.3592 3.3
      vertex -25.2417 -29.4657 2.7
      vertex -25.2417 -29.4657 3.3
    endloop
  endfacet
  facet normal -0.941492 0.337035 0
    outer loop
      vertex -25.1914 -29.3592 2.7
      vertex -25.1517 -29.2483 3.3
      vertex -25.1517 -29.2483 2.7
    endloop
  endfacet
  facet normal -0.941492 0.337035 0
    outer loop
      vertex -25.1517 -29.2483 3.3
      vertex -25.1914 -29.3592 2.7
      vertex -25.1914 -29.3592 3.3
    endloop
  endfacet
  facet normal -0.970042 0.242935 0
    outer loop
      vertex -25.1517 -29.2483 2.7
      vertex -25.1231 -29.1341 3.3
      vertex -25.1231 -29.1341 2.7
    endloop
  endfacet
  facet normal -0.970042 0.242935 0
    outer loop
      vertex -25.1231 -29.1341 3.3
      vertex -25.1517 -29.2483 2.7
      vertex -25.1517 -29.2483 3.3
    endloop
  endfacet
  facet normal -0.989153 0.146887 0
    outer loop
      vertex -25.1231 -29.1341 2.7
      vertex -25.1058 -29.0176 3.3
      vertex -25.1058 -29.0176 2.7
    endloop
  endfacet
  facet normal -0.989153 0.146887 0
    outer loop
      vertex -25.1058 -29.0176 3.3
      vertex -25.1231 -29.1341 2.7
      vertex -25.1231 -29.1341 3.3
    endloop
  endfacet
  facet normal -0.998786 0.0492599 0
    outer loop
      vertex -25.1058 -29.0176 2.7
      vertex -25.1 -28.9 3.3
      vertex -25.1 -28.9 2.7
    endloop
  endfacet
  facet normal -0.998786 0.0492599 0
    outer loop
      vertex -25.1 -28.9 3.3
      vertex -25.1058 -29.0176 2.7
      vertex -25.1058 -29.0176 3.3
    endloop
  endfacet
  facet normal -1 0 0
    outer loop
      vertex -25.1 -28.9 2.7
      vertex -25.1 -19.1 3.3
      vertex -25.1 -19.1 2.7
    endloop
  endfacet
  facet normal -1 -0 0
    outer loop
      vertex -25.1 -19.1 3.3
      vertex -25.1 -28.9 2.7
      vertex -25.1 -28.9 3.3
    endloop
  endfacet
  facet normal -0.998786 -0.0492599 0
    outer loop
      vertex -25.1 -19.1 2.7
      vertex -25.1058 -18.9824 3.3
      vertex -25.1058 -18.9824 2.7
    endloop
  endfacet
  facet normal -0.998786 -0.0492599 0
    outer loop
      vertex -25.1058 -18.9824 3.3
      vertex -25.1 -19.1 2.7
      vertex -25.1 -19.1 3.3
    endloop
  endfacet
  facet normal -0.989153 -0.146887 0
    outer loop
      vertex -25.1058 -18.9824 2.7
      vertex -25.1231 -18.8659 3.3
      vertex -25.1231 -18.8659 2.7
    endloop
  endfacet
  facet normal -0.989153 -0.146887 0
    outer loop
      vertex -25.1231 -18.8659 3.3
      vertex -25.1058 -18.9824 2.7
      vertex -25.1058 -18.9824 3.3
    endloop
  endfacet
  facet normal -0.970093 -0.242735 0
    outer loop
      vertex -25.1231 -18.8659 2.7
      vertex -25.1517 -18.7516 3.3
      vertex -25.1517 -18.7516 2.7
    endloop
  endfacet
  facet normal -0.970093 -0.242735 0
    outer loop
      vertex -25.1517 -18.7516 3.3
      vertex -25.1231 -18.8659 2.7
      vertex -25.1231 -18.8659 3.3
    endloop
  endfacet
  facet normal -0.941395 -0.337305 0
    outer loop
      vertex -25.1517 -18.7516 2.7
      vertex -25.1914 -18.6408 3.3
      vertex -25.1914 -18.6408 2.7
    endloop
  endfacet
  facet normal -0.941395 -0.337305 0
    outer loop
      vertex -25.1914 -18.6408 3.3
      vertex -25.1517 -18.7516 2.7
      vertex -25.1517 -18.7516 3.3
    endloop
  endfacet
  facet normal -0.904221 -0.427064 0
    outer loop
      vertex -25.1914 -18.6408 2.7
      vertex -25.2417 -18.5343 3.3
      vertex -25.2417 -18.5343 2.7
    endloop
  endfacet
  facet normal -0.904221 -0.427064 0
    outer loop
      vertex -25.2417 -18.5343 3.3
      vertex -25.1914 -18.6408 2.7
      vertex -25.1914 -18.6408 3.3
    endloop
  endfacet
  facet normal -0.857493 -0.514496 0
    outer loop
      vertex -25.2417 -18.5343 2.7
      vertex -25.3023 -18.4333 3.3
      vertex -25.3023 -18.4333 2.7
    endloop
  endfacet
  facet normal -0.857493 -0.514496 0
    outer loop
      vertex -25.3023 -18.4333 3.3
      vertex -25.2417 -18.5343 2.7
      vertex -25.2417 -18.5343 3.3
    endloop
  endfacet
  facet normal -0.803452 -0.59537 0
    outer loop
      vertex -25.3023 -18.4333 2.7
      vertex -25.3724 -18.3387 3.3
      vertex -25.3724 -18.3387 2.7
    endloop
  endfacet
  facet normal -0.803452 -0.59537 0
    outer loop
      vertex -25.3724 -18.3387 3.3
      vertex -25.3023 -18.4333 2.7
      vertex -25.3023 -18.4333 3.3
    endloop
  endfacet
  facet normal -0.74067 -0.671869 0
    outer loop
      vertex -25.3724 -18.3387 2.7
      vertex -25.4515 -18.2515 3.3
      vertex -25.4515 -18.2515 2.7
    endloop
  endfacet
  facet normal -0.74067 -0.671869 0
    outer loop
      vertex -25.4515 -18.2515 3.3
      vertex -25.3724 -18.3387 2.7
      vertex -25.3724 -18.3387 3.3
    endloop
  endfacet
  facet normal -0.671869 -0.74067 0
    outer loop
      vertex -25.5387 -18.1724 2.7
      vertex -25.4515 -18.2515 3.3
      vertex -25.5387 -18.1724 3.3
    endloop
  endfacet
  facet normal -0.671869 -0.74067 -0
    outer loop
      vertex -25.4515 -18.2515 3.3
      vertex -25.5387 -18.1724 2.7
      vertex -25.4515 -18.2515 2.7
    endloop
  endfacet
  facet normal -0.595918 -0.803046 0
    outer loop
      vertex -25.6333 -18.1022 2.7
      vertex -25.5387 -18.1724 3.3
      vertex -25.6333 -18.1022 3.3
    endloop
  endfacet
  facet normal -0.595918 -0.803046 -0
    outer loop
      vertex -25.5387 -18.1724 3.3
      vertex -25.6333 -18.1022 2.7
      vertex -25.5387 -18.1724 2.7
    endloop
  endfacet
  facet normal -0.513871 -0.857867 0
    outer loop
      vertex -25.7343 -18.0417 2.7
      vertex -25.6333 -18.1022 3.3
      vertex -25.7343 -18.0417 3.3
    endloop
  endfacet
  facet normal -0.513871 -0.857867 -0
    outer loop
      vertex -25.6333 -18.1022 3.3
      vertex -25.7343 -18.0417 2.7
      vertex -25.6333 -18.1022 2.7
    endloop
  endfacet
  facet normal -0.427758 -0.903893 0
    outer loop
      vertex -25.8408 -17.9913 2.7
      vertex -25.7343 -18.0417 3.3
      vertex -25.8408 -17.9913 3.3
    endloop
  endfacet
  facet normal -0.427758 -0.903893 -0
    outer loop
      vertex -25.7343 -18.0417 3.3
      vertex -25.8408 -17.9913 2.7
      vertex -25.7343 -18.0417 2.7
    endloop
  endfacet
  facet normal -0.336283 -0.941761 0
    outer loop
      vertex -25.9517 -17.9517 2.7
      vertex -25.8408 -17.9913 3.3
      vertex -25.9517 -17.9517 3.3
    endloop
  endfacet
  facet normal -0.336283 -0.941761 -0
    outer loop
      vertex -25.8408 -17.9913 3.3
      vertex -25.9517 -17.9517 2.7
      vertex -25.8408 -17.9913 2.7
    endloop
  endfacet
  facet normal -0.243734 -0.969842 0
    outer loop
      vertex -26.0659 -17.923 2.7
      vertex -25.9517 -17.9517 3.3
      vertex -26.0659 -17.923 3.3
    endloop
  endfacet
  facet normal -0.243734 -0.969842 -0
    outer loop
      vertex -25.9517 -17.9517 3.3
      vertex -26.0659 -17.923 2.7
      vertex -25.9517 -17.9517 2.7
    endloop
  endfacet
  facet normal -0.146056 -0.989276 0
    outer loop
      vertex -26.1824 -17.9058 2.7
      vertex -26.0659 -17.923 3.3
      vertex -26.1824 -17.9058 3.3
    endloop
  endfacet
  facet normal -0.146056 -0.989276 -0
    outer loop
      vertex -26.0659 -17.923 3.3
      vertex -26.1824 -17.9058 2.7
      vertex -26.0659 -17.923 2.7
    endloop
  endfacet
  facet normal -0.0492599 -0.998786 0
    outer loop
      vertex -26.3 -17.9 2.7
      vertex -26.1824 -17.9058 3.3
      vertex -26.3 -17.9 3.3
    endloop
  endfacet
  facet normal -0.0492599 -0.998786 -0
    outer loop
      vertex -26.1824 -17.9058 3.3
      vertex -26.3 -17.9 2.7
      vertex -26.1824 -17.9058 2.7
    endloop
  endfacet
  facet normal 0 -1 0
    outer loop
      vertex -40.1 -17.9 2.7
      vertex -26.3 -17.9 3.3
      vertex -40.1 -17.9 3.3
    endloop
  endfacet
  facet normal 0 -1 -0
    outer loop
      vertex -26.3 -17.9 3.3
      vertex -40.1 -17.9 2.7
      vertex -26.3 -17.9 2.7
    endloop
  endfacet
  facet normal 0.0492599 -0.998786 0
    outer loop
      vertex -40.2176 -17.9058 2.7
      vertex -40.1 -17.9 3.3
      vertex -40.2176 -17.9058 3.3
    endloop
  endfacet
  facet normal 0.0492599 -0.998786 0
    outer loop
      vertex -40.1 -17.9 3.3
      vertex -40.2176 -17.9058 2.7
      vertex -40.1 -17.9 2.7
    endloop
  endfacet
  facet normal 0.146056 -0.989276 0
    outer loop
      vertex -40.3341 -17.923 2.7
      vertex -40.2176 -17.9058 3.3
      vertex -40.3341 -17.923 3.3
    endloop
  endfacet
  facet normal 0.146056 -0.989276 0
    outer loop
      vertex -40.2176 -17.9058 3.3
      vertex -40.3341 -17.923 2.7
      vertex -40.2176 -17.9058 2.7
    endloop
  endfacet
  facet normal 0.243734 -0.969842 0
    outer loop
      vertex -40.4483 -17.9517 2.7
      vertex -40.3341 -17.923 3.3
      vertex -40.4483 -17.9517 3.3
    endloop
  endfacet
  facet normal 0.243734 -0.969842 0
    outer loop
      vertex -40.3341 -17.923 3.3
      vertex -40.4483 -17.9517 2.7
      vertex -40.3341 -17.923 2.7
    endloop
  endfacet
  facet normal 0.336283 -0.941761 0
    outer loop
      vertex -40.5592 -17.9913 2.7
      vertex -40.4483 -17.9517 3.3
      vertex -40.5592 -17.9913 3.3
    endloop
  endfacet
  facet normal 0.336283 -0.941761 0
    outer loop
      vertex -40.4483 -17.9517 3.3
      vertex -40.5592 -17.9913 2.7
      vertex -40.4483 -17.9517 2.7
    endloop
  endfacet
  facet normal 0.427758 -0.903893 0
    outer loop
      vertex -40.6657 -18.0417 2.7
      vertex -40.5592 -17.9913 3.3
      vertex -40.6657 -18.0417 3.3
    endloop
  endfacet
  facet normal 0.427758 -0.903893 0
    outer loop
      vertex -40.5592 -17.9913 3.3
      vertex -40.6657 -18.0417 2.7
      vertex -40.5592 -17.9913 2.7
    endloop
  endfacet
  facet normal 0.513871 -0.857867 0
    outer loop
      vertex -40.7667 -18.1022 2.7
      vertex -40.6657 -18.0417 3.3
      vertex -40.7667 -18.1022 3.3
    endloop
  endfacet
  facet normal 0.513871 -0.857867 0
    outer loop
      vertex -40.6657 -18.0417 3.3
      vertex -40.7667 -18.1022 2.7
      vertex -40.6657 -18.0417 2.7
    endloop
  endfacet
  facet normal 0.595918 -0.803046 0
    outer loop
      vertex -40.8613 -18.1724 2.7
      vertex -40.7667 -18.1022 3.3
      vertex -40.8613 -18.1724 3.3
    endloop
  endfacet
  facet normal 0.595918 -0.803046 0
    outer loop
      vertex -40.7667 -18.1022 3.3
      vertex -40.8613 -18.1724 2.7
      vertex -40.7667 -18.1022 2.7
    endloop
  endfacet
  facet normal 0.671869 -0.74067 0
    outer loop
      vertex -40.9485 -18.2515 2.7
      vertex -40.8613 -18.1724 3.3
      vertex -40.9485 -18.2515 3.3
    endloop
  endfacet
  facet normal 0.671869 -0.74067 0
    outer loop
      vertex -40.8613 -18.1724 3.3
      vertex -40.9485 -18.2515 2.7
      vertex -40.8613 -18.1724 2.7
    endloop
  endfacet
  facet normal 0.74067 -0.671869 0
    outer loop
      vertex -41.0276 -18.3387 3.3
      vertex -40.9485 -18.2515 2.7
      vertex -40.9485 -18.2515 3.3
    endloop
  endfacet
  facet normal 0.74067 -0.671869 0
    outer loop
      vertex -40.9485 -18.2515 2.7
      vertex -41.0276 -18.3387 3.3
      vertex -41.0276 -18.3387 2.7
    endloop
  endfacet
  facet normal 0.803046 -0.595918 0
    outer loop
      vertex -41.0978 -18.4333 3.3
      vertex -41.0276 -18.3387 2.7
      vertex -41.0276 -18.3387 3.3
    endloop
  endfacet
  facet normal 0.803046 -0.595918 0
    outer loop
      vertex -41.0276 -18.3387 2.7
      vertex -41.0978 -18.4333 3.3
      vertex -41.0978 -18.4333 2.7
    endloop
  endfacet
  facet normal 0.857867 -0.513871 0
    outer loop
      vertex -41.1583 -18.5343 3.3
      vertex -41.0978 -18.4333 2.7
      vertex -41.0978 -18.4333 3.3
    endloop
  endfacet
  facet normal 0.857867 -0.513871 0
    outer loop
      vertex -41.0978 -18.4333 2.7
      vertex -41.1583 -18.5343 3.3
      vertex -41.1583 -18.5343 2.7
    endloop
  endfacet
  facet normal 0.903893 -0.427758 0
    outer loop
      vertex -41.2087 -18.6408 3.3
      vertex -41.1583 -18.5343 2.7
      vertex -41.1583 -18.5343 3.3
    endloop
  endfacet
  facet normal 0.903893 -0.427758 0
    outer loop
      vertex -41.1583 -18.5343 2.7
      vertex -41.2087 -18.6408 3.3
      vertex -41.2087 -18.6408 2.7
    endloop
  endfacet
  facet normal 0.941665 -0.336552 0
    outer loop
      vertex -41.2483 -18.7516 3.3
      vertex -41.2087 -18.6408 2.7
      vertex -41.2087 -18.6408 3.3
    endloop
  endfacet
  facet normal 0.941665 -0.336552 0
    outer loop
      vertex -41.2087 -18.6408 2.7
      vertex -41.2483 -18.7516 3.3
      vertex -41.2483 -18.7516 2.7
    endloop
  endfacet
  facet normal 0.970093 -0.242735 0
    outer loop
      vertex -41.2769 -18.8659 3.3
      vertex -41.2483 -18.7516 2.7
      vertex -41.2483 -18.7516 3.3
    endloop
  endfacet
  facet normal 0.970093 -0.242735 0
    outer loop
      vertex -41.2483 -18.7516 2.7
      vertex -41.2769 -18.8659 3.3
      vertex -41.2769 -18.8659 2.7
    endloop
  endfacet
  facet normal 0.989153 -0.146887 0
    outer loop
      vertex -41.2942 -18.9824 3.3
      vertex -41.2769 -18.8659 2.7
      vertex -41.2769 -18.8659 3.3
    endloop
  endfacet
  facet normal 0.989153 -0.146887 0
    outer loop
      vertex -41.2769 -18.8659 2.7
      vertex -41.2942 -18.9824 3.3
      vertex -41.2942 -18.9824 2.7
    endloop
  endfacet
  facet normal 0.998786 -0.0492599 0
    outer loop
      vertex -41.3 -19.1 3.3
      vertex -41.2942 -18.9824 2.7
      vertex -41.2942 -18.9824 3.3
    endloop
  endfacet
  facet normal 0.998786 -0.0492599 0
    outer loop
      vertex -41.2942 -18.9824 2.7
      vertex -41.3 -19.1 3.3
      vertex -41.3 -19.1 2.7
    endloop
  endfacet
  facet normal 1 -0 0
    outer loop
      vertex -41.3 -28.9 3.3
      vertex -41.3 -19.1 2.7
      vertex -41.3 -19.1 3.3
    endloop
  endfacet
  facet normal 1 0 0
    outer loop
      vertex -41.3 -19.1 2.7
      vertex -41.3 -28.9 3.3
      vertex -41.3 -28.9 2.7
    endloop
  endfacet
  facet normal 0.998786 0.0492599 0
    outer loop
      vertex -41.2942 -29.0176 3.3
      vertex -41.3 -28.9 2.7
      vertex -41.3 -28.9 3.3
    endloop
  endfacet
  facet normal 0.998786 0.0492599 0
    outer loop
      vertex -41.3 -28.9 2.7
      vertex -41.2942 -29.0176 3.3
      vertex -41.2942 -29.0176 2.7
    endloop
  endfacet
  facet normal 0.989153 0.146887 0
    outer loop
      vertex -41.2769 -29.1341 3.3
      vertex -41.2942 -29.0176 2.7
      vertex -41.2942 -29.0176 3.3
    endloop
  endfacet
  facet normal 0.989153 0.146887 0
    outer loop
      vertex -41.2942 -29.0176 2.7
      vertex -41.2769 -29.1341 3.3
      vertex -41.2769 -29.1341 2.7
    endloop
  endfacet
  facet normal 0.970042 0.242935 0
    outer loop
      vertex -41.2483 -29.2483 3.3
      vertex -41.2769 -29.1341 2.7
      vertex -41.2769 -29.1341 3.3
    endloop
  endfacet
  facet normal 0.970042 0.242935 0
    outer loop
      vertex -41.2769 -29.1341 2.7
      vertex -41.2483 -29.2483 3.3
      vertex -41.2483 -29.2483 2.7
    endloop
  endfacet
  facet normal 0.941761 0.336283 0
    outer loop
      vertex -41.2087 -29.3592 3.3
      vertex -41.2483 -29.2483 2.7
      vertex -41.2483 -29.2483 3.3
    endloop
  endfacet
  facet normal 0.941761 0.336283 0
    outer loop
      vertex -41.2483 -29.2483 2.7
      vertex -41.2087 -29.3592 3.3
      vertex -41.2087 -29.3592 2.7
    endloop
  endfacet
  facet normal 0.903893 0.427758 0
    outer loop
      vertex -41.1583 -29.4657 3.3
      vertex -41.2087 -29.3592 2.7
      vertex -41.2087 -29.3592 3.3
    endloop
  endfacet
  facet normal 0.903893 0.427758 0
    outer loop
      vertex -41.2087 -29.3592 2.7
      vertex -41.1583 -29.4657 3.3
      vertex -41.1583 -29.4657 2.7
    endloop
  endfacet
  facet normal 0.857867 0.513871 0
    outer loop
      vertex -41.0978 -29.5667 3.3
      vertex -41.1583 -29.4657 2.7
      vertex -41.1583 -29.4657 3.3
    endloop
  endfacet
  facet normal 0.857867 0.513871 0
    outer loop
      vertex -41.1583 -29.4657 2.7
      vertex -41.0978 -29.5667 3.3
      vertex -41.0978 -29.5667 2.7
    endloop
  endfacet
  facet normal 0.803046 0.595918 0
    outer loop
      vertex -41.0276 -29.6613 3.3
      vertex -41.0978 -29.5667 2.7
      vertex -41.0978 -29.5667 3.3
    endloop
  endfacet
  facet normal 0.803046 0.595918 0
    outer loop
      vertex -41.0978 -29.5667 2.7
      vertex -41.0276 -29.6613 3.3
      vertex -41.0276 -29.6613 2.7
    endloop
  endfacet
  facet normal 0.74067 0.671869 0
    outer loop
      vertex -40.9485 -29.7485 3.3
      vertex -41.0276 -29.6613 2.7
      vertex -41.0276 -29.6613 3.3
    endloop
  endfacet
  facet normal 0.74067 0.671869 0
    outer loop
      vertex -41.0276 -29.6613 2.7
      vertex -40.9485 -29.7485 3.3
      vertex -40.9485 -29.7485 2.7
    endloop
  endfacet
  facet normal 0.671869 0.74067 -0
    outer loop
      vertex -40.8613 -29.8276 2.7
      vertex -40.9485 -29.7485 3.3
      vertex -40.8613 -29.8276 3.3
    endloop
  endfacet
  facet normal 0.671869 0.74067 0
    outer loop
      vertex -40.9485 -29.7485 3.3
      vertex -40.8613 -29.8276 2.7
      vertex -40.9485 -29.7485 2.7
    endloop
  endfacet
  facet normal 0.59537 0.803452 -0
    outer loop
      vertex -40.7667 -29.8977 2.7
      vertex -40.8613 -29.8276 3.3
      vertex -40.7667 -29.8977 3.3
    endloop
  endfacet
  facet normal 0.59537 0.803452 0
    outer loop
      vertex -40.8613 -29.8276 3.3
      vertex -40.7667 -29.8977 2.7
      vertex -40.8613 -29.8276 2.7
    endloop
  endfacet
  facet normal 0.514496 0.857493 -0
    outer loop
      vertex -40.6657 -29.9583 2.7
      vertex -40.7667 -29.8977 3.3
      vertex -40.6657 -29.9583 3.3
    endloop
  endfacet
  facet normal 0.514496 0.857493 0
    outer loop
      vertex -40.7667 -29.8977 3.3
      vertex -40.6657 -29.9583 2.7
      vertex -40.7667 -29.8977 2.7
    endloop
  endfacet
  facet normal 0.427064 0.904221 -0
    outer loop
      vertex -40.5592 -30.0086 2.7
      vertex -40.6657 -29.9583 3.3
      vertex -40.5592 -30.0086 3.3
    endloop
  endfacet
  facet normal 0.427064 0.904221 0
    outer loop
      vertex -40.6657 -29.9583 3.3
      vertex -40.5592 -30.0086 2.7
      vertex -40.6657 -29.9583 2.7
    endloop
  endfacet
  facet normal 0.337035 0.941492 -0
    outer loop
      vertex -40.4483 -30.0483 2.7
      vertex -40.5592 -30.0086 3.3
      vertex -40.4483 -30.0483 3.3
    endloop
  endfacet
  facet normal 0.337035 0.941492 0
    outer loop
      vertex -40.5592 -30.0086 3.3
      vertex -40.4483 -30.0483 2.7
      vertex -40.5592 -30.0086 2.7
    endloop
  endfacet
  facet normal 0.242935 0.970042 -0
    outer loop
      vertex -40.3341 -30.0769 2.7
      vertex -40.4483 -30.0483 3.3
      vertex -40.3341 -30.0769 3.3
    endloop
  endfacet
  facet normal 0.242935 0.970042 0
    outer loop
      vertex -40.4483 -30.0483 3.3
      vertex -40.3341 -30.0769 2.7
      vertex -40.4483 -30.0483 2.7
    endloop
  endfacet
  facet normal 0.146887 0.989153 -0
    outer loop
      vertex -40.2176 -30.0942 2.7
      vertex -40.3341 -30.0769 3.3
      vertex -40.2176 -30.0942 3.3
    endloop
  endfacet
  facet normal 0.146887 0.989153 0
    outer loop
      vertex -40.3341 -30.0769 3.3
      vertex -40.2176 -30.0942 2.7
      vertex -40.3341 -30.0769 2.7
    endloop
  endfacet
  facet normal 0.0492599 0.998786 -0
    outer loop
      vertex -40.1 -30.1 2.7
      vertex -40.2176 -30.0942 3.3
      vertex -40.1 -30.1 3.3
    endloop
  endfacet
  facet normal 0.0492599 0.998786 0
    outer loop
      vertex -40.2176 -30.0942 3.3
      vertex -40.1 -30.1 2.7
      vertex -40.2176 -30.0942 2.7
    endloop
  endfacet
  facet normal 0 1 -0
    outer loop
      vertex -26.3 -30.1 2.7
      vertex -40.1 -30.1 3.3
      vertex -26.3 -30.1 3.3
    endloop
  endfacet
  facet normal 0 1 0
    outer loop
      vertex -40.1 -30.1 3.3
      vertex -26.3 -30.1 2.7
      vertex -40.1 -30.1 2.7
    endloop
  endfacet
  facet normal -0.0492599 0.998786 0
    outer loop
      vertex -26.1824 -30.0942 2.7
      vertex -26.3 -30.1 3.3
      vertex -26.1824 -30.0942 3.3
    endloop
  endfacet
  facet normal -0.0492599 0.998786 0
    outer loop
      vertex -26.3 -30.1 3.3
      vertex -26.1824 -30.0942 2.7
      vertex -26.3 -30.1 2.7
    endloop
  endfacet
  facet normal -0 0 1
    outer loop
      vertex 12.65 45.15 0
      vertex 14.5 43.5 0
      vertex 14.5 45.5 0
    endloop
  endfacet
  facet normal 0 0 1
    outer loop
      vertex 14.5 43.5 0
      vertex 13.9225 40.4225 0
      vertex 14.2389 40.1357 0
    endloop
  endfacet
  facet normal 0 0 1
    outer loop
      vertex 12.65 45.15 0
      vertex 14.5 45.5 0
      vertex 14.512 45.745 0
    endloop
  endfacet
  facet normal 0 0 1
    outer loop
      vertex 14.5 43.5 0
      vertex 13.6357 40.7389 0
      vertex 13.9225 40.4225 0
    endloop
  endfacet
  facet normal 0 0 1
    outer loop
      vertex 12.65 45.15 0
      vertex 14.512 45.745 0
      vertex 14.548 45.9877 0
    endloop
  endfacet
  facet normal 0 0 1
    outer loop
      vertex 14.5 43.5 0
      vertex 13.3813 41.082 0
      vertex 13.6357 40.7389 0
    endloop
  endfacet
  facet normal 0 0 1
    outer loop
      vertex 14.5 43.5 0
      vertex 13.1617 41.4484 0
      vertex 13.3813 41.082 0
    endloop
  endfacet
  facet normal 0 0 1
    outer loop
      vertex 12.65 45.15 0
      vertex 14.548 45.9877 0
      vertex 14.6077 46.2257 0
    endloop
  endfacet
  facet normal 0 0 1
    outer loop
      vertex 14.5 43.5 0
      vertex 12.9791 41.8345 0
      vertex 13.1617 41.4484 0
    endloop
  endfacet
  facet normal 0 0 1
    outer loop
      vertex 12.65 45.15 0
      vertex 14.6077 46.2257 0
      vertex 14.6903 46.4567 0
    endloop
  endfacet
  facet normal 0 0 1
    outer loop
      vertex 14.5 43.5 0
      vertex 12.8352 42.2366 0
      vertex 12.9791 41.8345 0
    endloop
  endfacet
  facet normal 0 0 1
    outer loop
      vertex 14.5 43.5 0
      vertex 12.7314 42.6509 0
      vertex 12.8352 42.2366 0
    endloop
  endfacet
  facet normal 0 0 1
    outer loop
      vertex 12.65 45.15 0
      vertex 14.6903 46.4567 0
      vertex 14.7952 46.6785 0
    endloop
  endfacet
  facet normal 0 0 1
    outer loop
      vertex 14.5 43.5 0
      vertex 12.6687 43.0734 0
      vertex 12.7314 42.6509 0
    endloop
  endfacet
  facet normal 0 0 1
    outer loop
      vertex 14.5 43.5 0
      vertex 12.65 45.15 0
      vertex 12.65 43.4546 0
    endloop
  endfacet
  facet normal 0 0 1
    outer loop
      vertex 9 47 0
      vertex 14.7952 46.6785 0
      vertex 14.9213 46.8889 0
    endloop
  endfacet
  facet normal -0 0 1
    outer loop
      vertex 9 47 0
      vertex 14.9213 46.8889 0
      vertex 15.0037 47 0
    endloop
  endfacet
  facet normal 0 0 1
    outer loop
      vertex 14.7952 46.6785 0
      vertex 9 47 0
      vertex 12.65 45.15 0
    endloop
  endfacet
  facet normal 0 0 1
    outer loop
      vertex 12.65 45.15 0
      vertex 9 47 0
      vertex 9.04517 45.15 0
    endloop
  endfacet
  facet normal 0 0 1
    outer loop
      vertex 9 47 0
      vertex 8.88753 45.1422 0
      vertex 9.04517 45.15 0
    endloop
  endfacet
  facet normal -0 0 1
    outer loop
      vertex 8.70595 46.9855 0
      vertex 8.88753 45.1422 0
      vertex 9 47 0
    endloop
  endfacet
  facet normal 0 0 1
    outer loop
      vertex 8.88753 45.1422 0
      vertex 8.70595 46.9855 0
      vertex 8.77609 45.1257 0
    endloop
  endfacet
  facet normal -0 0 1
    outer loop
      vertex 8.41473 46.9424 0
      vertex 8.77609 45.1257 0
      vertex 8.70595 46.9855 0
    endloop
  endfacet
  facet normal 0 0 1
    outer loop
      vertex 8.77609 45.1257 0
      vertex 8.41473 46.9424 0
      vertex 8.66689 45.0984 0
    endloop
  endfacet
  facet normal -0 0 1
    outer loop
      vertex 8.12915 46.8708 0
      vertex 8.66689 45.0984 0
      vertex 8.41473 46.9424 0
    endloop
  endfacet
  facet normal 0 0 1
    outer loop
      vertex 8.66689 45.0984 0
      vertex 8.12915 46.8708 0
      vertex 8.56073 45.0604 0
    endloop
  endfacet
  facet normal -0 0 1
    outer loop
      vertex 7.85194 46.7716 0
      vertex 8.56073 45.0604 0
      vertex 8.12915 46.8708 0
    endloop
  endfacet
  facet normal 0 0 1
    outer loop
      vertex 8.56073 45.0604 0
      vertex 7.85194 46.7716 0
      vertex 8.45885 45.0122 0
    endloop
  endfacet
  facet normal -0 0 1
    outer loop
      vertex 7.58582 46.6458 0
      vertex 8.45885 45.0122 0
      vertex 7.85194 46.7716 0
    endloop
  endfacet
  facet normal 0 0 1
    outer loop
      vertex 8.45885 45.0122 0
      vertex 7.58582 46.6458 0
      vertex 8.36235 44.9544 0
    endloop
  endfacet
  facet normal -0 0 1
    outer loop
      vertex 7.33328 46.4944 0
      vertex 8.36235 44.9544 0
      vertex 7.58582 46.6458 0
    endloop
  endfacet
  facet normal 0 0 1
    outer loop
      vertex 8.36235 44.9544 0
      vertex 7.33328 46.4944 0
      vertex 8.27191 44.8873 0
    endloop
  endfacet
  facet normal -0 0 1
    outer loop
      vertex 7.09682 46.319 0
      vertex 8.27191 44.8873 0
      vertex 7.33328 46.4944 0
    endloop
  endfacet
  facet normal 0 0 1
    outer loop
      vertex 8.27191 44.8873 0
      vertex 7.09682 46.319 0
      vertex 8.1884 44.8116 0
    endloop
  endfacet
  facet normal -0 0 1
    outer loop
      vertex 6.87868 46.1213 0
      vertex 8.1884 44.8116 0
      vertex 7.09682 46.319 0
    endloop
  endfacet
  facet normal 0 0 1
    outer loop
      vertex 8.1884 44.8116 0
      vertex 6.87868 46.1213 0
      vertex 8.11272 44.7281 0
    endloop
  endfacet
  facet normal -0 0 1
    outer loop
      vertex 6.68097 45.9032 0
      vertex 8.11272 44.7281 0
      vertex 6.87868 46.1213 0
    endloop
  endfacet
  facet normal 0 0 1
    outer loop
      vertex 8.11272 44.7281 0
      vertex 6.68097 45.9032 0
      vertex 8.04564 44.6376 0
    endloop
  endfacet
  facet normal -0 0 1
    outer loop
      vertex 6.50558 45.6667 0
      vertex 8.04564 44.6376 0
      vertex 6.68097 45.9032 0
    endloop
  endfacet
  facet normal -0 0 1
    outer loop
      vertex 6.35423 45.4142 0
      vertex 7.98781 44.5412 0
      vertex 6.50558 45.6667 0
    endloop
  endfacet
  facet normal 0 0 1
    outer loop
      vertex 8.04564 44.6376 0
      vertex 6.50558 45.6667 0
      vertex 7.98781 44.5412 0
    endloop
  endfacet
  facet normal -0 0 1
    outer loop
      vertex 78.65 45.15 0
      vertex 80.5 44.5 0
      vertex 80.5 47 0
    endloop
  endfacet
  facet normal 0 0 1
    outer loop
      vertex 80.5 44.5 0
      vertex 80.1555 41.9845 0
      vertex 80.4085 41.8649 0
    endloop
  endfacet
  facet normal 0 0 1
    outer loop
      vertex 80.5 44.5 0
      vertex 79.9154 42.1284 0
      vertex 80.1555 41.9845 0
    endloop
  endfacet
  facet normal 0 0 1
    outer loop
      vertex 80.5 44.5 0
      vertex 79.6906 42.2952 0
      vertex 79.9154 42.1284 0
    endloop
  endfacet
  facet normal 0 0 1
    outer loop
      vertex 80.5 44.5 0
      vertex 79.4832 42.4832 0
      vertex 79.6906 42.2952 0
    endloop
  endfacet
  facet normal 0 0 1
    outer loop
      vertex 80.5 44.5 0
      vertex 79.2952 42.6906 0
      vertex 79.4832 42.4832 0
    endloop
  endfacet
  facet normal 0 0 1
    outer loop
      vertex 80.5 44.5 0
      vertex 79.1284 42.9154 0
      vertex 79.2952 42.6906 0
    endloop
  endfacet
  facet normal 0 0 1
    outer loop
      vertex 80.5 44.5 0
      vertex 78.9845 43.1555 0
      vertex 79.1284 42.9154 0
    endloop
  endfacet
  facet normal 0 0 1
    outer loop
      vertex 80.5 44.5 0
      vertex 78.8649 43.4085 0
      vertex 78.9845 43.1555 0
    endloop
  endfacet
  facet normal 0 0 1
    outer loop
      vertex 80.5 44.5 0
      vertex 78.7706 43.672 0
      vertex 78.8649 43.4085 0
    endloop
  endfacet
  facet normal 0 0 1
    outer loop
      vertex 80.5 44.5 0
      vertex 78.7026 43.9436 0
      vertex 78.7706 43.672 0
    endloop
  endfacet
  facet normal 0 0 1
    outer loop
      vertex 80.5 44.5 0
      vertex 78.6615 44.2204 0
      vertex 78.7026 43.9436 0
    endloop
  endfacet
  facet normal 0 0 1
    outer loop
      vertex 80.5 44.5 0
      vertex 78.65 45.15 0
      vertex 78.65 44.4545 0
    endloop
  endfacet
  facet normal 0 0 1
    outer loop
      vertex 80.5 47 0
      vertex 25.35 45.15 0
      vertex 78.65 45.15 0
    endloop
  endfacet
  facet normal -0 0 1
    outer loop
      vertex 23.5 43.5 0
      vertex 25.35 43.4546 0
      vertex 25.35 45.15 0
    endloop
  endfacet
  facet normal 0 0 1
    outer loop
      vertex 23.488 43.255 0
      vertex 25.35 43.4546 0
      vertex 23.5 43.5 0
    endloop
  endfacet
  facet normal 0 0 1
    outer loop
      vertex 25.35 43.4546 0
      vertex 23.488 43.255 0
      vertex 25.3313 43.0734 0
    endloop
  endfacet
  facet normal 0 0 1
    outer loop
      vertex 25.3313 43.0734 0
      vertex 23.488 43.255 0
      vertex 25.2686 42.6509 0
    endloop
  endfacet
  facet normal -0 0 1
    outer loop
      vertex 23.452 43.0123 0
      vertex 25.2686 42.6509 0
      vertex 23.488 43.255 0
    endloop
  endfacet
  facet normal -0 0 1
    outer loop
      vertex 23.3923 42.7743 0
      vertex 25.1648 42.2366 0
      vertex 23.452 43.0123 0
    endloop
  endfacet
  facet normal 0 0 1
    outer loop
      vertex 25.1648 42.2366 0
      vertex 23.3923 42.7743 0
      vertex 25.0209 41.8345 0
    endloop
  endfacet
  facet normal 0 0 1
    outer loop
      vertex 25.0209 41.8345 0
      vertex 23.3097 42.5433 0
      vertex 24.8383 41.4484 0
    endloop
  endfacet
  facet normal -0 0 1
    outer loop
      vertex 23.2048 42.3215 0
      vertex 24.8383 41.4484 0
      vertex 23.3097 42.5433 0
    endloop
  endfacet
  facet normal 0 0 1
    outer loop
      vertex 23.5 43.5 0
      vertex 25.35 45.15 0
      vertex 23.5 45.5 0
    endloop
  endfacet
  facet normal -0 0 1
    outer loop
      vertex 22.9963 47 0
      vertex 25.35 45.15 0
      vertex 80.5 47 0
    endloop
  endfacet
  facet normal 0 0 1
    outer loop
      vertex 25.35 45.15 0
      vertex 23.488 45.745 0
      vertex 23.5 45.5 0
    endloop
  endfacet
  facet normal 0 0 1
    outer loop
      vertex 25.35 45.15 0
      vertex 23.452 45.9877 0
      vertex 23.488 45.745 0
    endloop
  endfacet
  facet normal 0 0 1
    outer loop
      vertex 25.35 45.15 0
      vertex 23.3923 46.2257 0
      vertex 23.452 45.9877 0
    endloop
  endfacet
  facet normal 0 0 1
    outer loop
      vertex 25.35 45.15 0
      vertex 23.3097 46.4567 0
      vertex 23.3923 46.2257 0
    endloop
  endfacet
  facet normal 0 0 1
    outer loop
      vertex 25.35 45.15 0
      vertex 23.2048 46.6785 0
      vertex 23.3097 46.4567 0
    endloop
  endfacet
  facet normal 0 0 1
    outer loop
      vertex 25.35 45.15 0
      vertex 23.0787 46.8889 0
      vertex 23.2048 46.6785 0
    endloop
  endfacet
  facet normal 0 0 1
    outer loop
      vertex 25.35 45.15 0
      vertex 22.9963 47 0
      vertex 23.0787 46.8889 0
    endloop
  endfacet
  facet normal -0 0 1
    outer loop
      vertex 94.1422 44.1125 0
      vertex 96 44 0
      vertex 95.9855 44.2941 0
    endloop
  endfacet
  facet normal 0 0 1
    outer loop
      vertex 96 44 0
      vertex 94.15 43.9548 0
      vertex 96 -44 0
    endloop
  endfacet
  facet normal 0 0 1
    outer loop
      vertex 94.1422 44.1125 0
      vertex 95.9855 44.2941 0
      vertex 95.9424 44.5853 0
    endloop
  endfacet
  facet normal -0 0 1
    outer loop
      vertex 94.15 -43.9548 0
      vertex 96 -44 0
      vertex 94.15 43.9548 0
    endloop
  endfacet
  facet normal 0 0 1
    outer loop
      vertex 94.1257 44.2239 0
      vertex 95.9424 44.5853 0
      vertex 95.8708 44.8708 0
    endloop
  endfacet
  facet normal 0 0 1
    outer loop
      vertex 94.1422 -44.1125 0
      vertex 96 -44 0
      vertex 94.15 -43.9548 0
    endloop
  endfacet
  facet normal 0 0 1
    outer loop
      vertex 94.0984 44.3331 0
      vertex 95.8708 44.8708 0
      vertex 95.7716 45.1481 0
    endloop
  endfacet
  facet normal 0 0 1
    outer loop
      vertex 96 -44 0
      vertex 94.1422 -44.1125 0
      vertex 95.9855 -44.2941 0
    endloop
  endfacet
  facet normal 0 0 1
    outer loop
      vertex 94.0604 44.4393 0
      vertex 95.7716 45.1481 0
      vertex 95.6458 45.4142 0
    endloop
  endfacet
  facet normal 0 0 1
    outer loop
      vertex 95.9855 -44.2941 0
      vertex 94.1422 -44.1125 0
      vertex 95.9424 -44.5853 0
    endloop
  endfacet
  facet normal 0 0 1
    outer loop
      vertex 94.0122 44.5412 0
      vertex 95.6458 45.4142 0
      vertex 95.4944 45.6667 0
    endloop
  endfacet
  facet normal -0 0 1
    outer loop
      vertex 94.1257 -44.2239 0
      vertex 95.9424 -44.5853 0
      vertex 94.1422 -44.1125 0
    endloop
  endfacet
  facet normal 0 0 1
    outer loop
      vertex 93.9544 44.6376 0
      vertex 95.4944 45.6667 0
      vertex 95.319 45.9032 0
    endloop
  endfacet
  facet normal 0 0 1
    outer loop
      vertex 95.9424 -44.5853 0
      vertex 94.1257 -44.2239 0
      vertex 95.8708 -44.8708 0
    endloop
  endfacet
  facet normal 0 0 1
    outer loop
      vertex 93.8873 44.7281 0
      vertex 95.319 45.9032 0
      vertex 95.1213 46.1213 0
    endloop
  endfacet
  facet normal -0 0 1
    outer loop
      vertex 94.0984 -44.3331 0
      vertex 95.8708 -44.8708 0
      vertex 94.1257 -44.2239 0
    endloop
  endfacet
  facet normal 0 0 1
    outer loop
      vertex 93.8116 44.8116 0
      vertex 95.1213 46.1213 0
      vertex 94.9032 46.319 0
    endloop
  endfacet
  facet normal 0 0 1
    outer loop
      vertex 95.8708 -44.8708 0
      vertex 94.0984 -44.3331 0
      vertex 95.7716 -45.1481 0
    endloop
  endfacet
  facet normal 0 0 1
    outer loop
      vertex 93.7281 44.8873 0
      vertex 94.9032 46.319 0
      vertex 94.6667 46.4944 0
    endloop
  endfacet
  facet normal -0 0 1
    outer loop
      vertex 94.0604 -44.4393 0
      vertex 95.7716 -45.1481 0
      vertex 94.0984 -44.3331 0
    endloop
  endfacet
  facet normal 0 0 1
    outer loop
      vertex 93.6376 44.9544 0
      vertex 94.6667 46.4944 0
      vertex 94.4142 46.6458 0
    endloop
  endfacet
  facet normal 0 0 1
    outer loop
      vertex 95.7716 -45.1481 0
      vertex 94.0604 -44.4393 0
      vertex 95.6458 -45.4142 0
    endloop
  endfacet
  facet normal -0 0 1
    outer loop
      vertex 94.0122 -44.5412 0
      vertex 95.6458 -45.4142 0
      vertex 94.0604 -44.4393 0
    endloop
  endfacet
  facet normal 0 0 1
    outer loop
      vertex 93.5412 45.0122 0
      vertex 94.4142 46.6458 0
      vertex 94.1481 46.7716 0
    endloop
  endfacet
  facet normal 0 0 1
    outer loop
      vertex 96 44 0
      vertex 94.1422 44.1125 0
      vertex 94.15 43.9548 0
    endloop
  endfacet
  facet normal 0 0 1
    outer loop
      vertex 95.9424 44.5853 0
      vertex 94.1257 44.2239 0
      vertex 94.1422 44.1125 0
    endloop
  endfacet
  facet normal 0 0 1
    outer loop
      vertex 95.8708 44.8708 0
      vertex 94.0984 44.3331 0
      vertex 94.1257 44.2239 0
    endloop
  endfacet
  facet normal 0 0 1
    outer loop
      vertex 95.7716 45.1481 0
      vertex 94.0604 44.4393 0
      vertex 94.0984 44.3331 0
    endloop
  endfacet
  facet normal 0 0 1
    outer loop
      vertex 95.6458 45.4142 0
      vertex 94.0122 44.5412 0
      vertex 94.0604 44.4393 0
    endloop
  endfacet
  facet normal 0 0 1
    outer loop
      vertex 95.4944 45.6667 0
      vertex 93.9544 44.6376 0
      vertex 94.0122 44.5412 0
    endloop
  endfacet
  facet normal 0 0 1
    outer loop
      vertex 95.319 45.9032 0
      vertex 93.8873 44.7281 0
      vertex 93.9544 44.6376 0
    endloop
  endfacet
  facet normal 0 0 1
    outer loop
      vertex 93.4393 45.0604 0
      vertex 94.1481 46.7716 0
      vertex 93.8708 46.8708 0
    endloop
  endfacet
  facet normal 0 0 1
    outer loop
      vertex 95.1213 46.1213 0
      vertex 93.8116 44.8116 0
      vertex 93.8873 44.7281 0
    endloop
  endfacet
  facet normal 0 0 1
    outer loop
      vertex 94.9032 46.319 0
      vertex 93.7281 44.8873 0
      vertex 93.8116 44.8116 0
    endloop
  endfacet
  facet normal 0 0 1
    outer loop
      vertex 94.6667 46.4944 0
      vertex 93.6376 44.9544 0
      vertex 93.7281 44.8873 0
    endloop
  endfacet
  facet normal 0 0 1
    outer loop
      vertex 93.3331 45.0984 0
      vertex 93.8708 46.8708 0
      vertex 93.5853 46.9424 0
    endloop
  endfacet
  facet normal 0 0 1
    outer loop
      vertex 94.4142 46.6458 0
      vertex 93.5412 45.0122 0
      vertex 93.6376 44.9544 0
    endloop
  endfacet
  facet normal 0 0 1
    outer loop
      vertex 94.1481 46.7716 0
      vertex 93.4393 45.0604 0
      vertex 93.5412 45.0122 0
    endloop
  endfacet
  facet normal 0 0 1
    outer loop
      vertex 93.8708 46.8708 0
      vertex 93.3331 45.0984 0
      vertex 93.4393 45.0604 0
    endloop
  endfacet
  facet normal 0 0 1
    outer loop
      vertex 93.2239 45.1257 0
      vertex 93.5853 46.9424 0
      vertex 93.2941 46.9855 0
    endloop
  endfacet
  facet normal 0 0 1
    outer loop
      vertex 93.5853 46.9424 0
      vertex 93.2239 45.1257 0
      vertex 93.3331 45.0984 0
    endloop
  endfacet
  facet normal 0 0 1
    outer loop
      vertex 93.2941 46.9855 0
      vertex 93.1125 45.1422 0
      vertex 93.2239 45.1257 0
    endloop
  endfacet
  facet normal 0 0 1
    outer loop
      vertex 93 47 0
      vertex 93.1125 45.1422 0
      vertex 93.2941 46.9855 0
    endloop
  endfacet
  facet normal 0 0 1
    outer loop
      vertex 93 47 0
      vertex 92.9548 45.15 0
      vertex 93.1125 45.1422 0
    endloop
  endfacet
  facet normal 0 0 1
    outer loop
      vertex 93 47 0
      vertex 87.35 45.15 0
      vertex 92.9548 45.15 0
    endloop
  endfacet
  facet normal -0 0 1
    outer loop
      vertex 85.5 44.5 0
      vertex 87.35 44.4545 0
      vertex 87.35 45.15 0
    endloop
  endfacet
  facet normal 0 0 1
    outer loop
      vertex 85.4952 44.402 0
      vertex 87.35 44.4545 0
      vertex 85.5 44.5 0
    endloop
  endfacet
  facet normal 0 0 1
    outer loop
      vertex 87.35 44.4545 0
      vertex 85.4952 44.402 0
      vertex 87.3385 44.2204 0
    endloop
  endfacet
  facet normal 0 0 1
    outer loop
      vertex 87.3385 44.2204 0
      vertex 85.4952 44.402 0
      vertex 87.2974 43.9436 0
    endloop
  endfacet
  facet normal 0 0 1
    outer loop
      vertex 87.2974 43.9436 0
      vertex 85.4808 44.3049 0
      vertex 87.2294 43.672 0
    endloop
  endfacet
  facet normal -0 0 1
    outer loop
      vertex 85.4569 44.2097 0
      vertex 87.2294 43.672 0
      vertex 85.4808 44.3049 0
    endloop
  endfacet
  facet normal -0 0 1
    outer loop
      vertex 85.4239 44.1173 0
      vertex 87.1351 43.4085 0
      vertex 85.4569 44.2097 0
    endloop
  endfacet
  facet normal 0 0 1
    outer loop
      vertex 87.1351 43.4085 0
      vertex 85.4239 44.1173 0
      vertex 87.0155 43.1555 0
    endloop
  endfacet
  facet normal 0 0 1
    outer loop
      vertex 87.0155 43.1555 0
      vertex 85.3819 44.0286 0
      vertex 86.8716 42.9154 0
    endloop
  endfacet
  facet normal -0 0 1
    outer loop
      vertex 85.3315 43.9444 0
      vertex 86.8716 42.9154 0
      vertex 85.3819 44.0286 0
    endloop
  endfacet
  facet normal -0 0 1
    outer loop
      vertex 85.273 43.8656 0
      vertex 86.7048 42.6906 0
      vertex 85.3315 43.9444 0
    endloop
  endfacet
  facet normal 0 0 1
    outer loop
      vertex 86.7048 42.6906 0
      vertex 85.273 43.8656 0
      vertex 86.5168 42.4832 0
    endloop
  endfacet
  facet normal -0 0 1
    outer loop
      vertex 85.5 47 0
      vertex 87.35 45.15 0
      vertex 93 47 0
    endloop
  endfacet
  facet normal 0 0 1
    outer loop
      vertex 85.5 44.5 0
      vertex 87.35 45.15 0
      vertex 85.5 47 0
    endloop
  endfacet
  facet normal -0 0 1
    outer loop
      vertex 85.4808 44.3049 0
      vertex 87.2974 43.9436 0
      vertex 85.4952 44.402 0
    endloop
  endfacet
  facet normal 0 0 1
    outer loop
      vertex 87.2294 43.672 0
      vertex 85.4569 44.2097 0
      vertex 87.1351 43.4085 0
    endloop
  endfacet
  facet normal -0 0 1
    outer loop
      vertex 85.3819 44.0286 0
      vertex 87.0155 43.1555 0
      vertex 85.4239 44.1173 0
    endloop
  endfacet
  facet normal 0 0 1
    outer loop
      vertex 86.8716 42.9154 0
      vertex 85.3315 43.9444 0
      vertex 86.7048 42.6906 0
    endloop
  endfacet
  facet normal -0 0 1
    outer loop
      vertex 85.2071 43.7929 0
      vertex 86.5168 42.4832 0
      vertex 85.273 43.8656 0
    endloop
  endfacet
  facet normal 0 0 1
    outer loop
      vertex 86.5168 42.4832 0
      vertex 85.2071 43.7929 0
      vertex 86.3094 42.2952 0
    endloop
  endfacet
  facet normal -0 0 1
    outer loop
      vertex 85.1344 43.727 0
      vertex 86.3094 42.2952 0
      vertex 85.2071 43.7929 0
    endloop
  endfacet
  facet normal 0 0 1
    outer loop
      vertex 86.3094 42.2952 0
      vertex 85.1344 43.727 0
      vertex 86.0846 42.1284 0
    endloop
  endfacet
  facet normal -0 0 1
    outer loop
      vertex 85.0556 43.6685 0
      vertex 86.0846 42.1284 0
      vertex 85.1344 43.727 0
    endloop
  endfacet
  facet normal 0 0 1
    outer loop
      vertex 86.0846 42.1284 0
      vertex 85.0556 43.6685 0
      vertex 85.8445 41.9845 0
    endloop
  endfacet
  facet normal -0 0 1
    outer loop
      vertex 84.9714 43.6181 0
      vertex 85.8445 41.9845 0
      vertex 85.0556 43.6685 0
    endloop
  endfacet
  facet normal 0 0 1
    outer loop
      vertex 85.8445 41.9845 0
      vertex 84.9714 43.6181 0
      vertex 85.5915 41.8649 0
    endloop
  endfacet
  facet normal -0 0 1
    outer loop
      vertex 84.8827 43.5761 0
      vertex 85.5915 41.8649 0
      vertex 84.9714 43.6181 0
    endloop
  endfacet
  facet normal 0 0 1
    outer loop
      vertex 85.5915 41.8649 0
      vertex 84.8827 43.5761 0
      vertex 85.328 41.7706 0
    endloop
  endfacet
  facet normal -0 0 1
    outer loop
      vertex 84.7903 43.5431 0
      vertex 85.328 41.7706 0
      vertex 84.8827 43.5761 0
    endloop
  endfacet
  facet normal 0 0 1
    outer loop
      vertex 85.328 41.7706 0
      vertex 84.7903 43.5431 0
      vertex 85.0564 41.7026 0
    endloop
  endfacet
  facet normal -0 0 1
    outer loop
      vertex 84.6951 43.5192 0
      vertex 85.0564 41.7026 0
      vertex 84.7903 43.5431 0
    endloop
  endfacet
  facet normal 0 0 1
    outer loop
      vertex 85.0564 41.7026 0
      vertex 84.6951 43.5192 0
      vertex 84.7796 41.6615 0
    endloop
  endfacet
  facet normal -0 0 1
    outer loop
      vertex 84.598 43.5048 0
      vertex 84.7796 41.6615 0
      vertex 84.6951 43.5192 0
    endloop
  endfacet
  facet normal 0 0 1
    outer loop
      vertex 84.598 43.5048 0
      vertex 84.5455 41.65 0
      vertex 84.7796 41.6615 0
    endloop
  endfacet
  facet normal -0 0 1
    outer loop
      vertex 84.5 43.5 0
      vertex 84.5455 41.65 0
      vertex 84.598 43.5048 0
    endloop
  endfacet
  facet normal -0 0 1
    outer loop
      vertex 81.5 43.5 0
      vertex 84.5455 41.65 0
      vertex 84.5 43.5 0
    endloop
  endfacet
  facet normal 0 0 1
    outer loop
      vertex 81.5 43.5 0
      vertex 81.4545 41.65 0
      vertex 84.5455 41.65 0
    endloop
  endfacet
  facet normal 0 0 1
    outer loop
      vertex 81.402 43.5048 0
      vertex 81.4545 41.65 0
      vertex 81.5 43.5 0
    endloop
  endfacet
  facet normal 0 0 1
    outer loop
      vertex 81.2204 41.6615 0
      vertex 81.402 43.5048 0
      vertex 81.3049 43.5192 0
    endloop
  endfacet
  facet normal 0 0 1
    outer loop
      vertex 81.402 43.5048 0
      vertex 81.2204 41.6615 0
      vertex 81.4545 41.65 0
    endloop
  endfacet
  facet normal 0 0 1
    outer loop
      vertex 80.9436 41.7026 0
      vertex 81.3049 43.5192 0
      vertex 81.2097 43.5431 0
    endloop
  endfacet
  facet normal 0 0 1
    outer loop
      vertex 80.672 41.7706 0
      vertex 81.2097 43.5431 0
      vertex 81.1173 43.5761 0
    endloop
  endfacet
  facet normal 0 0 1
    outer loop
      vertex 80.4085 41.8649 0
      vertex 81.1173 43.5761 0
      vertex 81.0286 43.6181 0
    endloop
  endfacet
  facet normal 0 0 1
    outer loop
      vertex 80.4085 41.8649 0
      vertex 81.0286 43.6181 0
      vertex 80.9444 43.6685 0
    endloop
  endfacet
  facet normal 0 0 1
    outer loop
      vertex 81.3049 43.5192 0
      vertex 80.9436 41.7026 0
      vertex 81.2204 41.6615 0
    endloop
  endfacet
  facet normal 0 0 1
    outer loop
      vertex 80.4085 41.8649 0
      vertex 80.9444 43.6685 0
      vertex 80.8656 43.727 0
    endloop
  endfacet
  facet normal 0 0 1
    outer loop
      vertex 80.4085 41.8649 0
      vertex 80.8656 43.727 0
      vertex 80.7929 43.7929 0
    endloop
  endfacet
  facet normal 0 0 1
    outer loop
      vertex 80.4085 41.8649 0
      vertex 80.7929 43.7929 0
      vertex 80.727 43.8656 0
    endloop
  endfacet
  facet normal 0 0 1
    outer loop
      vertex 81.2097 43.5431 0
      vertex 80.672 41.7706 0
      vertex 80.9436 41.7026 0
    endloop
  endfacet
  facet normal 0 0 1
    outer loop
      vertex 80.4085 41.8649 0
      vertex 80.727 43.8656 0
      vertex 80.6685 43.9444 0
    endloop
  endfacet
  facet normal 0 0 1
    outer loop
      vertex 80.4085 41.8649 0
      vertex 80.6685 43.9444 0
      vertex 80.6181 44.0286 0
    endloop
  endfacet
  facet normal 0 0 1
    outer loop
      vertex 80.4085 41.8649 0
      vertex 80.6181 44.0286 0
      vertex 80.5761 44.1173 0
    endloop
  endfacet
  facet normal 0 0 1
    outer loop
      vertex 80.4085 41.8649 0
      vertex 80.5761 44.1173 0
      vertex 80.5431 44.2097 0
    endloop
  endfacet
  facet normal 0 0 1
    outer loop
      vertex 80.4085 41.8649 0
      vertex 80.5431 44.2097 0
      vertex 80.5192 44.3049 0
    endloop
  endfacet
  facet normal 0 0 1
    outer loop
      vertex 80.4085 41.8649 0
      vertex 80.5192 44.3049 0
      vertex 80.5048 44.402 0
    endloop
  endfacet
  facet normal 0 0 1
    outer loop
      vertex 81.1173 43.5761 0
      vertex 80.4085 41.8649 0
      vertex 80.672 41.7706 0
    endloop
  endfacet
  facet normal 0 0 1
    outer loop
      vertex 80.4085 41.8649 0
      vertex 80.5048 44.402 0
      vertex 80.5 44.5 0
    endloop
  endfacet
  facet normal 0 0 1
    outer loop
      vertex 95.6458 -45.4142 0
      vertex 94.0122 -44.5412 0
      vertex 95.4944 -45.6667 0
    endloop
  endfacet
  facet normal -0 0 1
    outer loop
      vertex 93.9544 -44.6376 0
      vertex 95.4944 -45.6667 0
      vertex 94.0122 -44.5412 0
    endloop
  endfacet
  facet normal 0 0 1
    outer loop
      vertex 95.4944 -45.6667 0
      vertex 93.9544 -44.6376 0
      vertex 95.319 -45.9032 0
    endloop
  endfacet
  facet normal -0 0 1
    outer loop
      vertex 93.8873 -44.7281 0
      vertex 95.319 -45.9032 0
      vertex 93.9544 -44.6376 0
    endloop
  endfacet
  facet normal 0 0 1
    outer loop
      vertex 95.319 -45.9032 0
      vertex 93.8873 -44.7281 0
      vertex 95.1213 -46.1213 0
    endloop
  endfacet
  facet normal -0 0 1
    outer loop
      vertex 93.8116 -44.8116 0
      vertex 95.1213 -46.1213 0
      vertex 93.8873 -44.7281 0
    endloop
  endfacet
  facet normal 0 0 1
    outer loop
      vertex 95.1213 -46.1213 0
      vertex 93.8116 -44.8116 0
      vertex 94.9032 -46.319 0
    endloop
  endfacet
  facet normal -0 0 1
    outer loop
      vertex 93.7281 -44.8873 0
      vertex 94.9032 -46.319 0
      vertex 93.8116 -44.8116 0
    endloop
  endfacet
  facet normal 0 0 1
    outer loop
      vertex 94.9032 -46.319 0
      vertex 93.7281 -44.8873 0
      vertex 94.6667 -46.4944 0
    endloop
  endfacet
  facet normal -0 0 1
    outer loop
      vertex 93.6376 -44.9544 0
      vertex 94.6667 -46.4944 0
      vertex 93.7281 -44.8873 0
    endloop
  endfacet
  facet normal 0 0 1
    outer loop
      vertex 94.6667 -46.4944 0
      vertex 93.6376 -44.9544 0
      vertex 94.4142 -46.6458 0
    endloop
  endfacet
  facet normal -0 0 1
    outer loop
      vertex 93.5412 -45.0122 0
      vertex 94.4142 -46.6458 0
      vertex 93.6376 -44.9544 0
    endloop
  endfacet
  facet normal 0 0 1
    outer loop
      vertex 94.4142 -46.6458 0
      vertex 93.5412 -45.0122 0
      vertex 94.1481 -46.7716 0
    endloop
  endfacet
  facet normal -0 0 1
    outer loop
      vertex 93.4393 -45.0604 0
      vertex 94.1481 -46.7716 0
      vertex 93.5412 -45.0122 0
    endloop
  endfacet
  facet normal 0 0 1
    outer loop
      vertex 94.1481 -46.7716 0
      vertex 93.4393 -45.0604 0
      vertex 93.8708 -46.8708 0
    endloop
  endfacet
  facet normal -0 0 1
    outer loop
      vertex 93.3331 -45.0984 0
      vertex 93.8708 -46.8708 0
      vertex 93.4393 -45.0604 0
    endloop
  endfacet
  facet normal 0 0 1
    outer loop
      vertex 93.8708 -46.8708 0
      vertex 93.3331 -45.0984 0
      vertex 93.5853 -46.9424 0
    endloop
  endfacet
  facet normal -0 0 1
    outer loop
      vertex 93.2239 -45.1257 0
      vertex 93.5853 -46.9424 0
      vertex 93.3331 -45.0984 0
    endloop
  endfacet
  facet normal 0 0 1
    outer loop
      vertex 93.5853 -46.9424 0
      vertex 93.2239 -45.1257 0
      vertex 93.2941 -46.9855 0
    endloop
  endfacet
  facet normal -0 0 1
    outer loop
      vertex 93.1125 -45.1422 0
      vertex 93.2941 -46.9855 0
      vertex 93.2239 -45.1257 0
    endloop
  endfacet
  facet normal 0 0 1
    outer loop
      vertex 93.1125 -45.1422 0
      vertex 93 -47 0
      vertex 93.2941 -46.9855 0
    endloop
  endfacet
  facet normal -0 0 1
    outer loop
      vertex 92.9548 -45.15 0
      vertex 93 -47 0
      vertex 93.1125 -45.1422 0
    endloop
  endfacet
  facet normal -0 0 1
    outer loop
      vertex 20.7663 -45.15 0
      vertex 93 -47 0
      vertex 92.9548 -45.15 0
    endloop
  endfacet
  facet normal 0 0 1
    outer loop
      vertex 20.7663 -45.15 0
      vertex 20 -47 0
      vertex 93 -47 0
    endloop
  endfacet
  facet normal 0 0 1
    outer loop
      vertex 7.85001 -32.2337 0
      vertex 20 -47 0
      vertex 20.7663 -45.15 0
    endloop
  endfacet
  facet normal 0 0 1
    outer loop
      vertex 7.98781 44.5412 0
      vertex 6.35423 45.4142 0
      vertex 7.93962 44.4393 0
    endloop
  endfacet
  facet normal -0 0 1
    outer loop
      vertex 6.22836 45.1481 0
      vertex 7.93962 44.4393 0
      vertex 6.35423 45.4142 0
    endloop
  endfacet
  facet normal 0 0 1
    outer loop
      vertex 7.93962 44.4393 0
      vertex 6.22836 45.1481 0
      vertex 7.90164 44.3331 0
    endloop
  endfacet
  facet normal -0 0 1
    outer loop
      vertex 6.12918 44.8708 0
      vertex 7.90164 44.3331 0
      vertex 6.22836 45.1481 0
    endloop
  endfacet
  facet normal 0 0 1
    outer loop
      vertex 7.90164 44.3331 0
      vertex 6.12918 44.8708 0
      vertex 7.87428 44.2239 0
    endloop
  endfacet
  facet normal -0 0 1
    outer loop
      vertex 6.05765 44.5853 0
      vertex 7.87428 44.2239 0
      vertex 6.12918 44.8708 0
    endloop
  endfacet
  facet normal 0 0 1
    outer loop
      vertex 7.87428 44.2239 0
      vertex 6.05765 44.5853 0
      vertex 7.85776 44.1125 0
    endloop
  endfacet
  facet normal -0 0 1
    outer loop
      vertex 6.01445 44.2941 0
      vertex 7.85776 44.1125 0
      vertex 6.05765 44.5853 0
    endloop
  endfacet
  facet normal 0 0 1
    outer loop
      vertex 6 44 0
      vertex 7.85776 44.1125 0
      vertex 6.01445 44.2941 0
    endloop
  endfacet
  facet normal 0 0 1
    outer loop
      vertex 7.85776 44.1125 0
      vertex 6 44 0
      vertex 7.85001 43.9548 0
    endloop
  endfacet
  facet normal 0 0 1
    outer loop
      vertex 7.85001 43.9548 0
      vertex 6 44 0
      vertex 7.85001 -32.2337 0
    endloop
  endfacet
  facet normal 0 0 1
    outer loop
      vertex 7.85001 -32.2337 0
      vertex 6 -33 0
      vertex 20 -47 0
    endloop
  endfacet
  facet normal 0 0 1
    outer loop
      vertex 6 -33 0
      vertex 7.85001 -32.2337 0
      vertex 6 44 0
    endloop
  endfacet
  facet normal 0 0 1
    outer loop
      vertex 80.5 44.5 0
      vertex 78.65 44.4545 0
      vertex 78.6615 44.2204 0
    endloop
  endfacet
  facet normal 0 0 1
    outer loop
      vertex 25.2686 42.6509 0
      vertex 23.452 43.0123 0
      vertex 25.1648 42.2366 0
    endloop
  endfacet
  facet normal -0 0 1
    outer loop
      vertex 23.3097 42.5433 0
      vertex 25.0209 41.8345 0
      vertex 23.3923 42.7743 0
    endloop
  endfacet
  facet normal 0 0 1
    outer loop
      vertex 24.8383 41.4484 0
      vertex 23.2048 42.3215 0
      vertex 24.6187 41.082 0
    endloop
  endfacet
  facet normal -0 0 1
    outer loop
      vertex 23.0787 42.1111 0
      vertex 24.6187 41.082 0
      vertex 23.2048 42.3215 0
    endloop
  endfacet
  facet normal 0 0 1
    outer loop
      vertex 24.6187 41.082 0
      vertex 23.0787 42.1111 0
      vertex 24.3643 40.7389 0
    endloop
  endfacet
  facet normal -0 0 1
    outer loop
      vertex 22.9325 41.914 0
      vertex 24.3643 40.7389 0
      vertex 23.0787 42.1111 0
    endloop
  endfacet
  facet normal 0 0 1
    outer loop
      vertex 24.3643 40.7389 0
      vertex 22.9325 41.914 0
      vertex 24.0775 40.4225 0
    endloop
  endfacet
  facet normal -0 0 1
    outer loop
      vertex 22.7678 41.7322 0
      vertex 24.0775 40.4225 0
      vertex 22.9325 41.914 0
    endloop
  endfacet
  facet normal 0 0 1
    outer loop
      vertex 24.0775 40.4225 0
      vertex 22.7678 41.7322 0
      vertex 23.7611 40.1357 0
    endloop
  endfacet
  facet normal -0 0 1
    outer loop
      vertex 22.586 41.5675 0
      vertex 23.7611 40.1357 0
      vertex 22.7678 41.7322 0
    endloop
  endfacet
  facet normal 0 0 1
    outer loop
      vertex 23.7611 40.1357 0
      vertex 22.586 41.5675 0
      vertex 23.418 39.8813 0
    endloop
  endfacet
  facet normal -0 0 1
    outer loop
      vertex 22.3889 41.4213 0
      vertex 23.418 39.8813 0
      vertex 22.586 41.5675 0
    endloop
  endfacet
  facet normal 0 0 1
    outer loop
      vertex 23.418 39.8813 0
      vertex 22.3889 41.4213 0
      vertex 23.0516 39.6617 0
    endloop
  endfacet
  facet normal -0 0 1
    outer loop
      vertex 22.1785 41.2952 0
      vertex 23.0516 39.6617 0
      vertex 22.3889 41.4213 0
    endloop
  endfacet
  facet normal 0 0 1
    outer loop
      vertex 23.0516 39.6617 0
      vertex 22.1785 41.2952 0
      vertex 22.6655 39.4791 0
    endloop
  endfacet
  facet normal -0 0 1
    outer loop
      vertex 21.9567 41.1903 0
      vertex 22.6655 39.4791 0
      vertex 22.1785 41.2952 0
    endloop
  endfacet
  facet normal 0 0 1
    outer loop
      vertex 22.6655 39.4791 0
      vertex 21.9567 41.1903 0
      vertex 22.2634 39.3352 0
    endloop
  endfacet
  facet normal -0 0 1
    outer loop
      vertex 21.7257 41.1077 0
      vertex 22.2634 39.3352 0
      vertex 21.9567 41.1903 0
    endloop
  endfacet
  facet normal 0 0 1
    outer loop
      vertex 22.2634 39.3352 0
      vertex 21.7257 41.1077 0
      vertex 21.8491 39.2314 0
    endloop
  endfacet
  facet normal -0 0 1
    outer loop
      vertex 21.4877 41.048 0
      vertex 21.8491 39.2314 0
      vertex 21.7257 41.1077 0
    endloop
  endfacet
  facet normal 0 0 1
    outer loop
      vertex 21.4877 41.048 0
      vertex 21.4266 39.1687 0
      vertex 21.8491 39.2314 0
    endloop
  endfacet
  facet normal -0 0 1
    outer loop
      vertex 21.245 41.012 0
      vertex 21.4266 39.1687 0
      vertex 21.4877 41.048 0
    endloop
  endfacet
  facet normal 0 0 1
    outer loop
      vertex 21.245 41.012 0
      vertex 21.0454 39.15 0
      vertex 21.4266 39.1687 0
    endloop
  endfacet
  facet normal -0 0 1
    outer loop
      vertex 21 41 0
      vertex 21.0454 39.15 0
      vertex 21.245 41.012 0
    endloop
  endfacet
  facet normal -0 0 1
    outer loop
      vertex 17 41 0
      vertex 21.0454 39.15 0
      vertex 21 41 0
    endloop
  endfacet
  facet normal 0 0 1
    outer loop
      vertex 17 41 0
      vertex 16.9546 39.15 0
      vertex 21.0454 39.15 0
    endloop
  endfacet
  facet normal 0 0 1
    outer loop
      vertex 16.755 41.012 0
      vertex 16.9546 39.15 0
      vertex 17 41 0
    endloop
  endfacet
  facet normal 0 0 1
    outer loop
      vertex 16.755 41.012 0
      vertex 16.5734 39.1687 0
      vertex 16.9546 39.15 0
    endloop
  endfacet
  facet normal 0 0 1
    outer loop
      vertex 16.5123 41.048 0
      vertex 16.5734 39.1687 0
      vertex 16.755 41.012 0
    endloop
  endfacet
  facet normal 0 0 1
    outer loop
      vertex 16.1509 39.2314 0
      vertex 16.5123 41.048 0
      vertex 16.2743 41.1077 0
    endloop
  endfacet
  facet normal 0 0 1
    outer loop
      vertex 16.5123 41.048 0
      vertex 16.1509 39.2314 0
      vertex 16.5734 39.1687 0
    endloop
  endfacet
  facet normal 0 0 1
    outer loop
      vertex 15.7366 39.3352 0
      vertex 16.2743 41.1077 0
      vertex 16.0433 41.1903 0
    endloop
  endfacet
  facet normal 0 0 1
    outer loop
      vertex 15.3345 39.4791 0
      vertex 16.0433 41.1903 0
      vertex 15.8215 41.2952 0
    endloop
  endfacet
  facet normal 0 0 1
    outer loop
      vertex 16.2743 41.1077 0
      vertex 15.7366 39.3352 0
      vertex 16.1509 39.2314 0
    endloop
  endfacet
  facet normal 0 0 1
    outer loop
      vertex 14.9484 39.6617 0
      vertex 15.8215 41.2952 0
      vertex 15.6111 41.4213 0
    endloop
  endfacet
  facet normal 0 0 1
    outer loop
      vertex 14.582 39.8813 0
      vertex 15.6111 41.4213 0
      vertex 15.414 41.5675 0
    endloop
  endfacet
  facet normal 0 0 1
    outer loop
      vertex 16.0433 41.1903 0
      vertex 15.3345 39.4791 0
      vertex 15.7366 39.3352 0
    endloop
  endfacet
  facet normal 0 0 1
    outer loop
      vertex 14.2389 40.1357 0
      vertex 15.414 41.5675 0
      vertex 15.2322 41.7322 0
    endloop
  endfacet
  facet normal 0 0 1
    outer loop
      vertex 14.2389 40.1357 0
      vertex 15.2322 41.7322 0
      vertex 15.0675 41.914 0
    endloop
  endfacet
  facet normal 0 0 1
    outer loop
      vertex 15.8215 41.2952 0
      vertex 14.9484 39.6617 0
      vertex 15.3345 39.4791 0
    endloop
  endfacet
  facet normal 0 0 1
    outer loop
      vertex 14.2389 40.1357 0
      vertex 15.0675 41.914 0
      vertex 14.9213 42.1111 0
    endloop
  endfacet
  facet normal 0 0 1
    outer loop
      vertex 14.2389 40.1357 0
      vertex 14.9213 42.1111 0
      vertex 14.7952 42.3215 0
    endloop
  endfacet
  facet normal 0 0 1
    outer loop
      vertex 14.2389 40.1357 0
      vertex 14.7952 42.3215 0
      vertex 14.6903 42.5433 0
    endloop
  endfacet
  facet normal 0 0 1
    outer loop
      vertex 14.2389 40.1357 0
      vertex 14.6903 42.5433 0
      vertex 14.6077 42.7743 0
    endloop
  endfacet
  facet normal 0 0 1
    outer loop
      vertex 15.6111 41.4213 0
      vertex 14.582 39.8813 0
      vertex 14.9484 39.6617 0
    endloop
  endfacet
  facet normal 0 0 1
    outer loop
      vertex 14.2389 40.1357 0
      vertex 14.6077 42.7743 0
      vertex 14.548 43.0123 0
    endloop
  endfacet
  facet normal 0 0 1
    outer loop
      vertex 14.2389 40.1357 0
      vertex 14.548 43.0123 0
      vertex 14.512 43.255 0
    endloop
  endfacet
  facet normal 0 0 1
    outer loop
      vertex 14.2389 40.1357 0
      vertex 14.512 43.255 0
      vertex 14.5 43.5 0
    endloop
  endfacet
  facet normal 0 0 1
    outer loop
      vertex 15.414 41.5675 0
      vertex 14.2389 40.1357 0
      vertex 14.582 39.8813 0
    endloop
  endfacet
  facet normal 0 0 1
    outer loop
      vertex 14.5 43.5 0
      vertex 12.65 43.4546 0
      vertex 12.6687 43.0734 0
    endloop
  endfacet
  facet normal 0 0 1
    outer loop
      vertex 11.25 43.75 0
      vertex 9.25 43.75 0
      vertex 11.25 43.4202 0
    endloop
  endfacet
  facet normal 0 0 1
    outer loop
      vertex 88.6722 43.6702 0
      vertex 92.75 43.75 0
      vertex 88.684 43.75 0
    endloop
  endfacet
  facet normal 0 0 1
    outer loop
      vertex 88.5707 43.2651 0
      vertex 92.75 43.75 0
      vertex 88.6722 43.6702 0
    endloop
  endfacet
  facet normal 0 0 1
    outer loop
      vertex 88.4301 42.8721 0
      vertex 92.75 43.75 0
      vertex 88.5707 43.2651 0
    endloop
  endfacet
  facet normal 0 0 1
    outer loop
      vertex 88.2516 42.4948 0
      vertex 92.75 43.75 0
      vertex 88.4301 42.8721 0
    endloop
  endfacet
  facet normal 0 0 1
    outer loop
      vertex 88.037 42.1367 0
      vertex 92.75 43.75 0
      vertex 88.2516 42.4948 0
    endloop
  endfacet
  facet normal 0 0 1
    outer loop
      vertex 87.7883 41.8013 0
      vertex 92.75 43.75 0
      vertex 88.037 42.1367 0
    endloop
  endfacet
  facet normal 0 0 1
    outer loop
      vertex 87.508 41.492 0
      vertex 92.75 43.75 0
      vertex 87.7883 41.8013 0
    endloop
  endfacet
  facet normal 0 0 1
    outer loop
      vertex 87.1987 41.2117 0
      vertex 92.75 43.75 0
      vertex 87.508 41.492 0
    endloop
  endfacet
  facet normal 0 0 1
    outer loop
      vertex 86.8633 40.963 0
      vertex 92.75 43.75 0
      vertex 87.1987 41.2117 0
    endloop
  endfacet
  facet normal 0 0 1
    outer loop
      vertex 86.5052 40.7484 0
      vertex 92.75 43.75 0
      vertex 86.8633 40.963 0
    endloop
  endfacet
  facet normal 0 0 1
    outer loop
      vertex 92.75 43.75 0
      vertex 86.5052 40.7484 0
      vertex 92.75 -43.75 0
    endloop
  endfacet
  facet normal -0 0 1
    outer loop
      vertex 86.1279 40.5699 0
      vertex 92.75 -43.75 0
      vertex 86.5052 40.7484 0
    endloop
  endfacet
  facet normal -0 0 1
    outer loop
      vertex 85.7349 40.4293 0
      vertex 92.75 -43.75 0
      vertex 86.1279 40.5699 0
    endloop
  endfacet
  facet normal -0 0 1
    outer loop
      vertex 85.3298 40.3278 0
      vertex 92.75 -43.75 0
      vertex 85.7349 40.4293 0
    endloop
  endfacet
  facet normal -0 0 1
    outer loop
      vertex 84.9169 40.2666 0
      vertex 92.75 -43.75 0
      vertex 85.3298 40.3278 0
    endloop
  endfacet
  facet normal -0 0 1
    outer loop
      vertex 84.5799 40.25 0
      vertex 92.75 -43.75 0
      vertex 84.9169 40.2666 0
    endloop
  endfacet
  facet normal -0 0 1
    outer loop
      vertex 81.4201 40.25 0
      vertex 92.75 -43.75 0
      vertex 84.5799 40.25 0
    endloop
  endfacet
  facet normal 0 0 1
    outer loop
      vertex 81.0831 40.2666 0
      vertex 92.75 -43.75 0
      vertex 81.4201 40.25 0
    endloop
  endfacet
  facet normal 0 0 1
    outer loop
      vertex 80.6702 40.3278 0
      vertex 92.75 -43.75 0
      vertex 81.0831 40.2666 0
    endloop
  endfacet
  facet normal 0 0 1
    outer loop
      vertex 80.2651 40.4293 0
      vertex 92.75 -43.75 0
      vertex 80.6702 40.3278 0
    endloop
  endfacet
  facet normal 0 0 1
    outer loop
      vertex 79.8721 40.5699 0
      vertex 92.75 -43.75 0
      vertex 80.2651 40.4293 0
    endloop
  endfacet
  facet normal 0 0 1
    outer loop
      vertex 79.4948 40.7484 0
      vertex 92.75 -43.75 0
      vertex 79.8721 40.5699 0
    endloop
  endfacet
  facet normal 0 0 1
    outer loop
      vertex 24.1967 38.7158 0
      vertex 79.4948 40.7484 0
      vertex 79.1367 40.963 0
    endloop
  endfacet
  facet normal 0 0 1
    outer loop
      vertex 24.6503 39.0522 0
      vertex 79.1367 40.963 0
      vertex 78.8013 41.2117 0
    endloop
  endfacet
  facet normal 0 0 1
    outer loop
      vertex 25.0686 39.4314 0
      vertex 78.8013 41.2117 0
      vertex 78.492 41.492 0
    endloop
  endfacet
  facet normal 0 0 1
    outer loop
      vertex 25.4478 39.8497 0
      vertex 78.492 41.492 0
      vertex 78.2117 41.8013 0
    endloop
  endfacet
  facet normal 0 0 1
    outer loop
      vertex 25.7842 40.3033 0
      vertex 78.2117 41.8013 0
      vertex 77.963 42.1367 0
    endloop
  endfacet
  facet normal 0 0 1
    outer loop
      vertex 26.0745 40.7877 0
      vertex 77.963 42.1367 0
      vertex 77.7484 42.4948 0
    endloop
  endfacet
  facet normal 0 0 1
    outer loop
      vertex 26.3159 41.2981 0
      vertex 77.7484 42.4948 0
      vertex 77.5699 42.8721 0
    endloop
  endfacet
  facet normal 0 0 1
    outer loop
      vertex 26.5061 41.8297 0
      vertex 77.5699 42.8721 0
      vertex 77.4293 43.2651 0
    endloop
  endfacet
  facet normal 0 0 1
    outer loop
      vertex 26.6434 42.3774 0
      vertex 77.4293 43.2651 0
      vertex 77.3278 43.6702 0
    endloop
  endfacet
  facet normal 0 0 1
    outer loop
      vertex 26.75 43.4202 0
      vertex 77.316 43.75 0
      vertex 26.75 43.75 0
    endloop
  endfacet
  facet normal 0 0 1
    outer loop
      vertex 26.7262 42.936 0
      vertex 77.316 43.75 0
      vertex 26.75 43.4202 0
    endloop
  endfacet
  facet normal 0 0 1
    outer loop
      vertex 77.316 43.75 0
      vertex 26.7262 42.936 0
      vertex 77.3278 43.6702 0
    endloop
  endfacet
  facet normal 0 0 1
    outer loop
      vertex 26.6434 42.3774 0
      vertex 77.3278 43.6702 0
      vertex 26.7262 42.936 0
    endloop
  endfacet
  facet normal 0 0 1
    outer loop
      vertex 77.4293 43.2651 0
      vertex 26.6434 42.3774 0
      vertex 26.5061 41.8297 0
    endloop
  endfacet
  facet normal 0 0 1
    outer loop
      vertex 77.5699 42.8721 0
      vertex 26.5061 41.8297 0
      vertex 26.3159 41.2981 0
    endloop
  endfacet
  facet normal 0 0 1
    outer loop
      vertex 77.7484 42.4948 0
      vertex 26.3159 41.2981 0
      vertex 26.0745 40.7877 0
    endloop
  endfacet
  facet normal 0 0 1
    outer loop
      vertex 77.963 42.1367 0
      vertex 26.0745 40.7877 0
      vertex 25.7842 40.3033 0
    endloop
  endfacet
  facet normal 0 0 1
    outer loop
      vertex 78.2117 41.8013 0
      vertex 25.7842 40.3033 0
      vertex 25.4478 39.8497 0
    endloop
  endfacet
  facet normal 0 0 1
    outer loop
      vertex 78.492 41.492 0
      vertex 25.4478 39.8497 0
      vertex 25.0686 39.4314 0
    endloop
  endfacet
  facet normal 0 0 1
    outer loop
      vertex 78.8013 41.2117 0
      vertex 25.0686 39.4314 0
      vertex 24.6503 39.0522 0
    endloop
  endfacet
  facet normal 0 0 1
    outer loop
      vertex 79.1367 40.963 0
      vertex 24.6503 39.0522 0
      vertex 24.1967 38.7158 0
    endloop
  endfacet
  facet normal 0 0 1
    outer loop
      vertex 79.4948 40.7484 0
      vertex 24.1967 38.7158 0
      vertex 21.3462 -43.75 0
    endloop
  endfacet
  facet normal 0 0 1
    outer loop
      vertex 21.3462 -43.75 0
      vertex 24.1967 38.7158 0
      vertex 23.7123 38.4255 0
    endloop
  endfacet
  facet normal 0 0 1
    outer loop
      vertex 9.25 -31.6538 0
      vertex 23.7123 38.4255 0
      vertex 23.2019 38.1841 0
    endloop
  endfacet
  facet normal 0 0 1
    outer loop
      vertex 9.25 -31.6538 0
      vertex 23.2019 38.1841 0
      vertex 22.6703 37.9939 0
    endloop
  endfacet
  facet normal 0 0 1
    outer loop
      vertex 9.25 -31.6538 0
      vertex 22.6703 37.9939 0
      vertex 22.1226 37.8566 0
    endloop
  endfacet
  facet normal 0 0 1
    outer loop
      vertex 9.25 -31.6538 0
      vertex 22.1226 37.8566 0
      vertex 21.564 37.7738 0
    endloop
  endfacet
  facet normal 0 0 1
    outer loop
      vertex 79.4948 40.7484 0
      vertex 21.3462 -43.75 0
      vertex 92.75 -43.75 0
    endloop
  endfacet
  facet normal 0 0 1
    outer loop
      vertex 9.25 -31.6538 0
      vertex 21.564 37.7738 0
      vertex 21.0798 37.75 0
    endloop
  endfacet
  facet normal 0 0 1
    outer loop
      vertex 9.25 -31.6538 0
      vertex 21.0798 37.75 0
      vertex 16.9202 37.75 0
    endloop
  endfacet
  facet normal 0 0 1
    outer loop
      vertex 9.25 -31.6538 0
      vertex 16.9202 37.75 0
      vertex 16.436 37.7738 0
    endloop
  endfacet
  facet normal 0 0 1
    outer loop
      vertex 9.25 -31.6538 0
      vertex 16.436 37.7738 0
      vertex 15.8774 37.8566 0
    endloop
  endfacet
  facet normal 0 0 1
    outer loop
      vertex 9.25 -31.6538 0
      vertex 15.8774 37.8566 0
      vertex 15.3297 37.9939 0
    endloop
  endfacet
  facet normal 0 0 1
    outer loop
      vertex 9.25 -31.6538 0
      vertex 15.3297 37.9939 0
      vertex 14.7981 38.1841 0
    endloop
  endfacet
  facet normal 0 0 1
    outer loop
      vertex 9.25 -31.6538 0
      vertex 14.7981 38.1841 0
      vertex 14.2877 38.4255 0
    endloop
  endfacet
  facet normal 0 0 1
    outer loop
      vertex 9.25 -31.6538 0
      vertex 14.2877 38.4255 0
      vertex 13.8033 38.7158 0
    endloop
  endfacet
  facet normal 0 0 1
    outer loop
      vertex 9.25 -31.6538 0
      vertex 13.8033 38.7158 0
      vertex 13.3497 39.0522 0
    endloop
  endfacet
  facet normal 0 0 1
    outer loop
      vertex 9.25 -31.6538 0
      vertex 13.3497 39.0522 0
      vertex 12.9314 39.4314 0
    endloop
  endfacet
  facet normal 0 0 1
    outer loop
      vertex 9.25 -31.6538 0
      vertex 12.9314 39.4314 0
      vertex 12.5522 39.8497 0
    endloop
  endfacet
  facet normal 0 0 1
    outer loop
      vertex 9.25 43.75 0
      vertex 12.5522 39.8497 0
      vertex 12.2158 40.3033 0
    endloop
  endfacet
  facet normal 0 0 1
    outer loop
      vertex 9.25 43.75 0
      vertex 12.2158 40.3033 0
      vertex 11.9255 40.7877 0
    endloop
  endfacet
  facet normal 0 0 1
    outer loop
      vertex 9.25 43.75 0
      vertex 11.9255 40.7877 0
      vertex 11.6841 41.2981 0
    endloop
  endfacet
  facet normal 0 0 1
    outer loop
      vertex 9.25 43.75 0
      vertex 11.6841 41.2981 0
      vertex 11.4939 41.8297 0
    endloop
  endfacet
  facet normal 0 0 1
    outer loop
      vertex 9.25 43.75 0
      vertex 11.4939 41.8297 0
      vertex 11.3566 42.3774 0
    endloop
  endfacet
  facet normal 0 0 1
    outer loop
      vertex 9.25 43.75 0
      vertex 11.3566 42.3774 0
      vertex 11.2738 42.936 0
    endloop
  endfacet
  facet normal 0 0 1
    outer loop
      vertex 9.25 43.75 0
      vertex 11.2738 42.936 0
      vertex 11.25 43.4202 0
    endloop
  endfacet
  facet normal 0 0 1
    outer loop
      vertex 12.5522 39.8497 0
      vertex 9.25 43.75 0
      vertex 9.25 -31.6538 0
    endloop
  endfacet
  facet normal 0 0 1
    outer loop
      vertex 23.7123 38.4255 0
      vertex 9.25 -31.6538 0
      vertex 21.3462 -43.75 0
    endloop
  endfacet
  facet normal 0 0 -1
    outer loop
      vertex 93 -47 -1.6
      vertex 96 -44 -1.6
      vertex 95.9855 -44.2941 -1.6
    endloop
  endfacet
  facet normal 0 0 -1
    outer loop
      vertex 96 -44 -1.6
      vertex 84.6951 43.5192 -1.6
      vertex 96 44 -1.6
    endloop
  endfacet
  facet normal 0 0 -1
    outer loop
      vertex 93 -47 -1.6
      vertex 95.9855 -44.2941 -1.6
      vertex 95.9424 -44.5853 -1.6
    endloop
  endfacet
  facet normal 0 -0 -1
    outer loop
      vertex 84.7903 43.5431 -1.6
      vertex 96 44 -1.6
      vertex 84.6951 43.5192 -1.6
    endloop
  endfacet
  facet normal 0 0 -1
    outer loop
      vertex 93 -47 -1.6
      vertex 95.9424 -44.5853 -1.6
      vertex 95.8708 -44.8708 -1.6
    endloop
  endfacet
  facet normal 0 -0 -1
    outer loop
      vertex 84.8827 43.5761 -1.6
      vertex 96 44 -1.6
      vertex 84.7903 43.5431 -1.6
    endloop
  endfacet
  facet normal 0 0 -1
    outer loop
      vertex 93 -47 -1.6
      vertex 95.8708 -44.8708 -1.6
      vertex 95.7716 -45.1481 -1.6
    endloop
  endfacet
  facet normal 0 -0 -1
    outer loop
      vertex 85.0556 43.6685 -1.6
      vertex 96 44 -1.6
      vertex 84.9714 43.6181 -1.6
    endloop
  endfacet
  facet normal 0 0 -1
    outer loop
      vertex 93 -47 -1.6
      vertex 95.7716 -45.1481 -1.6
      vertex 95.6458 -45.4142 -1.6
    endloop
  endfacet
  facet normal 0 -0 -1
    outer loop
      vertex 85.1344 43.727 -1.6
      vertex 96 44 -1.6
      vertex 85.0556 43.6685 -1.6
    endloop
  endfacet
  facet normal 0 0 -1
    outer loop
      vertex 93 -47 -1.6
      vertex 95.6458 -45.4142 -1.6
      vertex 95.4944 -45.6667 -1.6
    endloop
  endfacet
  facet normal 0 -0 -1
    outer loop
      vertex 85.2071 43.7929 -1.6
      vertex 96 44 -1.6
      vertex 85.1344 43.727 -1.6
    endloop
  endfacet
  facet normal 0 0 -1
    outer loop
      vertex 93 -47 -1.6
      vertex 95.4944 -45.6667 -1.6
      vertex 95.319 -45.9032 -1.6
    endloop
  endfacet
  facet normal 0 -0 -1
    outer loop
      vertex 85.273 43.8656 -1.6
      vertex 96 44 -1.6
      vertex 85.2071 43.7929 -1.6
    endloop
  endfacet
  facet normal 0 0 -1
    outer loop
      vertex 93 -47 -1.6
      vertex 95.319 -45.9032 -1.6
      vertex 95.1213 -46.1213 -1.6
    endloop
  endfacet
  facet normal 0 -0 -1
    outer loop
      vertex 85.3819 44.0286 -1.6
      vertex 96 44 -1.6
      vertex 85.3315 43.9444 -1.6
    endloop
  endfacet
  facet normal 0 0 -1
    outer loop
      vertex 93 -47 -1.6
      vertex 95.1213 -46.1213 -1.6
      vertex 94.9032 -46.319 -1.6
    endloop
  endfacet
  facet normal 0 -0 -1
    outer loop
      vertex 85.4239 44.1173 -1.6
      vertex 96 44 -1.6
      vertex 85.3819 44.0286 -1.6
    endloop
  endfacet
  facet normal 0 0 -1
    outer loop
      vertex 93 -47 -1.6
      vertex 94.9032 -46.319 -1.6
      vertex 94.6667 -46.4944 -1.6
    endloop
  endfacet
  facet normal 0 0 -1
    outer loop
      vertex 96 44 -1.6
      vertex 93 47 -1.6
      vertex 95.9855 44.2941 -1.6
    endloop
  endfacet
  facet normal 0 0 -1
    outer loop
      vertex 93 -47 -1.6
      vertex 94.6667 -46.4944 -1.6
      vertex 94.4142 -46.6458 -1.6
    endloop
  endfacet
  facet normal 0 0 -1
    outer loop
      vertex 95.9855 44.2941 -1.6
      vertex 93 47 -1.6
      vertex 95.9424 44.5853 -1.6
    endloop
  endfacet
  facet normal 0 0 -1
    outer loop
      vertex 93 -47 -1.6
      vertex 94.4142 -46.6458 -1.6
      vertex 94.1481 -46.7716 -1.6
    endloop
  endfacet
  facet normal 0 0 -1
    outer loop
      vertex 95.9424 44.5853 -1.6
      vertex 93 47 -1.6
      vertex 95.8708 44.8708 -1.6
    endloop
  endfacet
  facet normal 0 0 -1
    outer loop
      vertex 93 -47 -1.6
      vertex 94.1481 -46.7716 -1.6
      vertex 93.8708 -46.8708 -1.6
    endloop
  endfacet
  facet normal 0 0 -1
    outer loop
      vertex 95.6458 45.4142 -1.6
      vertex 93 47 -1.6
      vertex 95.4944 45.6667 -1.6
    endloop
  endfacet
  facet normal 0 0 -1
    outer loop
      vertex 93 -47 -1.6
      vertex 93.8708 -46.8708 -1.6
      vertex 93.5853 -46.9424 -1.6
    endloop
  endfacet
  facet normal 0 0 -1
    outer loop
      vertex 95.4944 45.6667 -1.6
      vertex 93 47 -1.6
      vertex 95.319 45.9032 -1.6
    endloop
  endfacet
  facet normal 0 0 -1
    outer loop
      vertex 93 -47 -1.6
      vertex 93.5853 -46.9424 -1.6
      vertex 93.2941 -46.9855 -1.6
    endloop
  endfacet
  facet normal 0 0 -1
    outer loop
      vertex 95.319 45.9032 -1.6
      vertex 93 47 -1.6
      vertex 95.1213 46.1213 -1.6
    endloop
  endfacet
  facet normal 0 0 -1
    outer loop
      vertex 20 -47 -1.6
      vertex 96 -44 -1.6
      vertex 93 -47 -1.6
    endloop
  endfacet
  facet normal 0 0 -1
    outer loop
      vertex 95.1213 46.1213 -1.6
      vertex 93 47 -1.6
      vertex 94.9032 46.319 -1.6
    endloop
  endfacet
  facet normal 0 0 -1
    outer loop
      vertex 94.6667 46.4944 -1.6
      vertex 93 47 -1.6
      vertex 94.4142 46.6458 -1.6
    endloop
  endfacet
  facet normal 0 0 -1
    outer loop
      vertex 93 47 -1.6
      vertex 85.4952 44.402 -1.6
      vertex 85.5 44.5 -1.6
    endloop
  endfacet
  facet normal 0 0 -1
    outer loop
      vertex 93 47 -1.6
      vertex 85.4808 44.3049 -1.6
      vertex 85.4952 44.402 -1.6
    endloop
  endfacet
  facet normal 0 0 -1
    outer loop
      vertex 93 47 -1.6
      vertex 85.4569 44.2097 -1.6
      vertex 85.4808 44.3049 -1.6
    endloop
  endfacet
  facet normal 0 0 -1
    outer loop
      vertex 93 47 -1.6
      vertex 85.4239 44.1173 -1.6
      vertex 85.4569 44.2097 -1.6
    endloop
  endfacet
  facet normal 0 0 -1
    outer loop
      vertex 96 44 -1.6
      vertex 85.4239 44.1173 -1.6
      vertex 93 47 -1.6
    endloop
  endfacet
  facet normal 0 0 -1
    outer loop
      vertex 95.7716 45.1481 -1.6
      vertex 93 47 -1.6
      vertex 95.6458 45.4142 -1.6
    endloop
  endfacet
  facet normal 0 0 -1
    outer loop
      vertex 94.9032 46.319 -1.6
      vertex 93 47 -1.6
      vertex 94.6667 46.4944 -1.6
    endloop
  endfacet
  facet normal 0 0 -1
    outer loop
      vertex 94.1481 46.7716 -1.6
      vertex 93 47 -1.6
      vertex 93.8708 46.8708 -1.6
    endloop
  endfacet
  facet normal 0 0 -1
    outer loop
      vertex 93.5853 46.9424 -1.6
      vertex 93 47 -1.6
      vertex 93.2941 46.9855 -1.6
    endloop
  endfacet
  facet normal 0 0 -1
    outer loop
      vertex 93.8708 46.8708 -1.6
      vertex 93 47 -1.6
      vertex 93.5853 46.9424 -1.6
    endloop
  endfacet
  facet normal 0 0 -1
    outer loop
      vertex 94.4142 46.6458 -1.6
      vertex 93 47 -1.6
      vertex 94.1481 46.7716 -1.6
    endloop
  endfacet
  facet normal 0 0 -1
    outer loop
      vertex 95.8708 44.8708 -1.6
      vertex 93 47 -1.6
      vertex 95.7716 45.1481 -1.6
    endloop
  endfacet
  facet normal 0 -0 -1
    outer loop
      vertex 85.3315 43.9444 -1.6
      vertex 96 44 -1.6
      vertex 85.273 43.8656 -1.6
    endloop
  endfacet
  facet normal 0 -0 -1
    outer loop
      vertex 84.9714 43.6181 -1.6
      vertex 96 44 -1.6
      vertex 84.8827 43.5761 -1.6
    endloop
  endfacet
  facet normal 0 0 -1
    outer loop
      vertex 96 -44 -1.6
      vertex 84.598 43.5048 -1.6
      vertex 84.6951 43.5192 -1.6
    endloop
  endfacet
  facet normal 0 0 -1
    outer loop
      vertex 96 -44 -1.6
      vertex 84.5 43.5 -1.6
      vertex 84.598 43.5048 -1.6
    endloop
  endfacet
  facet normal 0 0 -1
    outer loop
      vertex 96 -44 -1.6
      vertex 81.5 43.5 -1.6
      vertex 84.5 43.5 -1.6
    endloop
  endfacet
  facet normal 0 0 -1
    outer loop
      vertex 96 -44 -1.6
      vertex 81.402 43.5048 -1.6
      vertex 81.5 43.5 -1.6
    endloop
  endfacet
  facet normal 0 0 -1
    outer loop
      vertex 96 -44 -1.6
      vertex 81.3049 43.5192 -1.6
      vertex 81.402 43.5048 -1.6
    endloop
  endfacet
  facet normal 0 0 -1
    outer loop
      vertex 96 -44 -1.6
      vertex 81.2097 43.5431 -1.6
      vertex 81.3049 43.5192 -1.6
    endloop
  endfacet
  facet normal 0 0 -1
    outer loop
      vertex 96 -44 -1.6
      vertex 81.1173 43.5761 -1.6
      vertex 81.2097 43.5431 -1.6
    endloop
  endfacet
  facet normal 0 0 -1
    outer loop
      vertex 96 -44 -1.6
      vertex 81.0286 43.6181 -1.6
      vertex 81.1173 43.5761 -1.6
    endloop
  endfacet
  facet normal -0 0 -1
    outer loop
      vertex 96 -44 -1.6
      vertex 20 -47 -1.6
      vertex 81.0286 43.6181 -1.6
    endloop
  endfacet
  facet normal 0 -0 -1
    outer loop
      vertex 22.3889 41.4213 -1.6
      vertex 81.0286 43.6181 -1.6
      vertex 20 -47 -1.6
    endloop
  endfacet
  facet normal -0 0 -1
    outer loop
      vertex 81.0286 43.6181 -1.6
      vertex 22.3889 41.4213 -1.6
      vertex 80.9444 43.6685 -1.6
    endloop
  endfacet
  facet normal 0 -0 -1
    outer loop
      vertex 22.586 41.5675 -1.6
      vertex 80.9444 43.6685 -1.6
      vertex 22.3889 41.4213 -1.6
    endloop
  endfacet
  facet normal -0 0 -1
    outer loop
      vertex 80.9444 43.6685 -1.6
      vertex 22.586 41.5675 -1.6
      vertex 80.8656 43.727 -1.6
    endloop
  endfacet
  facet normal 0 -0 -1
    outer loop
      vertex 22.7678 41.7322 -1.6
      vertex 80.8656 43.727 -1.6
      vertex 22.586 41.5675 -1.6
    endloop
  endfacet
  facet normal -0 0 -1
    outer loop
      vertex 80.8656 43.727 -1.6
      vertex 22.7678 41.7322 -1.6
      vertex 80.7929 43.7929 -1.6
    endloop
  endfacet
  facet normal 0 -0 -1
    outer loop
      vertex 22.9325 41.914 -1.6
      vertex 80.7929 43.7929 -1.6
      vertex 22.7678 41.7322 -1.6
    endloop
  endfacet
  facet normal -0 0 -1
    outer loop
      vertex 80.7929 43.7929 -1.6
      vertex 22.9325 41.914 -1.6
      vertex 80.727 43.8656 -1.6
    endloop
  endfacet
  facet normal 0 -0 -1
    outer loop
      vertex 23.0787 42.1111 -1.6
      vertex 80.727 43.8656 -1.6
      vertex 22.9325 41.914 -1.6
    endloop
  endfacet
  facet normal 0 0 -1
    outer loop
      vertex 23.5 45.5 -1.6
      vertex 80.5 44.5 -1.6
      vertex 23.5 43.5 -1.6
    endloop
  endfacet
  facet normal -0 0 -1
    outer loop
      vertex 80.5048 44.402 -1.6
      vertex 23.5 43.5 -1.6
      vertex 80.5 44.5 -1.6
    endloop
  endfacet
  facet normal -0 0 -1
    outer loop
      vertex 80.727 43.8656 -1.6
      vertex 23.0787 42.1111 -1.6
      vertex 80.6685 43.9444 -1.6
    endloop
  endfacet
  facet normal 0 0 -1
    outer loop
      vertex 80.5048 44.402 -1.6
      vertex 23.488 43.255 -1.6
      vertex 23.5 43.5 -1.6
    endloop
  endfacet
  facet normal -0 0 -1
    outer loop
      vertex 80.5192 44.3049 -1.6
      vertex 23.488 43.255 -1.6
      vertex 80.5048 44.402 -1.6
    endloop
  endfacet
  facet normal 0 -0 -1
    outer loop
      vertex 23.488 43.255 -1.6
      vertex 80.5192 44.3049 -1.6
      vertex 23.452 43.0123 -1.6
    endloop
  endfacet
  facet normal -0 0 -1
    outer loop
      vertex 80.5431 44.2097 -1.6
      vertex 23.452 43.0123 -1.6
      vertex 80.5192 44.3049 -1.6
    endloop
  endfacet
  facet normal 0 -0 -1
    outer loop
      vertex 23.452 43.0123 -1.6
      vertex 80.5431 44.2097 -1.6
      vertex 23.3923 42.7743 -1.6
    endloop
  endfacet
  facet normal -0 0 -1
    outer loop
      vertex 80.5761 44.1173 -1.6
      vertex 23.3923 42.7743 -1.6
      vertex 80.5431 44.2097 -1.6
    endloop
  endfacet
  facet normal 0 -0 -1
    outer loop
      vertex 23.3923 42.7743 -1.6
      vertex 80.5761 44.1173 -1.6
      vertex 23.3097 42.5433 -1.6
    endloop
  endfacet
  facet normal -0 0 -1
    outer loop
      vertex 80.6181 44.0286 -1.6
      vertex 23.3097 42.5433 -1.6
      vertex 80.5761 44.1173 -1.6
    endloop
  endfacet
  facet normal 0 -0 -1
    outer loop
      vertex 23.3097 42.5433 -1.6
      vertex 80.6181 44.0286 -1.6
      vertex 23.2048 42.3215 -1.6
    endloop
  endfacet
  facet normal -0 0 -1
    outer loop
      vertex 80.6685 43.9444 -1.6
      vertex 23.2048 42.3215 -1.6
      vertex 80.6181 44.0286 -1.6
    endloop
  endfacet
  facet normal 0 -0 -1
    outer loop
      vertex 23.2048 42.3215 -1.6
      vertex 80.6685 43.9444 -1.6
      vertex 23.0787 42.1111 -1.6
    endloop
  endfacet
  facet normal 0 0 -1
    outer loop
      vertex 22.3889 41.4213 -1.6
      vertex 20 -47 -1.6
      vertex 22.1785 41.2952 -1.6
    endloop
  endfacet
  facet normal 0 0 -1
    outer loop
      vertex 6 -33 -1.6
      vertex 22.1785 41.2952 -1.6
      vertex 20 -47 -1.6
    endloop
  endfacet
  facet normal 0 0 -1
    outer loop
      vertex 22.1785 41.2952 -1.6
      vertex 6 -33 -1.6
      vertex 21.9567 41.1903 -1.6
    endloop
  endfacet
  facet normal 0 0 -1
    outer loop
      vertex 21.9567 41.1903 -1.6
      vertex 6 -33 -1.6
      vertex 21.7257 41.1077 -1.6
    endloop
  endfacet
  facet normal 0 0 -1
    outer loop
      vertex 21.7257 41.1077 -1.6
      vertex 6 -33 -1.6
      vertex 21.4877 41.048 -1.6
    endloop
  endfacet
  facet normal 0 0 -1
    outer loop
      vertex 21.4877 41.048 -1.6
      vertex 6 -33 -1.6
      vertex 21.245 41.012 -1.6
    endloop
  endfacet
  facet normal 0 0 -1
    outer loop
      vertex 21.245 41.012 -1.6
      vertex 6 -33 -1.6
      vertex 21 41 -1.6
    endloop
  endfacet
  facet normal -0 0 -1
    outer loop
      vertex 21 41 -1.6
      vertex 6 -33 -1.6
      vertex 17 41 -1.6
    endloop
  endfacet
  facet normal -0 0 -1
    outer loop
      vertex 17 41 -1.6
      vertex 6 -33 -1.6
      vertex 16.755 41.012 -1.6
    endloop
  endfacet
  facet normal -0 0 -1
    outer loop
      vertex 16.755 41.012 -1.6
      vertex 6 -33 -1.6
      vertex 16.5123 41.048 -1.6
    endloop
  endfacet
  facet normal -0 0 -1
    outer loop
      vertex 16.5123 41.048 -1.6
      vertex 6 -33 -1.6
      vertex 16.2743 41.1077 -1.6
    endloop
  endfacet
  facet normal -0 0 -1
    outer loop
      vertex 16.2743 41.1077 -1.6
      vertex 6 -33 -1.6
      vertex 16.0433 41.1903 -1.6
    endloop
  endfacet
  facet normal 0 0 -1
    outer loop
      vertex 6 44 -1.6
      vertex 16.0433 41.1903 -1.6
      vertex 6 -33 -1.6
    endloop
  endfacet
  facet normal 0 0 -1
    outer loop
      vertex 16.0433 41.1903 -1.6
      vertex 6 44 -1.6
      vertex 15.8215 41.2952 -1.6
    endloop
  endfacet
  facet normal 0 0 -1
    outer loop
      vertex 15.8215 41.2952 -1.6
      vertex 6 44 -1.6
      vertex 15.6111 41.4213 -1.6
    endloop
  endfacet
  facet normal 0 0 -1
    outer loop
      vertex 15.6111 41.4213 -1.6
      vertex 6 44 -1.6
      vertex 15.414 41.5675 -1.6
    endloop
  endfacet
  facet normal 0 0 -1
    outer loop
      vertex 15.414 41.5675 -1.6
      vertex 6 44 -1.6
      vertex 15.2322 41.7322 -1.6
    endloop
  endfacet
  facet normal 0 0 -1
    outer loop
      vertex 15.2322 41.7322 -1.6
      vertex 6 44 -1.6
      vertex 15.0675 41.914 -1.6
    endloop
  endfacet
  facet normal 0 0 -1
    outer loop
      vertex 15.0675 41.914 -1.6
      vertex 6 44 -1.6
      vertex 14.9213 42.1111 -1.6
    endloop
  endfacet
  facet normal 0 0 -1
    outer loop
      vertex 14.9213 42.1111 -1.6
      vertex 6 44 -1.6
      vertex 14.7952 42.3215 -1.6
    endloop
  endfacet
  facet normal 0 0 -1
    outer loop
      vertex 14.7952 42.3215 -1.6
      vertex 6 44 -1.6
      vertex 14.6903 42.5433 -1.6
    endloop
  endfacet
  facet normal 0 0 -1
    outer loop
      vertex 14.6903 42.5433 -1.6
      vertex 6 44 -1.6
      vertex 14.6077 42.7743 -1.6
    endloop
  endfacet
  facet normal 0 0 -1
    outer loop
      vertex 14.5 43.5 -1.6
      vertex 9 47 -1.6
      vertex 14.5 45.5 -1.6
    endloop
  endfacet
  facet normal 0 0 -1
    outer loop
      vertex 14.512 43.255 -1.6
      vertex 9 47 -1.6
      vertex 14.5 43.5 -1.6
    endloop
  endfacet
  facet normal 0 0 -1
    outer loop
      vertex 14.6077 42.7743 -1.6
      vertex 6 44 -1.6
      vertex 14.548 43.0123 -1.6
    endloop
  endfacet
  facet normal 0 0 -1
    outer loop
      vertex 14.548 43.0123 -1.6
      vertex 6 44 -1.6
      vertex 14.512 43.255 -1.6
    endloop
  endfacet
  facet normal 0 0 -1
    outer loop
      vertex 14.512 43.255 -1.6
      vertex 6 44 -1.6
      vertex 9 47 -1.6
    endloop
  endfacet
  facet normal 0 0 -1
    outer loop
      vertex 9 47 -1.6
      vertex 6 44 -1.6
      vertex 8.70595 46.9855 -1.6
    endloop
  endfacet
  facet normal 0 0 -1
    outer loop
      vertex 8.41473 46.9424 -1.6
      vertex 6 44 -1.6
      vertex 8.12915 46.8708 -1.6
    endloop
  endfacet
  facet normal 0 0 -1
    outer loop
      vertex 8.12915 46.8708 -1.6
      vertex 6 44 -1.6
      vertex 7.85194 46.7716 -1.6
    endloop
  endfacet
  facet normal 0 0 -1
    outer loop
      vertex 7.85194 46.7716 -1.6
      vertex 6 44 -1.6
      vertex 7.58582 46.6458 -1.6
    endloop
  endfacet
  facet normal 0 0 -1
    outer loop
      vertex 7.58582 46.6458 -1.6
      vertex 6 44 -1.6
      vertex 7.33328 46.4944 -1.6
    endloop
  endfacet
  facet normal 0 0 -1
    outer loop
      vertex 7.33328 46.4944 -1.6
      vertex 6 44 -1.6
      vertex 7.09682 46.319 -1.6
    endloop
  endfacet
  facet normal 0 0 -1
    outer loop
      vertex 7.09682 46.319 -1.6
      vertex 6 44 -1.6
      vertex 6.87868 46.1213 -1.6
    endloop
  endfacet
  facet normal 0 0 -1
    outer loop
      vertex 6.87868 46.1213 -1.6
      vertex 6 44 -1.6
      vertex 6.68097 45.9032 -1.6
    endloop
  endfacet
  facet normal 0 0 -1
    outer loop
      vertex 6.68097 45.9032 -1.6
      vertex 6 44 -1.6
      vertex 6.50558 45.6667 -1.6
    endloop
  endfacet
  facet normal 0 0 -1
    outer loop
      vertex 6.50558 45.6667 -1.6
      vertex 6 44 -1.6
      vertex 6.35423 45.4142 -1.6
    endloop
  endfacet
  facet normal 0 0 -1
    outer loop
      vertex 6.35423 45.4142 -1.6
      vertex 6 44 -1.6
      vertex 6.22836 45.1481 -1.6
    endloop
  endfacet
  facet normal 0 0 -1
    outer loop
      vertex 6.22836 45.1481 -1.6
      vertex 6 44 -1.6
      vertex 6.12918 44.8708 -1.6
    endloop
  endfacet
  facet normal 0 0 -1
    outer loop
      vertex 6.12918 44.8708 -1.6
      vertex 6 44 -1.6
      vertex 6.05765 44.5853 -1.6
    endloop
  endfacet
  facet normal 0 0 -1
    outer loop
      vertex 8.70595 46.9855 -1.6
      vertex 6 44 -1.6
      vertex 8.41473 46.9424 -1.6
    endloop
  endfacet
  facet normal 0 0 -1
    outer loop
      vertex 6.05765 44.5853 -1.6
      vertex 6 44 -1.6
      vertex 6.01445 44.2941 -1.6
    endloop
  endfacet
  facet normal -0 0 -1
    outer loop
      vertex 93 47 -1.6
      vertex 85.5 44.5 -1.6
      vertex 85.5 47 -1.6
    endloop
  endfacet
  facet normal 0 0 -1
    outer loop
      vertex 80.5 44.5 -1.6
      vertex 23.5 45.5 -1.6
      vertex 80.5 47 -1.6
    endloop
  endfacet
  facet normal 0 0 -1
    outer loop
      vertex 23.488 45.745 -1.6
      vertex 80.5 47 -1.6
      vertex 23.5 45.5 -1.6
    endloop
  endfacet
  facet normal 0 0 -1
    outer loop
      vertex 23.452 45.9877 -1.6
      vertex 80.5 47 -1.6
      vertex 23.488 45.745 -1.6
    endloop
  endfacet
  facet normal 0 0 -1
    outer loop
      vertex 23.3923 46.2257 -1.6
      vertex 80.5 47 -1.6
      vertex 23.452 45.9877 -1.6
    endloop
  endfacet
  facet normal 0 0 -1
    outer loop
      vertex 23.3097 46.4567 -1.6
      vertex 80.5 47 -1.6
      vertex 23.3923 46.2257 -1.6
    endloop
  endfacet
  facet normal 0 0 -1
    outer loop
      vertex 23.2048 46.6785 -1.6
      vertex 80.5 47 -1.6
      vertex 23.3097 46.4567 -1.6
    endloop
  endfacet
  facet normal 0 0 -1
    outer loop
      vertex 23.0787 46.8889 -1.6
      vertex 80.5 47 -1.6
      vertex 23.2048 46.6785 -1.6
    endloop
  endfacet
  facet normal -0 0 -1
    outer loop
      vertex 80.5 47 -1.6
      vertex 23.0787 46.8889 -1.6
      vertex 22.9963 47 -1.6
    endloop
  endfacet
  facet normal 0 0 -1
    outer loop
      vertex 14.9213 46.8889 -1.6
      vertex 9 47 -1.6
      vertex 15.0037 47 -1.6
    endloop
  endfacet
  facet normal 0 0 -1
    outer loop
      vertex 14.7952 46.6785 -1.6
      vertex 9 47 -1.6
      vertex 14.9213 46.8889 -1.6
    endloop
  endfacet
  facet normal 0 0 -1
    outer loop
      vertex 14.6903 46.4567 -1.6
      vertex 9 47 -1.6
      vertex 14.7952 46.6785 -1.6
    endloop
  endfacet
  facet normal 0 0 -1
    outer loop
      vertex 14.6077 46.2257 -1.6
      vertex 9 47 -1.6
      vertex 14.6903 46.4567 -1.6
    endloop
  endfacet
  facet normal 0 0 -1
    outer loop
      vertex 14.548 45.9877 -1.6
      vertex 9 47 -1.6
      vertex 14.6077 46.2257 -1.6
    endloop
  endfacet
  facet normal 0 0 -1
    outer loop
      vertex 14.512 45.745 -1.6
      vertex 9 47 -1.6
      vertex 14.548 45.9877 -1.6
    endloop
  endfacet
  facet normal 0 0 -1
    outer loop
      vertex 9 47 -1.6
      vertex 14.512 45.745 -1.6
      vertex 14.5 45.5 -1.6
    endloop
  endfacet
  facet normal 0.146413 0.989224 -0
    outer loop
      vertex 93.5853 46.9424 -1.6
      vertex 93.2941 46.9855 0
      vertex 93.5853 46.9424 0
    endloop
  endfacet
  facet normal 0.146413 0.989224 0
    outer loop
      vertex 93.2941 46.9855 0
      vertex 93.5853 46.9424 -1.6
      vertex 93.2941 46.9855 -1.6
    endloop
  endfacet
  facet normal 0.243255 0.969962 -0
    outer loop
      vertex 93.8708 46.8708 -1.6
      vertex 93.5853 46.9424 0
      vertex 93.8708 46.8708 0
    endloop
  endfacet
  facet normal 0.243255 0.969962 0
    outer loop
      vertex 93.5853 46.9424 0
      vertex 93.8708 46.8708 -1.6
      vertex 93.5853 46.9424 -1.6
    endloop
  endfacet
  facet normal 0.336831 0.941565 -0
    outer loop
      vertex 94.1481 46.7716 -1.6
      vertex 93.8708 46.8708 0
      vertex 94.1481 46.7716 0
    endloop
  endfacet
  facet normal 0.336831 0.941565 0
    outer loop
      vertex 93.8708 46.8708 0
      vertex 94.1481 46.7716 -1.6
      vertex 93.8708 46.8708 -1.6
    endloop
  endfacet
  facet normal 0.4274 0.904063 -0
    outer loop
      vertex 94.4142 46.6458 -1.6
      vertex 94.1481 46.7716 0
      vertex 94.4142 46.6458 0
    endloop
  endfacet
  facet normal 0.4274 0.904063 0
    outer loop
      vertex 94.1481 46.7716 0
      vertex 94.4142 46.6458 -1.6
      vertex 94.1481 46.7716 -1.6
    endloop
  endfacet
  facet normal 0.514246 0.857643 -0
    outer loop
      vertex 94.6667 46.4944 -1.6
      vertex 94.4142 46.6458 0
      vertex 94.6667 46.4944 0
    endloop
  endfacet
  facet normal 0.514246 0.857643 0
    outer loop
      vertex 94.4142 46.6458 0
      vertex 94.6667 46.4944 -1.6
      vertex 94.4142 46.6458 -1.6
    endloop
  endfacet
  facet normal 0.595699 0.803208 -0
    outer loop
      vertex 94.9032 46.319 -1.6
      vertex 94.6667 46.4944 0
      vertex 94.9032 46.319 0
    endloop
  endfacet
  facet normal 0.595699 0.803208 0
    outer loop
      vertex 94.6667 46.4944 0
      vertex 94.9032 46.319 -1.6
      vertex 94.6667 46.4944 -1.6
    endloop
  endfacet
  facet normal 0.671607 0.740908 -0
    outer loop
      vertex 95.1213 46.1213 -1.6
      vertex 94.9032 46.319 0
      vertex 95.1213 46.1213 0
    endloop
  endfacet
  facet normal 0.671607 0.740908 0
    outer loop
      vertex 94.9032 46.319 0
      vertex 95.1213 46.1213 -1.6
      vertex 94.9032 46.319 -1.6
    endloop
  endfacet
  facet normal 0.740908 0.671607 0
    outer loop
      vertex 95.319 45.9032 0
      vertex 95.1213 46.1213 -1.6
      vertex 95.1213 46.1213 0
    endloop
  endfacet
  facet normal 0.740908 0.671607 0
    outer loop
      vertex 95.1213 46.1213 -1.6
      vertex 95.319 45.9032 0
      vertex 95.319 45.9032 -1.6
    endloop
  endfacet
  facet normal 0.803208 0.595699 0
    outer loop
      vertex 95.4944 45.6667 0
      vertex 95.319 45.9032 -1.6
      vertex 95.319 45.9032 0
    endloop
  endfacet
  facet normal 0.803208 0.595699 0
    outer loop
      vertex 95.319 45.9032 -1.6
      vertex 95.4944 45.6667 0
      vertex 95.4944 45.6667 -1.6
    endloop
  endfacet
  facet normal 0.857643 0.514246 0
    outer loop
      vertex 95.6458 45.4142 0
      vertex 95.4944 45.6667 -1.6
      vertex 95.4944 45.6667 0
    endloop
  endfacet
  facet normal 0.857643 0.514246 0
    outer loop
      vertex 95.4944 45.6667 -1.6
      vertex 95.6458 45.4142 0
      vertex 95.6458 45.4142 -1.6
    endloop
  endfacet
  facet normal 0.904063 0.4274 0
    outer loop
      vertex 95.7716 45.1481 0
      vertex 95.6458 45.4142 -1.6
      vertex 95.6458 45.4142 0
    endloop
  endfacet
  facet normal 0.904063 0.4274 0
    outer loop
      vertex 95.6458 45.4142 -1.6
      vertex 95.7716 45.1481 0
      vertex 95.7716 45.1481 -1.6
    endloop
  endfacet
  facet normal 0.941565 0.336831 0
    outer loop
      vertex 95.8708 44.8708 0
      vertex 95.7716 45.1481 -1.6
      vertex 95.7716 45.1481 0
    endloop
  endfacet
  facet normal 0.941565 0.336831 0
    outer loop
      vertex 95.7716 45.1481 -1.6
      vertex 95.8708 44.8708 0
      vertex 95.8708 44.8708 -1.6
    endloop
  endfacet
  facet normal 0.969962 0.243255 0
    outer loop
      vertex 95.9424 44.5853 0
      vertex 95.8708 44.8708 -1.6
      vertex 95.8708 44.8708 0
    endloop
  endfacet
  facet normal 0.969962 0.243255 0
    outer loop
      vertex 95.8708 44.8708 -1.6
      vertex 95.9424 44.5853 0
      vertex 95.9424 44.5853 -1.6
    endloop
  endfacet
  facet normal 0.989224 0.146413 0
    outer loop
      vertex 95.9855 44.2941 0
      vertex 95.9424 44.5853 -1.6
      vertex 95.9424 44.5853 0
    endloop
  endfacet
  facet normal 0.989224 0.146413 0
    outer loop
      vertex 95.9424 44.5853 -1.6
      vertex 95.9855 44.2941 0
      vertex 95.9855 44.2941 -1.6
    endloop
  endfacet
  facet normal 0.998787 0.0492431 0
    outer loop
      vertex 96 44 0
      vertex 95.9855 44.2941 -1.6
      vertex 95.9855 44.2941 0
    endloop
  endfacet
  facet normal 0.998787 0.0492431 0
    outer loop
      vertex 95.9855 44.2941 -1.6
      vertex 96 44 0
      vertex 96 44 -1.6
    endloop
  endfacet
  facet normal 1 -0 0
    outer loop
      vertex 96 -44 0
      vertex 96 44 -1.6
      vertex 96 44 0
    endloop
  endfacet
  facet normal 1 0 0
    outer loop
      vertex 96 44 -1.6
      vertex 96 -44 0
      vertex 96 -44 -1.6
    endloop
  endfacet
  facet normal 0.998787 -0.0492431 0
    outer loop
      vertex 95.9855 -44.2941 0
      vertex 96 -44 -1.6
      vertex 96 -44 0
    endloop
  endfacet
  facet normal 0.998787 -0.0492431 0
    outer loop
      vertex 96 -44 -1.6
      vertex 95.9855 -44.2941 0
      vertex 95.9855 -44.2941 -1.6
    endloop
  endfacet
  facet normal 0.989224 -0.146413 0
    outer loop
      vertex 95.9424 -44.5853 0
      vertex 95.9855 -44.2941 -1.6
      vertex 95.9855 -44.2941 0
    endloop
  endfacet
  facet normal 0.989224 -0.146413 0
    outer loop
      vertex 95.9855 -44.2941 -1.6
      vertex 95.9424 -44.5853 0
      vertex 95.9424 -44.5853 -1.6
    endloop
  endfacet
  facet normal 0.969962 -0.243255 0
    outer loop
      vertex 95.8708 -44.8708 0
      vertex 95.9424 -44.5853 -1.6
      vertex 95.9424 -44.5853 0
    endloop
  endfacet
  facet normal 0.969962 -0.243255 0
    outer loop
      vertex 95.9424 -44.5853 -1.6
      vertex 95.8708 -44.8708 0
      vertex 95.8708 -44.8708 -1.6
    endloop
  endfacet
  facet normal 0.941565 -0.336831 0
    outer loop
      vertex 95.7716 -45.1481 0
      vertex 95.8708 -44.8708 -1.6
      vertex 95.8708 -44.8708 0
    endloop
  endfacet
  facet normal 0.941565 -0.336831 0
    outer loop
      vertex 95.8708 -44.8708 -1.6
      vertex 95.7716 -45.1481 0
      vertex 95.7716 -45.1481 -1.6
    endloop
  endfacet
  facet normal 0.904063 -0.4274 0
    outer loop
      vertex 95.6458 -45.4142 0
      vertex 95.7716 -45.1481 -1.6
      vertex 95.7716 -45.1481 0
    endloop
  endfacet
  facet normal 0.904063 -0.4274 0
    outer loop
      vertex 95.7716 -45.1481 -1.6
      vertex 95.6458 -45.4142 0
      vertex 95.6458 -45.4142 -1.6
    endloop
  endfacet
  facet normal 0.857643 -0.514246 0
    outer loop
      vertex 95.4944 -45.6667 0
      vertex 95.6458 -45.4142 -1.6
      vertex 95.6458 -45.4142 0
    endloop
  endfacet
  facet normal 0.857643 -0.514246 0
    outer loop
      vertex 95.6458 -45.4142 -1.6
      vertex 95.4944 -45.6667 0
      vertex 95.4944 -45.6667 -1.6
    endloop
  endfacet
  facet normal 0.803208 -0.595699 0
    outer loop
      vertex 95.319 -45.9032 0
      vertex 95.4944 -45.6667 -1.6
      vertex 95.4944 -45.6667 0
    endloop
  endfacet
  facet normal 0.803208 -0.595699 0
    outer loop
      vertex 95.4944 -45.6667 -1.6
      vertex 95.319 -45.9032 0
      vertex 95.319 -45.9032 -1.6
    endloop
  endfacet
  facet normal 0.740908 -0.671607 0
    outer loop
      vertex 95.1213 -46.1213 0
      vertex 95.319 -45.9032 -1.6
      vertex 95.319 -45.9032 0
    endloop
  endfacet
  facet normal 0.740908 -0.671607 0
    outer loop
      vertex 95.319 -45.9032 -1.6
      vertex 95.1213 -46.1213 0
      vertex 95.1213 -46.1213 -1.6
    endloop
  endfacet
  facet normal 0.671607 -0.740908 0
    outer loop
      vertex 94.9032 -46.319 -1.6
      vertex 95.1213 -46.1213 0
      vertex 94.9032 -46.319 0
    endloop
  endfacet
  facet normal 0.671607 -0.740908 0
    outer loop
      vertex 95.1213 -46.1213 0
      vertex 94.9032 -46.319 -1.6
      vertex 95.1213 -46.1213 -1.6
    endloop
  endfacet
  facet normal 0.595699 -0.803208 0
    outer loop
      vertex 94.6667 -46.4944 -1.6
      vertex 94.9032 -46.319 0
      vertex 94.6667 -46.4944 0
    endloop
  endfacet
  facet normal 0.595699 -0.803208 0
    outer loop
      vertex 94.9032 -46.319 0
      vertex 94.6667 -46.4944 -1.6
      vertex 94.9032 -46.319 -1.6
    endloop
  endfacet
  facet normal 0.514246 -0.857643 0
    outer loop
      vertex 94.4142 -46.6458 -1.6
      vertex 94.6667 -46.4944 0
      vertex 94.4142 -46.6458 0
    endloop
  endfacet
  facet normal 0.514246 -0.857643 0
    outer loop
      vertex 94.6667 -46.4944 0
      vertex 94.4142 -46.6458 -1.6
      vertex 94.6667 -46.4944 -1.6
    endloop
  endfacet
  facet normal 0.4274 -0.904063 0
    outer loop
      vertex 94.1481 -46.7716 -1.6
      vertex 94.4142 -46.6458 0
      vertex 94.1481 -46.7716 0
    endloop
  endfacet
  facet normal 0.4274 -0.904063 0
    outer loop
      vertex 94.4142 -46.6458 0
      vertex 94.1481 -46.7716 -1.6
      vertex 94.4142 -46.6458 -1.6
    endloop
  endfacet
  facet normal 0.336831 -0.941565 0
    outer loop
      vertex 93.8708 -46.8708 -1.6
      vertex 94.1481 -46.7716 0
      vertex 93.8708 -46.8708 0
    endloop
  endfacet
  facet normal 0.336831 -0.941565 0
    outer loop
      vertex 94.1481 -46.7716 0
      vertex 93.8708 -46.8708 -1.6
      vertex 94.1481 -46.7716 -1.6
    endloop
  endfacet
  facet normal 0.243255 -0.969962 0
    outer loop
      vertex 93.5853 -46.9424 -1.6
      vertex 93.8708 -46.8708 0
      vertex 93.5853 -46.9424 0
    endloop
  endfacet
  facet normal 0.243255 -0.969962 0
    outer loop
      vertex 93.8708 -46.8708 0
      vertex 93.5853 -46.9424 -1.6
      vertex 93.8708 -46.8708 -1.6
    endloop
  endfacet
  facet normal 0.146413 -0.989224 0
    outer loop
      vertex 93.2941 -46.9855 -1.6
      vertex 93.5853 -46.9424 0
      vertex 93.2941 -46.9855 0
    endloop
  endfacet
  facet normal 0.146413 -0.989224 0
    outer loop
      vertex 93.5853 -46.9424 0
      vertex 93.2941 -46.9855 -1.6
      vertex 93.5853 -46.9424 -1.6
    endloop
  endfacet
  facet normal 0.0492431 -0.998787 0
    outer loop
      vertex 93 -47 -1.6
      vertex 93.2941 -46.9855 0
      vertex 93 -47 0
    endloop
  endfacet
  facet normal 0.0492431 -0.998787 0
    outer loop
      vertex 93.2941 -46.9855 0
      vertex 93 -47 -1.6
      vertex 93.2941 -46.9855 -1.6
    endloop
  endfacet
  facet normal 0 -1 0
    outer loop
      vertex 20 -47 -1.6
      vertex 93 -47 0
      vertex 20 -47 0
    endloop
  endfacet
  facet normal 0 -1 -0
    outer loop
      vertex 93 -47 0
      vertex 20 -47 -1.6
      vertex 93 -47 -1.6
    endloop
  endfacet
  facet normal -0.707107 -0.707107 0
    outer loop
      vertex 20 -47 -1.6
      vertex 6 -33 0
      vertex 6 -33 -1.6
    endloop
  endfacet
  facet normal -0.707107 -0.707107 0
    outer loop
      vertex 6 -33 0
      vertex 20 -47 -1.6
      vertex 20 -47 0
    endloop
  endfacet
  facet normal -1 0 0
    outer loop
      vertex 6 -33 -1.6
      vertex 6 44 0
      vertex 6 44 -1.6
    endloop
  endfacet
  facet normal -1 -0 0
    outer loop
      vertex 6 44 0
      vertex 6 -33 -1.6
      vertex 6 -33 0
    endloop
  endfacet
  facet normal -0.998795 0.0490738 0
    outer loop
      vertex 6 44 -1.6
      vertex 6.01445 44.2941 0
      vertex 6.01445 44.2941 -1.6
    endloop
  endfacet
  facet normal -0.998795 0.0490738 0
    outer loop
      vertex 6.01445 44.2941 0
      vertex 6 44 -1.6
      vertex 6 44 0
    endloop
  endfacet
  facet normal -0.989174 0.146746 0
    outer loop
      vertex 6.01445 44.2941 -1.6
      vertex 6.05765 44.5853 0
      vertex 6.05765 44.5853 -1.6
    endloop
  endfacet
  facet normal -0.989174 0.146746 0
    outer loop
      vertex 6.05765 44.5853 0
      vertex 6.01445 44.2941 -1.6
      vertex 6.01445 44.2941 0
    endloop
  endfacet
  facet normal -0.970018 0.243031 0
    outer loop
      vertex 6.05765 44.5853 -1.6
      vertex 6.12918 44.8708 0
      vertex 6.12918 44.8708 -1.6
    endloop
  endfacet
  facet normal -0.970018 0.243031 0
    outer loop
      vertex 6.12918 44.8708 0
      vertex 6.05765 44.5853 -1.6
      vertex 6.05765 44.5853 0
    endloop
  endfacet
  facet normal -0.941587 0.336771 0
    outer loop
      vertex 6.12918 44.8708 -1.6
      vertex 6.22836 45.1481 0
      vertex 6.22836 45.1481 -1.6
    endloop
  endfacet
  facet normal -0.941587 0.336771 0
    outer loop
      vertex 6.22836 45.1481 0
      vertex 6.12918 44.8708 -1.6
      vertex 6.12918 44.8708 0
    endloop
  endfacet
  facet normal -0.903971 0.427594 0
    outer loop
      vertex 6.22836 45.1481 -1.6
      vertex 6.35423 45.4142 0
      vertex 6.35423 45.4142 -1.6
    endloop
  endfacet
  facet normal -0.903971 0.427594 0
    outer loop
      vertex 6.35423 45.4142 0
      vertex 6.22836 45.1481 -1.6
      vertex 6.22836 45.1481 0
    endloop
  endfacet
  facet normal -0.857718 0.514121 0
    outer loop
      vertex 6.35423 45.4142 -1.6
      vertex 6.50558 45.6667 0
      vertex 6.50558 45.6667 -1.6
    endloop
  endfacet
  facet normal -0.857718 0.514121 0
    outer loop
      vertex 6.50558 45.6667 0
      vertex 6.35423 45.4142 -1.6
      vertex 6.35423 45.4142 0
    endloop
  endfacet
  facet normal -0.803224 0.595677 0
    outer loop
      vertex 6.50558 45.6667 -1.6
      vertex 6.68097 45.9032 0
      vertex 6.68097 45.9032 -1.6
    endloop
  endfacet
  facet normal -0.803224 0.595677 0
    outer loop
      vertex 6.68097 45.9032 0
      vertex 6.50558 45.6667 -1.6
      vertex 6.50558 45.6667 0
    endloop
  endfacet
  facet normal -0.740891 0.671625 0
    outer loop
      vertex 6.68097 45.9032 -1.6
      vertex 6.87868 46.1213 0
      vertex 6.87868 46.1213 -1.6
    endloop
  endfacet
  facet normal -0.740891 0.671625 0
    outer loop
      vertex 6.87868 46.1213 0
      vertex 6.68097 45.9032 -1.6
      vertex 6.68097 45.9032 0
    endloop
  endfacet
  facet normal -0.671539 0.740969 0
    outer loop
      vertex 7.09682 46.319 -1.6
      vertex 6.87868 46.1213 0
      vertex 7.09682 46.319 0
    endloop
  endfacet
  facet normal -0.671539 0.740969 0
    outer loop
      vertex 6.87868 46.1213 0
      vertex 7.09682 46.319 -1.6
      vertex 6.87868 46.1213 -1.6
    endloop
  endfacet
  facet normal -0.595764 0.80316 0
    outer loop
      vertex 7.33328 46.4944 -1.6
      vertex 7.09682 46.319 0
      vertex 7.33328 46.4944 0
    endloop
  endfacet
  facet normal -0.595764 0.80316 0
    outer loop
      vertex 7.09682 46.319 0
      vertex 7.33328 46.4944 -1.6
      vertex 7.09682 46.319 -1.6
    endloop
  endfacet
  facet normal -0.514186 0.857679 0
    outer loop
      vertex 7.58582 46.6458 -1.6
      vertex 7.33328 46.4944 0
      vertex 7.58582 46.6458 0
    endloop
  endfacet
  facet normal -0.514186 0.857679 0
    outer loop
      vertex 7.33328 46.4944 0
      vertex 7.58582 46.6458 -1.6
      vertex 7.33328 46.4944 -1.6
    endloop
  endfacet
  facet normal -0.427374 0.904075 0
    outer loop
      vertex 7.85194 46.7716 -1.6
      vertex 7.58582 46.6458 0
      vertex 7.85194 46.7716 0
    endloop
  endfacet
  facet normal -0.427374 0.904075 0
    outer loop
      vertex 7.58582 46.6458 0
      vertex 7.85194 46.7716 -1.6
      vertex 7.58582 46.6458 -1.6
    endloop
  endfacet
  facet normal -0.336928 0.94153 0
    outer loop
      vertex 8.12915 46.8708 -1.6
      vertex 7.85194 46.7716 0
      vertex 8.12915 46.8708 0
    endloop
  endfacet
  facet normal -0.336928 0.94153 0
    outer loop
      vertex 7.85194 46.7716 0
      vertex 8.12915 46.8708 -1.6
      vertex 7.85194 46.7716 -1.6
    endloop
  endfacet
  facet normal -0.243191 0.969978 0
    outer loop
      vertex 8.41473 46.9424 -1.6
      vertex 8.12915 46.8708 0
      vertex 8.41473 46.9424 0
    endloop
  endfacet
  facet normal -0.243191 0.969978 0
    outer loop
      vertex 8.12915 46.8708 0
      vertex 8.41473 46.9424 -1.6
      vertex 8.12915 46.8708 -1.6
    endloop
  endfacet
  facet normal -0.146403 0.989225 0
    outer loop
      vertex 8.70595 46.9855 -1.6
      vertex 8.41473 46.9424 0
      vertex 8.70595 46.9855 0
    endloop
  endfacet
  facet normal -0.146403 0.989225 0
    outer loop
      vertex 8.41473 46.9424 0
      vertex 8.70595 46.9855 -1.6
      vertex 8.41473 46.9424 -1.6
    endloop
  endfacet
  facet normal -0.0492515 0.998786 0
    outer loop
      vertex 9 47 -1.6
      vertex 8.70595 46.9855 0
      vertex 9 47 0
    endloop
  endfacet
  facet normal -0.0492515 0.998786 0
    outer loop
      vertex 8.70595 46.9855 0
      vertex 9 47 -1.6
      vertex 8.70595 46.9855 -1.6
    endloop
  endfacet
  facet normal 0 1 -0
    outer loop
      vertex 15.0037 47 -1.6
      vertex 9 47 0
      vertex 15.0037 47 0
    endloop
  endfacet
  facet normal 0 1 0
    outer loop
      vertex 9 47 0
      vertex 15.0037 47 -1.6
      vertex 9 47 -1.6
    endloop
  endfacet
  facet normal 0.803198 -0.595712 0
    outer loop
      vertex 14.9213 46.8889 0
      vertex 15.0037 47 -1.6
      vertex 15.0037 47 0
    endloop
  endfacet
  facet normal 0.803198 -0.595712 0
    outer loop
      vertex 15.0037 47 -1.6
      vertex 14.9213 46.8889 0
      vertex 14.9213 46.8889 -1.6
    endloop
  endfacet
  facet normal 0.857745 -0.514076 0
    outer loop
      vertex 14.7952 46.6785 0
      vertex 14.9213 46.8889 -1.6
      vertex 14.9213 46.8889 0
    endloop
  endfacet
  facet normal 0.857745 -0.514076 0
    outer loop
      vertex 14.9213 46.8889 -1.6
      vertex 14.7952 46.6785 0
      vertex 14.7952 46.6785 -1.6
    endloop
  endfacet
  facet normal 0.903995 -0.427543 0
    outer loop
      vertex 14.6903 46.4567 0
      vertex 14.7952 46.6785 -1.6
      vertex 14.7952 46.6785 0
    endloop
  endfacet
  facet normal 0.903995 -0.427543 0
    outer loop
      vertex 14.7952 46.6785 -1.6
      vertex 14.6903 46.4567 0
      vertex 14.6903 46.4567 -1.6
    endloop
  endfacet
  facet normal 0.941613 -0.336698 0
    outer loop
      vertex 14.6077 46.2257 0
      vertex 14.6903 46.4567 -1.6
      vertex 14.6903 46.4567 0
    endloop
  endfacet
  facet normal 0.941613 -0.336698 0
    outer loop
      vertex 14.6903 46.4567 -1.6
      vertex 14.6077 46.2257 0
      vertex 14.6077 46.2257 -1.6
    endloop
  endfacet
  facet normal 0.96995 -0.243303 0
    outer loop
      vertex 14.548 45.9877 0
      vertex 14.6077 46.2257 -1.6
      vertex 14.6077 46.2257 0
    endloop
  endfacet
  facet normal 0.96995 -0.243303 0
    outer loop
      vertex 14.6077 46.2257 -1.6
      vertex 14.548 45.9877 0
      vertex 14.548 45.9877 -1.6
    endloop
  endfacet
  facet normal 0.989177 -0.146726 0
    outer loop
      vertex 14.512 45.745 0
      vertex 14.548 45.9877 -1.6
      vertex 14.548 45.9877 0
    endloop
  endfacet
  facet normal 0.989177 -0.146726 0
    outer loop
      vertex 14.548 45.9877 -1.6
      vertex 14.512 45.745 0
      vertex 14.512 45.745 -1.6
    endloop
  endfacet
  facet normal 0.998803 -0.0489209 0
    outer loop
      vertex 14.5 45.5 0
      vertex 14.512 45.745 -1.6
      vertex 14.512 45.745 0
    endloop
  endfacet
  facet normal 0.998803 -0.0489209 0
    outer loop
      vertex 14.512 45.745 -1.6
      vertex 14.5 45.5 0
      vertex 14.5 45.5 -1.6
    endloop
  endfacet
  facet normal 1 -0 0
    outer loop
      vertex 14.5 43.5 0
      vertex 14.5 45.5 -1.6
      vertex 14.5 45.5 0
    endloop
  endfacet
  facet normal 1 0 0
    outer loop
      vertex 14.5 45.5 -1.6
      vertex 14.5 43.5 0
      vertex 14.5 43.5 -1.6
    endloop
  endfacet
  facet normal 0.998803 0.0489209 0
    outer loop
      vertex 14.512 43.255 0
      vertex 14.5 43.5 -1.6
      vertex 14.5 43.5 0
    endloop
  endfacet
  facet normal 0.998803 0.0489209 0
    outer loop
      vertex 14.5 43.5 -1.6
      vertex 14.512 43.255 0
      vertex 14.512 43.255 -1.6
    endloop
  endfacet
  facet normal 0.989177 0.146726 0
    outer loop
      vertex 14.548 43.0123 0
      vertex 14.512 43.255 -1.6
      vertex 14.512 43.255 0
    endloop
  endfacet
  facet normal 0.989177 0.146726 0
    outer loop
      vertex 14.512 43.255 -1.6
      vertex 14.548 43.0123 0
      vertex 14.548 43.0123 -1.6
    endloop
  endfacet
  facet normal 0.96995 0.243303 0
    outer loop
      vertex 14.6077 42.7743 0
      vertex 14.548 43.0123 -1.6
      vertex 14.548 43.0123 0
    endloop
  endfacet
  facet normal 0.96995 0.243303 0
    outer loop
      vertex 14.548 43.0123 -1.6
      vertex 14.6077 42.7743 0
      vertex 14.6077 42.7743 -1.6
    endloop
  endfacet
  facet normal 0.941613 0.336698 0
    outer loop
      vertex 14.6903 42.5433 0
      vertex 14.6077 42.7743 -1.6
      vertex 14.6077 42.7743 0
    endloop
  endfacet
  facet normal 0.941613 0.336698 0
    outer loop
      vertex 14.6077 42.7743 -1.6
      vertex 14.6903 42.5433 0
      vertex 14.6903 42.5433 -1.6
    endloop
  endfacet
  facet normal 0.903995 0.427543 0
    outer loop
      vertex 14.7952 42.3215 0
      vertex 14.6903 42.5433 -1.6
      vertex 14.6903 42.5433 0
    endloop
  endfacet
  facet normal 0.903995 0.427543 0
    outer loop
      vertex 14.6903 42.5433 -1.6
      vertex 14.7952 42.3215 0
      vertex 14.7952 42.3215 -1.6
    endloop
  endfacet
  facet normal 0.857745 0.514076 0
    outer loop
      vertex 14.9213 42.1111 0
      vertex 14.7952 42.3215 -1.6
      vertex 14.7952 42.3215 0
    endloop
  endfacet
  facet normal 0.857745 0.514076 0
    outer loop
      vertex 14.7952 42.3215 -1.6
      vertex 14.9213 42.1111 0
      vertex 14.9213 42.1111 -1.6
    endloop
  endfacet
  facet normal 0.803167 0.595754 0
    outer loop
      vertex 15.0675 41.914 0
      vertex 14.9213 42.1111 -1.6
      vertex 14.9213 42.1111 0
    endloop
  endfacet
  facet normal 0.803167 0.595754 0
    outer loop
      vertex 14.9213 42.1111 -1.6
      vertex 15.0675 41.914 0
      vertex 15.0675 41.914 -1.6
    endloop
  endfacet
  facet normal 0.741101 0.671394 0
    outer loop
      vertex 15.2322 41.7322 0
      vertex 15.0675 41.914 -1.6
      vertex 15.0675 41.914 0
    endloop
  endfacet
  facet normal 0.741101 0.671394 0
    outer loop
      vertex 15.0675 41.914 -1.6
      vertex 15.2322 41.7322 0
      vertex 15.2322 41.7322 -1.6
    endloop
  endfacet
  facet normal 0.671394 0.741101 -0
    outer loop
      vertex 15.414 41.5675 -1.6
      vertex 15.2322 41.7322 0
      vertex 15.414 41.5675 0
    endloop
  endfacet
  facet normal 0.671394 0.741101 0
    outer loop
      vertex 15.2322 41.7322 0
      vertex 15.414 41.5675 -1.6
      vertex 15.2322 41.7322 -1.6
    endloop
  endfacet
  facet normal 0.595754 0.803167 -0
    outer loop
      vertex 15.6111 41.4213 -1.6
      vertex 15.414 41.5675 0
      vertex 15.6111 41.4213 0
    endloop
  endfacet
  facet normal 0.595754 0.803167 0
    outer loop
      vertex 15.414 41.5675 0
      vertex 15.6111 41.4213 -1.6
      vertex 15.414 41.5675 -1.6
    endloop
  endfacet
  facet normal 0.514076 0.857745 -0
    outer loop
      vertex 15.8215 41.2952 -1.6
      vertex 15.6111 41.4213 0
      vertex 15.8215 41.2952 0
    endloop
  endfacet
  facet normal 0.514076 0.857745 0
    outer loop
      vertex 15.6111 41.4213 0
      vertex 15.8215 41.2952 -1.6
      vertex 15.6111 41.4213 -1.6
    endloop
  endfacet
  facet normal 0.427543 0.903995 -0
    outer loop
      vertex 16.0433 41.1903 -1.6
      vertex 15.8215 41.2952 0
      vertex 16.0433 41.1903 0
    endloop
  endfacet
  facet normal 0.427543 0.903995 0
    outer loop
      vertex 15.8215 41.2952 0
      vertex 16.0433 41.1903 -1.6
      vertex 15.8215 41.2952 -1.6
    endloop
  endfacet
  facet normal 0.336698 0.941613 -0
    outer loop
      vertex 16.2743 41.1077 -1.6
      vertex 16.0433 41.1903 0
      vertex 16.2743 41.1077 0
    endloop
  endfacet
  facet normal 0.336698 0.941613 0
    outer loop
      vertex 16.0433 41.1903 0
      vertex 16.2743 41.1077 -1.6
      vertex 16.0433 41.1903 -1.6
    endloop
  endfacet
  facet normal 0.243303 0.96995 -0
    outer loop
      vertex 16.5123 41.048 -1.6
      vertex 16.2743 41.1077 0
      vertex 16.5123 41.048 0
    endloop
  endfacet
  facet normal 0.243303 0.96995 0
    outer loop
      vertex 16.2743 41.1077 0
      vertex 16.5123 41.048 -1.6
      vertex 16.2743 41.1077 -1.6
    endloop
  endfacet
  facet normal 0.146726 0.989177 -0
    outer loop
      vertex 16.755 41.012 -1.6
      vertex 16.5123 41.048 0
      vertex 16.755 41.012 0
    endloop
  endfacet
  facet normal 0.146726 0.989177 0
    outer loop
      vertex 16.5123 41.048 0
      vertex 16.755 41.012 -1.6
      vertex 16.5123 41.048 -1.6
    endloop
  endfacet
  facet normal 0.0489209 0.998803 -0
    outer loop
      vertex 17 41 -1.6
      vertex 16.755 41.012 0
      vertex 17 41 0
    endloop
  endfacet
  facet normal 0.0489209 0.998803 0
    outer loop
      vertex 16.755 41.012 0
      vertex 17 41 -1.6
      vertex 16.755 41.012 -1.6
    endloop
  endfacet
  facet normal 0 1 -0
    outer loop
      vertex 21 41 -1.6
      vertex 17 41 0
      vertex 21 41 0
    endloop
  endfacet
  facet normal 0 1 0
    outer loop
      vertex 17 41 0
      vertex 21 41 -1.6
      vertex 17 41 -1.6
    endloop
  endfacet
  facet normal -0.0489209 0.998803 0
    outer loop
      vertex 21.245 41.012 -1.6
      vertex 21 41 0
      vertex 21.245 41.012 0
    endloop
  endfacet
  facet normal -0.0489209 0.998803 0
    outer loop
      vertex 21 41 0
      vertex 21.245 41.012 -1.6
      vertex 21 41 -1.6
    endloop
  endfacet
  facet normal -0.146726 0.989177 0
    outer loop
      vertex 21.4877 41.048 -1.6
      vertex 21.245 41.012 0
      vertex 21.4877 41.048 0
    endloop
  endfacet
  facet normal -0.146726 0.989177 0
    outer loop
      vertex 21.245 41.012 0
      vertex 21.4877 41.048 -1.6
      vertex 21.245 41.012 -1.6
    endloop
  endfacet
  facet normal -0.243303 0.96995 0
    outer loop
      vertex 21.7257 41.1077 -1.6
      vertex 21.4877 41.048 0
      vertex 21.7257 41.1077 0
    endloop
  endfacet
  facet normal -0.243303 0.96995 0
    outer loop
      vertex 21.4877 41.048 0
      vertex 21.7257 41.1077 -1.6
      vertex 21.4877 41.048 -1.6
    endloop
  endfacet
  facet normal -0.336698 0.941613 0
    outer loop
      vertex 21.9567 41.1903 -1.6
      vertex 21.7257 41.1077 0
      vertex 21.9567 41.1903 0
    endloop
  endfacet
  facet normal -0.336698 0.941613 0
    outer loop
      vertex 21.7257 41.1077 0
      vertex 21.9567 41.1903 -1.6
      vertex 21.7257 41.1077 -1.6
    endloop
  endfacet
  facet normal -0.427543 0.903995 0
    outer loop
      vertex 22.1785 41.2952 -1.6
      vertex 21.9567 41.1903 0
      vertex 22.1785 41.2952 0
    endloop
  endfacet
  facet normal -0.427543 0.903995 0
    outer loop
      vertex 21.9567 41.1903 0
      vertex 22.1785 41.2952 -1.6
      vertex 21.9567 41.1903 -1.6
    endloop
  endfacet
  facet normal -0.514076 0.857745 0
    outer loop
      vertex 22.3889 41.4213 -1.6
      vertex 22.1785 41.2952 0
      vertex 22.3889 41.4213 0
    endloop
  endfacet
  facet normal -0.514076 0.857745 0
    outer loop
      vertex 22.1785 41.2952 0
      vertex 22.3889 41.4213 -1.6
      vertex 22.1785 41.2952 -1.6
    endloop
  endfacet
  facet normal -0.595754 0.803167 0
    outer loop
      vertex 22.586 41.5675 -1.6
      vertex 22.3889 41.4213 0
      vertex 22.586 41.5675 0
    endloop
  endfacet
  facet normal -0.595754 0.803167 0
    outer loop
      vertex 22.3889 41.4213 0
      vertex 22.586 41.5675 -1.6
      vertex 22.3889 41.4213 -1.6
    endloop
  endfacet
  facet normal -0.671394 0.741101 0
    outer loop
      vertex 22.7678 41.7322 -1.6
      vertex 22.586 41.5675 0
      vertex 22.7678 41.7322 0
    endloop
  endfacet
  facet normal -0.671394 0.741101 0
    outer loop
      vertex 22.586 41.5675 0
      vertex 22.7678 41.7322 -1.6
      vertex 22.586 41.5675 -1.6
    endloop
  endfacet
  facet normal -0.741101 0.671394 0
    outer loop
      vertex 22.7678 41.7322 -1.6
      vertex 22.9325 41.914 0
      vertex 22.9325 41.914 -1.6
    endloop
  endfacet
  facet normal -0.741101 0.671394 0
    outer loop
      vertex 22.9325 41.914 0
      vertex 22.7678 41.7322 -1.6
      vertex 22.7678 41.7322 0
    endloop
  endfacet
  facet normal -0.803167 0.595754 0
    outer loop
      vertex 22.9325 41.914 -1.6
      vertex 23.0787 42.1111 0
      vertex 23.0787 42.1111 -1.6
    endloop
  endfacet
  facet normal -0.803167 0.595754 0
    outer loop
      vertex 23.0787 42.1111 0
      vertex 22.9325 41.914 -1.6
      vertex 22.9325 41.914 0
    endloop
  endfacet
  facet normal -0.857745 0.514076 0
    outer loop
      vertex 23.0787 42.1111 -1.6
      vertex 23.2048 42.3215 0
      vertex 23.2048 42.3215 -1.6
    endloop
  endfacet
  facet normal -0.857745 0.514076 0
    outer loop
      vertex 23.2048 42.3215 0
      vertex 23.0787 42.1111 -1.6
      vertex 23.0787 42.1111 0
    endloop
  endfacet
  facet normal -0.903995 0.427543 0
    outer loop
      vertex 23.2048 42.3215 -1.6
      vertex 23.3097 42.5433 0
      vertex 23.3097 42.5433 -1.6
    endloop
  endfacet
  facet normal -0.903995 0.427543 0
    outer loop
      vertex 23.3097 42.5433 0
      vertex 23.2048 42.3215 -1.6
      vertex 23.2048 42.3215 0
    endloop
  endfacet
  facet normal -0.941613 0.336698 0
    outer loop
      vertex 23.3097 42.5433 -1.6
      vertex 23.3923 42.7743 0
      vertex 23.3923 42.7743 -1.6
    endloop
  endfacet
  facet normal -0.941613 0.336698 0
    outer loop
      vertex 23.3923 42.7743 0
      vertex 23.3097 42.5433 -1.6
      vertex 23.3097 42.5433 0
    endloop
  endfacet
  facet normal -0.96995 0.243303 0
    outer loop
      vertex 23.3923 42.7743 -1.6
      vertex 23.452 43.0123 0
      vertex 23.452 43.0123 -1.6
    endloop
  endfacet
  facet normal -0.96995 0.243303 0
    outer loop
      vertex 23.452 43.0123 0
      vertex 23.3923 42.7743 -1.6
      vertex 23.3923 42.7743 0
    endloop
  endfacet
  facet normal -0.989177 0.146726 0
    outer loop
      vertex 23.452 43.0123 -1.6
      vertex 23.488 43.255 0
      vertex 23.488 43.255 -1.6
    endloop
  endfacet
  facet normal -0.989177 0.146726 0
    outer loop
      vertex 23.488 43.255 0
      vertex 23.452 43.0123 -1.6
      vertex 23.452 43.0123 0
    endloop
  endfacet
  facet normal -0.998803 0.0489209 0
    outer loop
      vertex 23.488 43.255 -1.6
      vertex 23.5 43.5 0
      vertex 23.5 43.5 -1.6
    endloop
  endfacet
  facet normal -0.998803 0.0489209 0
    outer loop
      vertex 23.5 43.5 0
      vertex 23.488 43.255 -1.6
      vertex 23.488 43.255 0
    endloop
  endfacet
  facet normal -1 0 0
    outer loop
      vertex 23.5 43.5 -1.6
      vertex 23.5 45.5 0
      vertex 23.5 45.5 -1.6
    endloop
  endfacet
  facet normal -1 -0 0
    outer loop
      vertex 23.5 45.5 0
      vertex 23.5 43.5 -1.6
      vertex 23.5 43.5 0
    endloop
  endfacet
  facet normal -0.998803 -0.0489209 0
    outer loop
      vertex 23.5 45.5 -1.6
      vertex 23.488 45.745 0
      vertex 23.488 45.745 -1.6
    endloop
  endfacet
  facet normal -0.998803 -0.0489209 0
    outer loop
      vertex 23.488 45.745 0
      vertex 23.5 45.5 -1.6
      vertex 23.5 45.5 0
    endloop
  endfacet
  facet normal -0.989177 -0.146726 0
    outer loop
      vertex 23.488 45.745 -1.6
      vertex 23.452 45.9877 0
      vertex 23.452 45.9877 -1.6
    endloop
  endfacet
  facet normal -0.989177 -0.146726 0
    outer loop
      vertex 23.452 45.9877 0
      vertex 23.488 45.745 -1.6
      vertex 23.488 45.745 0
    endloop
  endfacet
  facet normal -0.96995 -0.243303 0
    outer loop
      vertex 23.452 45.9877 -1.6
      vertex 23.3923 46.2257 0
      vertex 23.3923 46.2257 -1.6
    endloop
  endfacet
  facet normal -0.96995 -0.243303 0
    outer loop
      vertex 23.3923 46.2257 0
      vertex 23.452 45.9877 -1.6
      vertex 23.452 45.9877 0
    endloop
  endfacet
  facet normal -0.941613 -0.336698 0
    outer loop
      vertex 23.3923 46.2257 -1.6
      vertex 23.3097 46.4567 0
      vertex 23.3097 46.4567 -1.6
    endloop
  endfacet
  facet normal -0.941613 -0.336698 0
    outer loop
      vertex 23.3097 46.4567 0
      vertex 23.3923 46.2257 -1.6
      vertex 23.3923 46.2257 0
    endloop
  endfacet
  facet normal -0.903995 -0.427543 0
    outer loop
      vertex 23.3097 46.4567 -1.6
      vertex 23.2048 46.6785 0
      vertex 23.2048 46.6785 -1.6
    endloop
  endfacet
  facet normal -0.903995 -0.427543 0
    outer loop
      vertex 23.2048 46.6785 0
      vertex 23.3097 46.4567 -1.6
      vertex 23.3097 46.4567 0
    endloop
  endfacet
  facet normal -0.857745 -0.514076 0
    outer loop
      vertex 23.2048 46.6785 -1.6
      vertex 23.0787 46.8889 0
      vertex 23.0787 46.8889 -1.6
    endloop
  endfacet
  facet normal -0.857745 -0.514076 0
    outer loop
      vertex 23.0787 46.8889 0
      vertex 23.2048 46.6785 -1.6
      vertex 23.2048 46.6785 0
    endloop
  endfacet
  facet normal -0.803198 -0.595712 0
    outer loop
      vertex 23.0787 46.8889 -1.6
      vertex 22.9963 47 0
      vertex 22.9963 47 -1.6
    endloop
  endfacet
  facet normal -0.803198 -0.595712 0
    outer loop
      vertex 22.9963 47 0
      vertex 23.0787 46.8889 -1.6
      vertex 23.0787 46.8889 0
    endloop
  endfacet
  facet normal 0 1 -0
    outer loop
      vertex 80.5 47 -1.6
      vertex 22.9963 47 0
      vertex 80.5 47 0
    endloop
  endfacet
  facet normal 0 1 0
    outer loop
      vertex 22.9963 47 0
      vertex 80.5 47 -1.6
      vertex 22.9963 47 -1.6
    endloop
  endfacet
  facet normal 1 -0 0
    outer loop
      vertex 80.5 44.5 0
      vertex 80.5 47 -1.6
      vertex 80.5 47 0
    endloop
  endfacet
  facet normal 1 0 0
    outer loop
      vertex 80.5 47 -1.6
      vertex 80.5 44.5 0
      vertex 80.5 44.5 -1.6
    endloop
  endfacet
  facet normal 0.998803 0.0489209 0
    outer loop
      vertex 80.5048 44.402 0
      vertex 80.5 44.5 -1.6
      vertex 80.5 44.5 0
    endloop
  endfacet
  facet normal 0.998803 0.0489209 0
    outer loop
      vertex 80.5 44.5 -1.6
      vertex 80.5048 44.402 0
      vertex 80.5048 44.402 -1.6
    endloop
  endfacet
  facet normal 0.989182 0.146696 0
    outer loop
      vertex 80.5192 44.3049 0
      vertex 80.5048 44.402 -1.6
      vertex 80.5048 44.402 0
    endloop
  endfacet
  facet normal 0.989182 0.146696 0
    outer loop
      vertex 80.5048 44.402 -1.6
      vertex 80.5192 44.3049 0
      vertex 80.5192 44.3049 -1.6
    endloop
  endfacet
  facet normal 0.969902 0.243494 0
    outer loop
      vertex 80.5431 44.2097 0
      vertex 80.5192 44.3049 -1.6
      vertex 80.5192 44.3049 0
    endloop
  endfacet
  facet normal 0.969902 0.243494 0
    outer loop
      vertex 80.5192 44.3049 -1.6
      vertex 80.5431 44.2097 0
      vertex 80.5431 44.2097 -1.6
    endloop
  endfacet
  facet normal 0.941742 0.336336 0
    outer loop
      vertex 80.5761 44.1173 0
      vertex 80.5431 44.2097 -1.6
      vertex 80.5431 44.2097 0
    endloop
  endfacet
  facet normal 0.941742 0.336336 0
    outer loop
      vertex 80.5431 44.2097 -1.6
      vertex 80.5761 44.1173 0
      vertex 80.5761 44.1173 -1.6
    endloop
  endfacet
  facet normal 0.9038 0.427955 0
    outer loop
      vertex 80.6181 44.0286 0
      vertex 80.5761 44.1173 -1.6
      vertex 80.5761 44.1173 0
    endloop
  endfacet
  facet normal 0.9038 0.427955 0
    outer loop
      vertex 80.5761 44.1173 -1.6
      vertex 80.6181 44.0286 0
      vertex 80.6181 44.0286 -1.6
    endloop
  endfacet
  facet normal 0.858032 0.513596 0
    outer loop
      vertex 80.6685 43.9444 0
      vertex 80.6181 44.0286 -1.6
      vertex 80.6181 44.0286 0
    endloop
  endfacet
  facet normal 0.858032 0.513596 0
    outer loop
      vertex 80.6181 44.0286 -1.6
      vertex 80.6685 43.9444 0
      vertex 80.6685 43.9444 -1.6
    endloop
  endfacet
  facet normal 0.802925 0.59608 0
    outer loop
      vertex 80.727 43.8656 0
      vertex 80.6685 43.9444 -1.6
      vertex 80.6685 43.9444 0
    endloop
  endfacet
  facet normal 0.802925 0.59608 0
    outer loop
      vertex 80.6685 43.9444 -1.6
      vertex 80.727 43.8656 0
      vertex 80.727 43.8656 -1.6
    endloop
  endfacet
  facet normal 0.740908 0.671607 0
    outer loop
      vertex 80.7929 43.7929 0
      vertex 80.727 43.8656 -1.6
      vertex 80.727 43.8656 0
    endloop
  endfacet
  facet normal 0.740908 0.671607 0
    outer loop
      vertex 80.727 43.8656 -1.6
      vertex 80.7929 43.7929 0
      vertex 80.7929 43.7929 -1.6
    endloop
  endfacet
  facet normal 0.671607 0.740908 -0
    outer loop
      vertex 80.8656 43.727 -1.6
      vertex 80.7929 43.7929 0
      vertex 80.8656 43.727 0
    endloop
  endfacet
  facet normal 0.671607 0.740908 0
    outer loop
      vertex 80.7929 43.7929 0
      vertex 80.8656 43.727 -1.6
      vertex 80.7929 43.7929 -1.6
    endloop
  endfacet
  facet normal 0.59608 0.802925 -0
    outer loop
      vertex 80.9444 43.6685 -1.6
      vertex 80.8656 43.727 0
      vertex 80.9444 43.6685 0
    endloop
  endfacet
  facet normal 0.59608 0.802925 0
    outer loop
      vertex 80.8656 43.727 0
      vertex 80.9444 43.6685 -1.6
      vertex 80.8656 43.727 -1.6
    endloop
  endfacet
  facet normal 0.513596 0.858032 -0
    outer loop
      vertex 81.0286 43.6181 -1.6
      vertex 80.9444 43.6685 0
      vertex 81.0286 43.6181 0
    endloop
  endfacet
  facet normal 0.513596 0.858032 0
    outer loop
      vertex 80.9444 43.6685 0
      vertex 81.0286 43.6181 -1.6
      vertex 80.9444 43.6685 -1.6
    endloop
  endfacet
  facet normal 0.427955 0.9038 -0
    outer loop
      vertex 81.1173 43.5761 -1.6
      vertex 81.0286 43.6181 0
      vertex 81.1173 43.5761 0
    endloop
  endfacet
  facet normal 0.427955 0.9038 0
    outer loop
      vertex 81.0286 43.6181 0
      vertex 81.1173 43.5761 -1.6
      vertex 81.0286 43.6181 -1.6
    endloop
  endfacet
  facet normal 0.336336 0.941742 -0
    outer loop
      vertex 81.2097 43.5431 -1.6
      vertex 81.1173 43.5761 0
      vertex 81.2097 43.5431 0
    endloop
  endfacet
  facet normal 0.336336 0.941742 0
    outer loop
      vertex 81.1173 43.5761 0
      vertex 81.2097 43.5431 -1.6
      vertex 81.1173 43.5761 -1.6
    endloop
  endfacet
  facet normal 0.243494 0.969902 -0
    outer loop
      vertex 81.3049 43.5192 -1.6
      vertex 81.2097 43.5431 0
      vertex 81.3049 43.5192 0
    endloop
  endfacet
  facet normal 0.243494 0.969902 0
    outer loop
      vertex 81.2097 43.5431 0
      vertex 81.3049 43.5192 -1.6
      vertex 81.2097 43.5431 -1.6
    endloop
  endfacet
  facet normal 0.146696 0.989182 -0
    outer loop
      vertex 81.402 43.5048 -1.6
      vertex 81.3049 43.5192 0
      vertex 81.402 43.5048 0
    endloop
  endfacet
  facet normal 0.146696 0.989182 0
    outer loop
      vertex 81.3049 43.5192 0
      vertex 81.402 43.5048 -1.6
      vertex 81.3049 43.5192 -1.6
    endloop
  endfacet
  facet normal 0.0489209 0.998803 -0
    outer loop
      vertex 81.5 43.5 -1.6
      vertex 81.402 43.5048 0
      vertex 81.5 43.5 0
    endloop
  endfacet
  facet normal 0.0489209 0.998803 0
    outer loop
      vertex 81.402 43.5048 0
      vertex 81.5 43.5 -1.6
      vertex 81.402 43.5048 -1.6
    endloop
  endfacet
  facet normal 0 1 -0
    outer loop
      vertex 84.5 43.5 -1.6
      vertex 81.5 43.5 0
      vertex 84.5 43.5 0
    endloop
  endfacet
  facet normal 0 1 0
    outer loop
      vertex 81.5 43.5 0
      vertex 84.5 43.5 -1.6
      vertex 81.5 43.5 -1.6
    endloop
  endfacet
  facet normal -0.0489209 0.998803 0
    outer loop
      vertex 84.598 43.5048 -1.6
      vertex 84.5 43.5 0
      vertex 84.598 43.5048 0
    endloop
  endfacet
  facet normal -0.0489209 0.998803 0
    outer loop
      vertex 84.5 43.5 0
      vertex 84.598 43.5048 -1.6
      vertex 84.5 43.5 -1.6
    endloop
  endfacet
  facet normal -0.146696 0.989182 0
    outer loop
      vertex 84.6951 43.5192 -1.6
      vertex 84.598 43.5048 0
      vertex 84.6951 43.5192 0
    endloop
  endfacet
  facet normal -0.146696 0.989182 0
    outer loop
      vertex 84.598 43.5048 0
      vertex 84.6951 43.5192 -1.6
      vertex 84.598 43.5048 -1.6
    endloop
  endfacet
  facet normal -0.243494 0.969902 0
    outer loop
      vertex 84.7903 43.5431 -1.6
      vertex 84.6951 43.5192 0
      vertex 84.7903 43.5431 0
    endloop
  endfacet
  facet normal -0.243494 0.969902 0
    outer loop
      vertex 84.6951 43.5192 0
      vertex 84.7903 43.5431 -1.6
      vertex 84.6951 43.5192 -1.6
    endloop
  endfacet
  facet normal -0.336336 0.941742 0
    outer loop
      vertex 84.8827 43.5761 -1.6
      vertex 84.7903 43.5431 0
      vertex 84.8827 43.5761 0
    endloop
  endfacet
  facet normal -0.336336 0.941742 0
    outer loop
      vertex 84.7903 43.5431 0
      vertex 84.8827 43.5761 -1.6
      vertex 84.7903 43.5431 -1.6
    endloop
  endfacet
  facet normal -0.427955 0.9038 0
    outer loop
      vertex 84.9714 43.6181 -1.6
      vertex 84.8827 43.5761 0
      vertex 84.9714 43.6181 0
    endloop
  endfacet
  facet normal -0.427955 0.9038 0
    outer loop
      vertex 84.8827 43.5761 0
      vertex 84.9714 43.6181 -1.6
      vertex 84.8827 43.5761 -1.6
    endloop
  endfacet
  facet normal -0.513596 0.858032 0
    outer loop
      vertex 85.0556 43.6685 -1.6
      vertex 84.9714 43.6181 0
      vertex 85.0556 43.6685 0
    endloop
  endfacet
  facet normal -0.513596 0.858032 0
    outer loop
      vertex 84.9714 43.6181 0
      vertex 85.0556 43.6685 -1.6
      vertex 84.9714 43.6181 -1.6
    endloop
  endfacet
  facet normal -0.59608 0.802925 0
    outer loop
      vertex 85.1344 43.727 -1.6
      vertex 85.0556 43.6685 0
      vertex 85.1344 43.727 0
    endloop
  endfacet
  facet normal -0.59608 0.802925 0
    outer loop
      vertex 85.0556 43.6685 0
      vertex 85.1344 43.727 -1.6
      vertex 85.0556 43.6685 -1.6
    endloop
  endfacet
  facet normal -0.671607 0.740908 0
    outer loop
      vertex 85.2071 43.7929 -1.6
      vertex 85.1344 43.727 0
      vertex 85.2071 43.7929 0
    endloop
  endfacet
  facet normal -0.671607 0.740908 0
    outer loop
      vertex 85.1344 43.727 0
      vertex 85.2071 43.7929 -1.6
      vertex 85.1344 43.727 -1.6
    endloop
  endfacet
  facet normal -0.740908 0.671607 0
    outer loop
      vertex 85.2071 43.7929 -1.6
      vertex 85.273 43.8656 0
      vertex 85.273 43.8656 -1.6
    endloop
  endfacet
  facet normal -0.740908 0.671607 0
    outer loop
      vertex 85.273 43.8656 0
      vertex 85.2071 43.7929 -1.6
      vertex 85.2071 43.7929 0
    endloop
  endfacet
  facet normal -0.802925 0.59608 0
    outer loop
      vertex 85.273 43.8656 -1.6
      vertex 85.3315 43.9444 0
      vertex 85.3315 43.9444 -1.6
    endloop
  endfacet
  facet normal -0.802925 0.59608 0
    outer loop
      vertex 85.3315 43.9444 0
      vertex 85.273 43.8656 -1.6
      vertex 85.273 43.8656 0
    endloop
  endfacet
  facet normal -0.858032 0.513596 0
    outer loop
      vertex 85.3315 43.9444 -1.6
      vertex 85.3819 44.0286 0
      vertex 85.3819 44.0286 -1.6
    endloop
  endfacet
  facet normal -0.858032 0.513596 0
    outer loop
      vertex 85.3819 44.0286 0
      vertex 85.3315 43.9444 -1.6
      vertex 85.3315 43.9444 0
    endloop
  endfacet
  facet normal -0.9038 0.427955 0
    outer loop
      vertex 85.3819 44.0286 -1.6
      vertex 85.4239 44.1173 0
      vertex 85.4239 44.1173 -1.6
    endloop
  endfacet
  facet normal -0.9038 0.427955 0
    outer loop
      vertex 85.4239 44.1173 0
      vertex 85.3819 44.0286 -1.6
      vertex 85.3819 44.0286 0
    endloop
  endfacet
  facet normal -0.941742 0.336336 0
    outer loop
      vertex 85.4239 44.1173 -1.6
      vertex 85.4569 44.2097 0
      vertex 85.4569 44.2097 -1.6
    endloop
  endfacet
  facet normal -0.941742 0.336336 0
    outer loop
      vertex 85.4569 44.2097 0
      vertex 85.4239 44.1173 -1.6
      vertex 85.4239 44.1173 0
    endloop
  endfacet
  facet normal -0.969902 0.243494 0
    outer loop
      vertex 85.4569 44.2097 -1.6
      vertex 85.4808 44.3049 0
      vertex 85.4808 44.3049 -1.6
    endloop
  endfacet
  facet normal -0.969902 0.243494 0
    outer loop
      vertex 85.4808 44.3049 0
      vertex 85.4569 44.2097 -1.6
      vertex 85.4569 44.2097 0
    endloop
  endfacet
  facet normal -0.989182 0.146696 0
    outer loop
      vertex 85.4808 44.3049 -1.6
      vertex 85.4952 44.402 0
      vertex 85.4952 44.402 -1.6
    endloop
  endfacet
  facet normal -0.989182 0.146696 0
    outer loop
      vertex 85.4952 44.402 0
      vertex 85.4808 44.3049 -1.6
      vertex 85.4808 44.3049 0
    endloop
  endfacet
  facet normal -0.998803 0.0489209 0
    outer loop
      vertex 85.4952 44.402 -1.6
      vertex 85.5 44.5 0
      vertex 85.5 44.5 -1.6
    endloop
  endfacet
  facet normal -0.998803 0.0489209 0
    outer loop
      vertex 85.5 44.5 0
      vertex 85.4952 44.402 -1.6
      vertex 85.4952 44.402 0
    endloop
  endfacet
  facet normal -1 0 0
    outer loop
      vertex 85.5 44.5 -1.6
      vertex 85.5 47 0
      vertex 85.5 47 -1.6
    endloop
  endfacet
  facet normal -1 -0 0
    outer loop
      vertex 85.5 47 0
      vertex 85.5 44.5 -1.6
      vertex 85.5 44.5 0
    endloop
  endfacet
  facet normal 0 1 -0
    outer loop
      vertex 93 47 -1.6
      vertex 85.5 47 0
      vertex 93 47 0
    endloop
  endfacet
  facet normal 0 1 0
    outer loop
      vertex 85.5 47 0
      vertex 93 47 -1.6
      vertex 85.5 47 -1.6
    endloop
  endfacet
  facet normal 0.0492431 0.998787 -0
    outer loop
      vertex 93.2941 46.9855 -1.6
      vertex 93 47 0
      vertex 93.2941 46.9855 0
    endloop
  endfacet
  facet normal 0.0492431 0.998787 0
    outer loop
      vertex 93 47 0
      vertex 93.2941 46.9855 -1.6
      vertex 93 47 -1.6
    endloop
  endfacet
  facet normal -0 0 1
    outer loop
      vertex 11.25 43.75 1.8
      vertex 12.65 43.4546 1.8
      vertex 12.65 45.15 1.8
    endloop
  endfacet
  facet normal 0 0 1
    outer loop
      vertex 12.65 43.4546 1.8
      vertex 12.2158 40.3033 1.8
      vertex 12.5522 39.8497 1.8
    endloop
  endfacet
  facet normal 0 0 1
    outer loop
      vertex 12.65 43.4546 1.8
      vertex 11.9255 40.7877 1.8
      vertex 12.2158 40.3033 1.8
    endloop
  endfacet
  facet normal 0 0 1
    outer loop
      vertex 12.65 43.4546 1.8
      vertex 11.6841 41.2981 1.8
      vertex 11.9255 40.7877 1.8
    endloop
  endfacet
  facet normal 0 0 1
    outer loop
      vertex 12.65 43.4546 1.8
      vertex 11.4939 41.8297 1.8
      vertex 11.6841 41.2981 1.8
    endloop
  endfacet
  facet normal 0 0 1
    outer loop
      vertex 12.65 43.4546 1.8
      vertex 11.3566 42.3774 1.8
      vertex 11.4939 41.8297 1.8
    endloop
  endfacet
  facet normal 0 0 1
    outer loop
      vertex 12.65 43.4546 1.8
      vertex 11.2738 42.936 1.8
      vertex 11.3566 42.3774 1.8
    endloop
  endfacet
  facet normal 0 0 1
    outer loop
      vertex 12.65 43.4546 1.8
      vertex 11.25 43.75 1.8
      vertex 11.25 43.4202 1.8
    endloop
  endfacet
  facet normal -0 0 1
    outer loop
      vertex 9.04517 45.15 1.8
      vertex 11.25 43.75 1.8
      vertex 12.65 45.15 1.8
    endloop
  endfacet
  facet normal -0 0 1
    outer loop
      vertex 8.88753 45.1422 1.8
      vertex 9.25 43.75 1.8
      vertex 9.04517 45.15 1.8
    endloop
  endfacet
  facet normal 0 0 1
    outer loop
      vertex 11.25 43.75 1.8
      vertex 9.04517 45.15 1.8
      vertex 9.25 43.75 1.8
    endloop
  endfacet
  facet normal 0 0 1
    outer loop
      vertex 77.316 43.75 1.8
      vertex 78.65 44.4545 1.8
      vertex 78.65 45.15 1.8
    endloop
  endfacet
  facet normal 0 0 1
    outer loop
      vertex 78.65 44.4545 1.8
      vertex 78.2117 41.8013 1.8
      vertex 78.492 41.492 1.8
    endloop
  endfacet
  facet normal 0 0 1
    outer loop
      vertex 78.65 44.4545 1.8
      vertex 77.963 42.1367 1.8
      vertex 78.2117 41.8013 1.8
    endloop
  endfacet
  facet normal 0 0 1
    outer loop
      vertex 78.65 44.4545 1.8
      vertex 77.7484 42.4948 1.8
      vertex 77.963 42.1367 1.8
    endloop
  endfacet
  facet normal 0 0 1
    outer loop
      vertex 78.65 44.4545 1.8
      vertex 77.5699 42.8721 1.8
      vertex 77.7484 42.4948 1.8
    endloop
  endfacet
  facet normal 0 0 1
    outer loop
      vertex 78.65 44.4545 1.8
      vertex 77.4293 43.2651 1.8
      vertex 77.5699 42.8721 1.8
    endloop
  endfacet
  facet normal 0 0 1
    outer loop
      vertex 78.65 44.4545 1.8
      vertex 77.3278 43.6702 1.8
      vertex 77.4293 43.2651 1.8
    endloop
  endfacet
  facet normal 0 0 1
    outer loop
      vertex 78.65 44.4545 1.8
      vertex 77.316 43.75 1.8
      vertex 77.3278 43.6702 1.8
    endloop
  endfacet
  facet normal 0 0 1
    outer loop
      vertex 78.65 45.15 1.8
      vertex 26.75 43.75 1.8
      vertex 77.316 43.75 1.8
    endloop
  endfacet
  facet normal -0 0 1
    outer loop
      vertex 25.35 43.4546 1.8
      vertex 26.75 43.4202 1.8
      vertex 26.75 43.75 1.8
    endloop
  endfacet
  facet normal 0 0 1
    outer loop
      vertex 25.3313 43.0734 1.8
      vertex 26.75 43.4202 1.8
      vertex 25.35 43.4546 1.8
    endloop
  endfacet
  facet normal 0 0 1
    outer loop
      vertex 26.7262 42.936 1.8
      vertex 25.3313 43.0734 1.8
      vertex 26.6434 42.3774 1.8
    endloop
  endfacet
  facet normal -0 0 1
    outer loop
      vertex 25.2686 42.6509 1.8
      vertex 26.6434 42.3774 1.8
      vertex 25.3313 43.0734 1.8
    endloop
  endfacet
  facet normal -0 0 1
    outer loop
      vertex 25.1648 42.2366 1.8
      vertex 26.5061 41.8297 1.8
      vertex 25.2686 42.6509 1.8
    endloop
  endfacet
  facet normal 0 0 1
    outer loop
      vertex 26.5061 41.8297 1.8
      vertex 25.1648 42.2366 1.8
      vertex 26.3159 41.2981 1.8
    endloop
  endfacet
  facet normal 0 0 1
    outer loop
      vertex 26.3159 41.2981 1.8
      vertex 25.0209 41.8345 1.8
      vertex 26.0745 40.7877 1.8
    endloop
  endfacet
  facet normal -0 0 1
    outer loop
      vertex 25.35 45.15 1.8
      vertex 26.75 43.75 1.8
      vertex 78.65 45.15 1.8
    endloop
  endfacet
  facet normal 0 0 1
    outer loop
      vertex 25.35 43.4546 1.8
      vertex 26.75 43.75 1.8
      vertex 25.35 45.15 1.8
    endloop
  endfacet
  facet normal 0 0 1
    outer loop
      vertex 26.75 43.4202 1.8
      vertex 25.3313 43.0734 1.8
      vertex 26.7262 42.936 1.8
    endloop
  endfacet
  facet normal 0 0 1
    outer loop
      vertex 26.6434 42.3774 1.8
      vertex 25.2686 42.6509 1.8
      vertex 26.5061 41.8297 1.8
    endloop
  endfacet
  facet normal -0 0 1
    outer loop
      vertex 25.0209 41.8345 1.8
      vertex 26.3159 41.2981 1.8
      vertex 25.1648 42.2366 1.8
    endloop
  endfacet
  facet normal -0 0 1
    outer loop
      vertex 24.8383 41.4484 1.8
      vertex 26.0745 40.7877 1.8
      vertex 25.0209 41.8345 1.8
    endloop
  endfacet
  facet normal 0 0 1
    outer loop
      vertex 26.0745 40.7877 1.8
      vertex 24.8383 41.4484 1.8
      vertex 25.7842 40.3033 1.8
    endloop
  endfacet
  facet normal -0 0 1
    outer loop
      vertex 24.6187 41.082 1.8
      vertex 25.7842 40.3033 1.8
      vertex 24.8383 41.4484 1.8
    endloop
  endfacet
  facet normal 0 0 1
    outer loop
      vertex 25.7842 40.3033 1.8
      vertex 24.6187 41.082 1.8
      vertex 25.4478 39.8497 1.8
    endloop
  endfacet
  facet normal -0 0 1
    outer loop
      vertex 24.3643 40.7389 1.8
      vertex 25.4478 39.8497 1.8
      vertex 24.6187 41.082 1.8
    endloop
  endfacet
  facet normal 0 0 1
    outer loop
      vertex 25.4478 39.8497 1.8
      vertex 24.3643 40.7389 1.8
      vertex 25.0686 39.4314 1.8
    endloop
  endfacet
  facet normal -0 0 1
    outer loop
      vertex 24.0775 40.4225 1.8
      vertex 25.0686 39.4314 1.8
      vertex 24.3643 40.7389 1.8
    endloop
  endfacet
  facet normal 0 0 1
    outer loop
      vertex 25.0686 39.4314 1.8
      vertex 24.0775 40.4225 1.8
      vertex 24.6503 39.0522 1.8
    endloop
  endfacet
  facet normal -0 0 1
    outer loop
      vertex 23.7611 40.1357 1.8
      vertex 24.6503 39.0522 1.8
      vertex 24.0775 40.4225 1.8
    endloop
  endfacet
  facet normal 0 0 1
    outer loop
      vertex 24.6503 39.0522 1.8
      vertex 23.7611 40.1357 1.8
      vertex 24.1967 38.7158 1.8
    endloop
  endfacet
  facet normal -0 0 1
    outer loop
      vertex 23.418 39.8813 1.8
      vertex 24.1967 38.7158 1.8
      vertex 23.7611 40.1357 1.8
    endloop
  endfacet
  facet normal 0 0 1
    outer loop
      vertex 24.1967 38.7158 1.8
      vertex 23.418 39.8813 1.8
      vertex 23.7123 38.4255 1.8
    endloop
  endfacet
  facet normal -0 0 1
    outer loop
      vertex 23.0516 39.6617 1.8
      vertex 23.7123 38.4255 1.8
      vertex 23.418 39.8813 1.8
    endloop
  endfacet
  facet normal 0 0 1
    outer loop
      vertex 23.7123 38.4255 1.8
      vertex 23.0516 39.6617 1.8
      vertex 23.2019 38.1841 1.8
    endloop
  endfacet
  facet normal -0 0 1
    outer loop
      vertex 22.6655 39.4791 1.8
      vertex 23.2019 38.1841 1.8
      vertex 23.0516 39.6617 1.8
    endloop
  endfacet
  facet normal 0 0 1
    outer loop
      vertex 23.2019 38.1841 1.8
      vertex 22.6655 39.4791 1.8
      vertex 22.6703 37.9939 1.8
    endloop
  endfacet
  facet normal -0 0 1
    outer loop
      vertex 22.2634 39.3352 1.8
      vertex 22.6703 37.9939 1.8
      vertex 22.6655 39.4791 1.8
    endloop
  endfacet
  facet normal 0 0 1
    outer loop
      vertex 22.2634 39.3352 1.8
      vertex 22.1226 37.8566 1.8
      vertex 22.6703 37.9939 1.8
    endloop
  endfacet
  facet normal -0 0 1
    outer loop
      vertex 21.8491 39.2314 1.8
      vertex 22.1226 37.8566 1.8
      vertex 22.2634 39.3352 1.8
    endloop
  endfacet
  facet normal 0 0 1
    outer loop
      vertex 21.8491 39.2314 1.8
      vertex 21.564 37.7738 1.8
      vertex 22.1226 37.8566 1.8
    endloop
  endfacet
  facet normal -0 0 1
    outer loop
      vertex 21.4266 39.1687 1.8
      vertex 21.564 37.7738 1.8
      vertex 21.8491 39.2314 1.8
    endloop
  endfacet
  facet normal 0 0 1
    outer loop
      vertex 21.4266 39.1687 1.8
      vertex 21.0798 37.75 1.8
      vertex 21.564 37.7738 1.8
    endloop
  endfacet
  facet normal -0 0 1
    outer loop
      vertex 21.0454 39.15 1.8
      vertex 21.0798 37.75 1.8
      vertex 21.4266 39.1687 1.8
    endloop
  endfacet
  facet normal -0 0 1
    outer loop
      vertex 16.9546 39.15 1.8
      vertex 21.0798 37.75 1.8
      vertex 21.0454 39.15 1.8
    endloop
  endfacet
  facet normal 0 0 1
    outer loop
      vertex 16.9546 39.15 1.8
      vertex 16.9202 37.75 1.8
      vertex 21.0798 37.75 1.8
    endloop
  endfacet
  facet normal 0 0 1
    outer loop
      vertex 16.5734 39.1687 1.8
      vertex 16.9202 37.75 1.8
      vertex 16.9546 39.15 1.8
    endloop
  endfacet
  facet normal 0 0 1
    outer loop
      vertex 16.5734 39.1687 1.8
      vertex 16.436 37.7738 1.8
      vertex 16.9202 37.75 1.8
    endloop
  endfacet
  facet normal 0 0 1
    outer loop
      vertex 16.1509 39.2314 1.8
      vertex 16.436 37.7738 1.8
      vertex 16.5734 39.1687 1.8
    endloop
  endfacet
  facet normal 0 0 1
    outer loop
      vertex 16.1509 39.2314 1.8
      vertex 15.8774 37.8566 1.8
      vertex 16.436 37.7738 1.8
    endloop
  endfacet
  facet normal 0 0 1
    outer loop
      vertex 15.7366 39.3352 1.8
      vertex 15.8774 37.8566 1.8
      vertex 16.1509 39.2314 1.8
    endloop
  endfacet
  facet normal 0 0 1
    outer loop
      vertex 15.3297 37.9939 1.8
      vertex 15.7366 39.3352 1.8
      vertex 15.3345 39.4791 1.8
    endloop
  endfacet
  facet normal 0 0 1
    outer loop
      vertex 15.7366 39.3352 1.8
      vertex 15.3297 37.9939 1.8
      vertex 15.8774 37.8566 1.8
    endloop
  endfacet
  facet normal 0 0 1
    outer loop
      vertex 14.7981 38.1841 1.8
      vertex 15.3345 39.4791 1.8
      vertex 14.9484 39.6617 1.8
    endloop
  endfacet
  facet normal 0 0 1
    outer loop
      vertex 15.3345 39.4791 1.8
      vertex 14.7981 38.1841 1.8
      vertex 15.3297 37.9939 1.8
    endloop
  endfacet
  facet normal 0 0 1
    outer loop
      vertex 14.2877 38.4255 1.8
      vertex 14.9484 39.6617 1.8
      vertex 14.582 39.8813 1.8
    endloop
  endfacet
  facet normal 0 0 1
    outer loop
      vertex 14.9484 39.6617 1.8
      vertex 14.2877 38.4255 1.8
      vertex 14.7981 38.1841 1.8
    endloop
  endfacet
  facet normal 0 0 1
    outer loop
      vertex 13.8033 38.7158 1.8
      vertex 14.582 39.8813 1.8
      vertex 14.2389 40.1357 1.8
    endloop
  endfacet
  facet normal 0 0 1
    outer loop
      vertex 13.3497 39.0522 1.8
      vertex 14.2389 40.1357 1.8
      vertex 13.9225 40.4225 1.8
    endloop
  endfacet
  facet normal 0 0 1
    outer loop
      vertex 14.582 39.8813 1.8
      vertex 13.8033 38.7158 1.8
      vertex 14.2877 38.4255 1.8
    endloop
  endfacet
  facet normal 0 0 1
    outer loop
      vertex 12.9314 39.4314 1.8
      vertex 13.9225 40.4225 1.8
      vertex 13.6357 40.7389 1.8
    endloop
  endfacet
  facet normal 0 0 1
    outer loop
      vertex 12.5522 39.8497 1.8
      vertex 13.6357 40.7389 1.8
      vertex 13.3813 41.082 1.8
    endloop
  endfacet
  facet normal 0 0 1
    outer loop
      vertex 14.2389 40.1357 1.8
      vertex 13.3497 39.0522 1.8
      vertex 13.8033 38.7158 1.8
    endloop
  endfacet
  facet normal 0 0 1
    outer loop
      vertex 12.5522 39.8497 1.8
      vertex 13.3813 41.082 1.8
      vertex 13.1617 41.4484 1.8
    endloop
  endfacet
  facet normal 0 0 1
    outer loop
      vertex 12.5522 39.8497 1.8
      vertex 13.1617 41.4484 1.8
      vertex 12.9791 41.8345 1.8
    endloop
  endfacet
  facet normal 0 0 1
    outer loop
      vertex 13.9225 40.4225 1.8
      vertex 12.9314 39.4314 1.8
      vertex 13.3497 39.0522 1.8
    endloop
  endfacet
  facet normal 0 0 1
    outer loop
      vertex 12.5522 39.8497 1.8
      vertex 12.9791 41.8345 1.8
      vertex 12.8352 42.2366 1.8
    endloop
  endfacet
  facet normal 0 0 1
    outer loop
      vertex 12.5522 39.8497 1.8
      vertex 12.8352 42.2366 1.8
      vertex 12.7314 42.6509 1.8
    endloop
  endfacet
  facet normal 0 0 1
    outer loop
      vertex 12.5522 39.8497 1.8
      vertex 12.7314 42.6509 1.8
      vertex 12.6687 43.0734 1.8
    endloop
  endfacet
  facet normal 0 0 1
    outer loop
      vertex 13.6357 40.7389 1.8
      vertex 12.5522 39.8497 1.8
      vertex 12.9314 39.4314 1.8
    endloop
  endfacet
  facet normal 0 0 1
    outer loop
      vertex 12.5522 39.8497 1.8
      vertex 12.6687 43.0734 1.8
      vertex 12.65 43.4546 1.8
    endloop
  endfacet
  facet normal 0 0 1
    outer loop
      vertex 92.75 43.75 1.8
      vertex 94.15 43.9548 1.8
      vertex 94.1422 44.1125 1.8
    endloop
  endfacet
  facet normal 0 0 1
    outer loop
      vertex 94.15 43.9548 1.8
      vertex 92.75 43.75 1.8
      vertex 94.15 -43.9548 1.8
    endloop
  endfacet
  facet normal 0 0 1
    outer loop
      vertex 92.75 43.75 1.8
      vertex 94.1422 44.1125 1.8
      vertex 94.1257 44.2239 1.8
    endloop
  endfacet
  facet normal -0 0 1
    outer loop
      vertex 92.75 -43.75 1.8
      vertex 94.15 -43.9548 1.8
      vertex 92.75 43.75 1.8
    endloop
  endfacet
  facet normal 0 0 1
    outer loop
      vertex 92.75 43.75 1.8
      vertex 94.1257 44.2239 1.8
      vertex 94.0984 44.3331 1.8
    endloop
  endfacet
  facet normal 0 0 1
    outer loop
      vertex 94.15 -43.9548 1.8
      vertex 92.75 -43.75 1.8
      vertex 94.1422 -44.1125 1.8
    endloop
  endfacet
  facet normal 0 0 1
    outer loop
      vertex 92.75 43.75 1.8
      vertex 94.0984 44.3331 1.8
      vertex 94.0604 44.4393 1.8
    endloop
  endfacet
  facet normal 0 0 1
    outer loop
      vertex 94.1422 -44.1125 1.8
      vertex 92.75 -43.75 1.8
      vertex 94.1257 -44.2239 1.8
    endloop
  endfacet
  facet normal 0 0 1
    outer loop
      vertex 92.75 43.75 1.8
      vertex 94.0604 44.4393 1.8
      vertex 94.0122 44.5412 1.8
    endloop
  endfacet
  facet normal 0 0 1
    outer loop
      vertex 94.1257 -44.2239 1.8
      vertex 92.75 -43.75 1.8
      vertex 94.0984 -44.3331 1.8
    endloop
  endfacet
  facet normal 0 0 1
    outer loop
      vertex 92.75 43.75 1.8
      vertex 94.0122 44.5412 1.8
      vertex 93.9544 44.6376 1.8
    endloop
  endfacet
  facet normal 0 0 1
    outer loop
      vertex 94.0984 -44.3331 1.8
      vertex 92.75 -43.75 1.8
      vertex 94.0604 -44.4393 1.8
    endloop
  endfacet
  facet normal 0 0 1
    outer loop
      vertex 92.75 43.75 1.8
      vertex 93.9544 44.6376 1.8
      vertex 93.8873 44.7281 1.8
    endloop
  endfacet
  facet normal 0 0 1
    outer loop
      vertex 94.0604 -44.4393 1.8
      vertex 92.75 -43.75 1.8
      vertex 94.0122 -44.5412 1.8
    endloop
  endfacet
  facet normal 0 0 1
    outer loop
      vertex 92.75 43.75 1.8
      vertex 93.8873 44.7281 1.8
      vertex 93.8116 44.8116 1.8
    endloop
  endfacet
  facet normal 0 0 1
    outer loop
      vertex 94.0122 -44.5412 1.8
      vertex 92.75 -43.75 1.8
      vertex 93.9544 -44.6376 1.8
    endloop
  endfacet
  facet normal 0 0 1
    outer loop
      vertex 92.75 43.75 1.8
      vertex 93.8116 44.8116 1.8
      vertex 93.7281 44.8873 1.8
    endloop
  endfacet
  facet normal 0 0 1
    outer loop
      vertex 93.9544 -44.6376 1.8
      vertex 92.75 -43.75 1.8
      vertex 93.8873 -44.7281 1.8
    endloop
  endfacet
  facet normal 0 0 1
    outer loop
      vertex 92.75 43.75 1.8
      vertex 93.7281 44.8873 1.8
      vertex 93.6376 44.9544 1.8
    endloop
  endfacet
  facet normal 0 0 1
    outer loop
      vertex 93.8873 -44.7281 1.8
      vertex 92.75 -43.75 1.8
      vertex 93.8116 -44.8116 1.8
    endloop
  endfacet
  facet normal 0 0 1
    outer loop
      vertex 92.75 43.75 1.8
      vertex 93.6376 44.9544 1.8
      vertex 93.5412 45.0122 1.8
    endloop
  endfacet
  facet normal 0 0 1
    outer loop
      vertex 93.8116 -44.8116 1.8
      vertex 92.75 -43.75 1.8
      vertex 93.7281 -44.8873 1.8
    endloop
  endfacet
  facet normal 0 0 1
    outer loop
      vertex 92.75 43.75 1.8
      vertex 93.5412 45.0122 1.8
      vertex 93.4393 45.0604 1.8
    endloop
  endfacet
  facet normal 0 0 1
    outer loop
      vertex 93.7281 -44.8873 1.8
      vertex 92.75 -43.75 1.8
      vertex 93.6376 -44.9544 1.8
    endloop
  endfacet
  facet normal 0 0 1
    outer loop
      vertex 92.75 43.75 1.8
      vertex 93.4393 45.0604 1.8
      vertex 93.3331 45.0984 1.8
    endloop
  endfacet
  facet normal 0 0 1
    outer loop
      vertex 93.6376 -44.9544 1.8
      vertex 92.75 -43.75 1.8
      vertex 93.5412 -45.0122 1.8
    endloop
  endfacet
  facet normal 0 0 1
    outer loop
      vertex 92.75 43.75 1.8
      vertex 93.3331 45.0984 1.8
      vertex 93.2239 45.1257 1.8
    endloop
  endfacet
  facet normal 0 0 1
    outer loop
      vertex 93.5412 -45.0122 1.8
      vertex 92.75 -43.75 1.8
      vertex 93.4393 -45.0604 1.8
    endloop
  endfacet
  facet normal 0 0 1
    outer loop
      vertex 92.75 43.75 1.8
      vertex 93.2239 45.1257 1.8
      vertex 93.1125 45.1422 1.8
    endloop
  endfacet
  facet normal 0 0 1
    outer loop
      vertex 93.4393 -45.0604 1.8
      vertex 92.75 -43.75 1.8
      vertex 93.3331 -45.0984 1.8
    endloop
  endfacet
  facet normal 0 0 1
    outer loop
      vertex 92.75 43.75 1.8
      vertex 93.1125 45.1422 1.8
      vertex 92.9548 45.15 1.8
    endloop
  endfacet
  facet normal 0 0 1
    outer loop
      vertex 93.3331 -45.0984 1.8
      vertex 92.75 -43.75 1.8
      vertex 93.2239 -45.1257 1.8
    endloop
  endfacet
  facet normal 0 0 1
    outer loop
      vertex 93.2239 -45.1257 1.8
      vertex 92.75 -43.75 1.8
      vertex 93.1125 -45.1422 1.8
    endloop
  endfacet
  facet normal 0 0 1
    outer loop
      vertex 92.9548 45.15 1.8
      vertex 88.684 43.75 1.8
      vertex 92.75 43.75 1.8
    endloop
  endfacet
  facet normal 0 0 1
    outer loop
      vertex 87.2974 43.9436 1.8
      vertex 88.6722 43.6702 1.8
      vertex 88.684 43.75 1.8
    endloop
  endfacet
  facet normal 0 0 1
    outer loop
      vertex 88.6722 43.6702 1.8
      vertex 87.2974 43.9436 1.8
      vertex 88.5707 43.2651 1.8
    endloop
  endfacet
  facet normal 0 0 1
    outer loop
      vertex 88.5707 43.2651 1.8
      vertex 87.2294 43.672 1.8
      vertex 88.4301 42.8721 1.8
    endloop
  endfacet
  facet normal -0 0 1
    outer loop
      vertex 87.1351 43.4085 1.8
      vertex 88.4301 42.8721 1.8
      vertex 87.2294 43.672 1.8
    endloop
  endfacet
  facet normal -0 0 1
    outer loop
      vertex 87.0155 43.1555 1.8
      vertex 88.2516 42.4948 1.8
      vertex 87.1351 43.4085 1.8
    endloop
  endfacet
  facet normal 0 0 1
    outer loop
      vertex 88.2516 42.4948 1.8
      vertex 87.0155 43.1555 1.8
      vertex 88.037 42.1367 1.8
    endloop
  endfacet
  facet normal -0 0 1
    outer loop
      vertex 87.35 45.15 1.8
      vertex 88.684 43.75 1.8
      vertex 92.9548 45.15 1.8
    endloop
  endfacet
  facet normal -0 0 1
    outer loop
      vertex 87.35 44.4545 1.8
      vertex 88.684 43.75 1.8
      vertex 87.35 45.15 1.8
    endloop
  endfacet
  facet normal -0 0 1
    outer loop
      vertex 87.3385 44.2204 1.8
      vertex 88.684 43.75 1.8
      vertex 87.35 44.4545 1.8
    endloop
  endfacet
  facet normal -0 0 1
    outer loop
      vertex 87.2974 43.9436 1.8
      vertex 88.684 43.75 1.8
      vertex 87.3385 44.2204 1.8
    endloop
  endfacet
  facet normal 0 0 1
    outer loop
      vertex 88.5707 43.2651 1.8
      vertex 87.2974 43.9436 1.8
      vertex 87.2294 43.672 1.8
    endloop
  endfacet
  facet normal 0 0 1
    outer loop
      vertex 88.4301 42.8721 1.8
      vertex 87.1351 43.4085 1.8
      vertex 88.2516 42.4948 1.8
    endloop
  endfacet
  facet normal -0 0 1
    outer loop
      vertex 86.8716 42.9154 1.8
      vertex 88.037 42.1367 1.8
      vertex 87.0155 43.1555 1.8
    endloop
  endfacet
  facet normal 0 0 1
    outer loop
      vertex 88.037 42.1367 1.8
      vertex 86.8716 42.9154 1.8
      vertex 87.7883 41.8013 1.8
    endloop
  endfacet
  facet normal -0 0 1
    outer loop
      vertex 86.7048 42.6906 1.8
      vertex 87.7883 41.8013 1.8
      vertex 86.8716 42.9154 1.8
    endloop
  endfacet
  facet normal 0 0 1
    outer loop
      vertex 87.7883 41.8013 1.8
      vertex 86.7048 42.6906 1.8
      vertex 87.508 41.492 1.8
    endloop
  endfacet
  facet normal -0 0 1
    outer loop
      vertex 86.5168 42.4832 1.8
      vertex 87.508 41.492 1.8
      vertex 86.7048 42.6906 1.8
    endloop
  endfacet
  facet normal 0 0 1
    outer loop
      vertex 87.508 41.492 1.8
      vertex 86.5168 42.4832 1.8
      vertex 87.1987 41.2117 1.8
    endloop
  endfacet
  facet normal -0 0 1
    outer loop
      vertex 86.3094 42.2952 1.8
      vertex 87.1987 41.2117 1.8
      vertex 86.5168 42.4832 1.8
    endloop
  endfacet
  facet normal 0 0 1
    outer loop
      vertex 87.1987 41.2117 1.8
      vertex 86.3094 42.2952 1.8
      vertex 86.8633 40.963 1.8
    endloop
  endfacet
  facet normal -0 0 1
    outer loop
      vertex 86.0846 42.1284 1.8
      vertex 86.8633 40.963 1.8
      vertex 86.3094 42.2952 1.8
    endloop
  endfacet
  facet normal 0 0 1
    outer loop
      vertex 86.8633 40.963 1.8
      vertex 86.0846 42.1284 1.8
      vertex 86.5052 40.7484 1.8
    endloop
  endfacet
  facet normal -0 0 1
    outer loop
      vertex 85.8445 41.9845 1.8
      vertex 86.5052 40.7484 1.8
      vertex 86.0846 42.1284 1.8
    endloop
  endfacet
  facet normal 0 0 1
    outer loop
      vertex 86.5052 40.7484 1.8
      vertex 85.8445 41.9845 1.8
      vertex 86.1279 40.5699 1.8
    endloop
  endfacet
  facet normal -0 0 1
    outer loop
      vertex 85.5915 41.8649 1.8
      vertex 86.1279 40.5699 1.8
      vertex 85.8445 41.9845 1.8
    endloop
  endfacet
  facet normal 0 0 1
    outer loop
      vertex 86.1279 40.5699 1.8
      vertex 85.5915 41.8649 1.8
      vertex 85.7349 40.4293 1.8
    endloop
  endfacet
  facet normal -0 0 1
    outer loop
      vertex 85.328 41.7706 1.8
      vertex 85.7349 40.4293 1.8
      vertex 85.5915 41.8649 1.8
    endloop
  endfacet
  facet normal 0 0 1
    outer loop
      vertex 85.7349 40.4293 1.8
      vertex 85.328 41.7706 1.8
      vertex 85.3298 40.3278 1.8
    endloop
  endfacet
  facet normal -0 0 1
    outer loop
      vertex 85.0564 41.7026 1.8
      vertex 85.3298 40.3278 1.8
      vertex 85.328 41.7706 1.8
    endloop
  endfacet
  facet normal 0 0 1
    outer loop
      vertex 85.0564 41.7026 1.8
      vertex 84.9169 40.2666 1.8
      vertex 85.3298 40.3278 1.8
    endloop
  endfacet
  facet normal -0 0 1
    outer loop
      vertex 84.7796 41.6615 1.8
      vertex 84.9169 40.2666 1.8
      vertex 85.0564 41.7026 1.8
    endloop
  endfacet
  facet normal 0 0 1
    outer loop
      vertex 84.7796 41.6615 1.8
      vertex 84.5799 40.25 1.8
      vertex 84.9169 40.2666 1.8
    endloop
  endfacet
  facet normal -0 0 1
    outer loop
      vertex 84.5455 41.65 1.8
      vertex 84.5799 40.25 1.8
      vertex 84.7796 41.6615 1.8
    endloop
  endfacet
  facet normal -0 0 1
    outer loop
      vertex 81.4545 41.65 1.8
      vertex 84.5799 40.25 1.8
      vertex 84.5455 41.65 1.8
    endloop
  endfacet
  facet normal 0 0 1
    outer loop
      vertex 81.4545 41.65 1.8
      vertex 81.4201 40.25 1.8
      vertex 84.5799 40.25 1.8
    endloop
  endfacet
  facet normal 0 0 1
    outer loop
      vertex 81.2204 41.6615 1.8
      vertex 81.4201 40.25 1.8
      vertex 81.4545 41.65 1.8
    endloop
  endfacet
  facet normal 0 0 1
    outer loop
      vertex 81.2204 41.6615 1.8
      vertex 81.0831 40.2666 1.8
      vertex 81.4201 40.25 1.8
    endloop
  endfacet
  facet normal 0 0 1
    outer loop
      vertex 80.9436 41.7026 1.8
      vertex 81.0831 40.2666 1.8
      vertex 81.2204 41.6615 1.8
    endloop
  endfacet
  facet normal 0 0 1
    outer loop
      vertex 80.6702 40.3278 1.8
      vertex 80.9436 41.7026 1.8
      vertex 80.672 41.7706 1.8
    endloop
  endfacet
  facet normal 0 0 1
    outer loop
      vertex 80.9436 41.7026 1.8
      vertex 80.6702 40.3278 1.8
      vertex 81.0831 40.2666 1.8
    endloop
  endfacet
  facet normal 0 0 1
    outer loop
      vertex 80.2651 40.4293 1.8
      vertex 80.672 41.7706 1.8
      vertex 80.4085 41.8649 1.8
    endloop
  endfacet
  facet normal 0 0 1
    outer loop
      vertex 80.672 41.7706 1.8
      vertex 80.2651 40.4293 1.8
      vertex 80.6702 40.3278 1.8
    endloop
  endfacet
  facet normal 0 0 1
    outer loop
      vertex 79.8721 40.5699 1.8
      vertex 80.4085 41.8649 1.8
      vertex 80.1555 41.9845 1.8
    endloop
  endfacet
  facet normal 0 0 1
    outer loop
      vertex 79.4948 40.7484 1.8
      vertex 80.1555 41.9845 1.8
      vertex 79.9154 42.1284 1.8
    endloop
  endfacet
  facet normal 0 0 1
    outer loop
      vertex 80.4085 41.8649 1.8
      vertex 79.8721 40.5699 1.8
      vertex 80.2651 40.4293 1.8
    endloop
  endfacet
  facet normal 0 0 1
    outer loop
      vertex 79.1367 40.963 1.8
      vertex 79.9154 42.1284 1.8
      vertex 79.6906 42.2952 1.8
    endloop
  endfacet
  facet normal 0 0 1
    outer loop
      vertex 80.1555 41.9845 1.8
      vertex 79.4948 40.7484 1.8
      vertex 79.8721 40.5699 1.8
    endloop
  endfacet
  facet normal 0 0 1
    outer loop
      vertex 78.8013 41.2117 1.8
      vertex 79.6906 42.2952 1.8
      vertex 79.4832 42.4832 1.8
    endloop
  endfacet
  facet normal 0 0 1
    outer loop
      vertex 78.492 41.492 1.8
      vertex 79.4832 42.4832 1.8
      vertex 79.2952 42.6906 1.8
    endloop
  endfacet
  facet normal 0 0 1
    outer loop
      vertex 79.9154 42.1284 1.8
      vertex 79.1367 40.963 1.8
      vertex 79.4948 40.7484 1.8
    endloop
  endfacet
  facet normal 0 0 1
    outer loop
      vertex 78.492 41.492 1.8
      vertex 79.2952 42.6906 1.8
      vertex 79.1284 42.9154 1.8
    endloop
  endfacet
  facet normal 0 0 1
    outer loop
      vertex 78.492 41.492 1.8
      vertex 79.1284 42.9154 1.8
      vertex 78.9845 43.1555 1.8
    endloop
  endfacet
  facet normal 0 0 1
    outer loop
      vertex 78.492 41.492 1.8
      vertex 78.9845 43.1555 1.8
      vertex 78.8649 43.4085 1.8
    endloop
  endfacet
  facet normal 0 0 1
    outer loop
      vertex 79.6906 42.2952 1.8
      vertex 78.8013 41.2117 1.8
      vertex 79.1367 40.963 1.8
    endloop
  endfacet
  facet normal 0 0 1
    outer loop
      vertex 78.492 41.492 1.8
      vertex 78.8649 43.4085 1.8
      vertex 78.7706 43.672 1.8
    endloop
  endfacet
  facet normal 0 0 1
    outer loop
      vertex 78.492 41.492 1.8
      vertex 78.7706 43.672 1.8
      vertex 78.7026 43.9436 1.8
    endloop
  endfacet
  facet normal 0 0 1
    outer loop
      vertex 78.492 41.492 1.8
      vertex 78.7026 43.9436 1.8
      vertex 78.6615 44.2204 1.8
    endloop
  endfacet
  facet normal 0 0 1
    outer loop
      vertex 78.492 41.492 1.8
      vertex 78.6615 44.2204 1.8
      vertex 78.65 44.4545 1.8
    endloop
  endfacet
  facet normal 0 0 1
    outer loop
      vertex 79.4832 42.4832 1.8
      vertex 78.492 41.492 1.8
      vertex 78.8013 41.2117 1.8
    endloop
  endfacet
  facet normal 0 0 1
    outer loop
      vertex 93.1125 -45.1422 1.8
      vertex 92.75 -43.75 1.8
      vertex 92.9548 -45.15 1.8
    endloop
  endfacet
  facet normal -0 0 1
    outer loop
      vertex 21.3462 -43.75 1.8
      vertex 92.9548 -45.15 1.8
      vertex 92.75 -43.75 1.8
    endloop
  endfacet
  facet normal 0 0 1
    outer loop
      vertex 21.3462 -43.75 1.8
      vertex 20.7663 -45.15 1.8
      vertex 92.9548 -45.15 1.8
    endloop
  endfacet
  facet normal 0 0 1
    outer loop
      vertex 9.25 -31.6538 1.8
      vertex 20.7663 -45.15 1.8
      vertex 21.3462 -43.75 1.8
    endloop
  endfacet
  facet normal -0 0 1
    outer loop
      vertex 8.77609 45.1257 1.8
      vertex 9.25 43.75 1.8
      vertex 8.88753 45.1422 1.8
    endloop
  endfacet
  facet normal -0 0 1
    outer loop
      vertex 8.66689 45.0984 1.8
      vertex 9.25 43.75 1.8
      vertex 8.77609 45.1257 1.8
    endloop
  endfacet
  facet normal -0 0 1
    outer loop
      vertex 8.56073 45.0604 1.8
      vertex 9.25 43.75 1.8
      vertex 8.66689 45.0984 1.8
    endloop
  endfacet
  facet normal -0 0 1
    outer loop
      vertex 8.45885 45.0122 1.8
      vertex 9.25 43.75 1.8
      vertex 8.56073 45.0604 1.8
    endloop
  endfacet
  facet normal -0 0 1
    outer loop
      vertex 8.36235 44.9544 1.8
      vertex 9.25 43.75 1.8
      vertex 8.45885 45.0122 1.8
    endloop
  endfacet
  facet normal -0 0 1
    outer loop
      vertex 8.27191 44.8873 1.8
      vertex 9.25 43.75 1.8
      vertex 8.36235 44.9544 1.8
    endloop
  endfacet
  facet normal -0 0 1
    outer loop
      vertex 8.1884 44.8116 1.8
      vertex 9.25 43.75 1.8
      vertex 8.27191 44.8873 1.8
    endloop
  endfacet
  facet normal -0 0 1
    outer loop
      vertex 8.11272 44.7281 1.8
      vertex 9.25 43.75 1.8
      vertex 8.1884 44.8116 1.8
    endloop
  endfacet
  facet normal -0 0 1
    outer loop
      vertex 8.04564 44.6376 1.8
      vertex 9.25 43.75 1.8
      vertex 8.11272 44.7281 1.8
    endloop
  endfacet
  facet normal -0 0 1
    outer loop
      vertex 7.98781 44.5412 1.8
      vertex 9.25 43.75 1.8
      vertex 8.04564 44.6376 1.8
    endloop
  endfacet
  facet normal -0 0 1
    outer loop
      vertex 7.93962 44.4393 1.8
      vertex 9.25 43.75 1.8
      vertex 7.98781 44.5412 1.8
    endloop
  endfacet
  facet normal -0 0 1
    outer loop
      vertex 7.90164 44.3331 1.8
      vertex 9.25 43.75 1.8
      vertex 7.93962 44.4393 1.8
    endloop
  endfacet
  facet normal -0 0 1
    outer loop
      vertex 7.87428 44.2239 1.8
      vertex 9.25 43.75 1.8
      vertex 7.90164 44.3331 1.8
    endloop
  endfacet
  facet normal 0 0 1
    outer loop
      vertex 9.25 43.75 1.8
      vertex 7.87428 44.2239 1.8
      vertex 7.85776 44.1125 1.8
    endloop
  endfacet
  facet normal 0 0 1
    outer loop
      vertex 9.25 43.75 1.8
      vertex 7.85776 44.1125 1.8
      vertex 7.85001 43.9548 1.8
    endloop
  endfacet
  facet normal 0 0 1
    outer loop
      vertex 9.25 43.75 1.8
      vertex 7.85001 43.9548 1.8
      vertex 9.25 -31.6538 1.8
    endloop
  endfacet
  facet normal 0 0 1
    outer loop
      vertex 9.25 -31.6538 1.8
      vertex 7.85001 -32.2337 1.8
      vertex 20.7663 -45.15 1.8
    endloop
  endfacet
  facet normal 0 0 1
    outer loop
      vertex 7.85001 -32.2337 1.8
      vertex 9.25 -31.6538 1.8
      vertex 7.85001 43.9548 1.8
    endloop
  endfacet
  facet normal 0 0 1
    outer loop
      vertex 12.65 43.4546 1.8
      vertex 11.25 43.4202 1.8
      vertex 11.2738 42.936 1.8
    endloop
  endfacet
  facet normal 0.998799 0.0489967 0
    outer loop
      vertex 12.6687 43.0734 1.8
      vertex 12.65 43.4546 0
      vertex 12.65 43.4546 1.8
    endloop
  endfacet
  facet normal 0.998799 0.0489967 0
    outer loop
      vertex 12.65 43.4546 0
      vertex 12.6687 43.0734 1.8
      vertex 12.6687 43.0734 0
    endloop
  endfacet
  facet normal 0.989167 0.146795 0
    outer loop
      vertex 12.7314 42.6509 1.8
      vertex 12.6687 43.0734 0
      vertex 12.6687 43.0734 1.8
    endloop
  endfacet
  facet normal 0.989167 0.146795 0
    outer loop
      vertex 12.6687 43.0734 0
      vertex 12.7314 42.6509 1.8
      vertex 12.7314 42.6509 0
    endloop
  endfacet
  facet normal 0.970018 0.243031 0
    outer loop
      vertex 12.8352 42.2366 1.8
      vertex 12.7314 42.6509 0
      vertex 12.7314 42.6509 1.8
    endloop
  endfacet
  facet normal 0.970018 0.243031 0
    outer loop
      vertex 12.7314 42.6509 0
      vertex 12.8352 42.2366 1.8
      vertex 12.8352 42.2366 0
    endloop
  endfacet
  facet normal 0.941525 0.336944 0
    outer loop
      vertex 12.9791 41.8345 1.8
      vertex 12.8352 42.2366 0
      vertex 12.8352 42.2366 1.8
    endloop
  endfacet
  facet normal 0.941525 0.336944 0
    outer loop
      vertex 12.8352 42.2366 0
      vertex 12.9791 41.8345 1.8
      vertex 12.9791 41.8345 0
    endloop
  endfacet
  facet normal 0.904 0.427533 0
    outer loop
      vertex 13.1617 41.4484 1.8
      vertex 12.9791 41.8345 0
      vertex 12.9791 41.8345 1.8
    endloop
  endfacet
  facet normal 0.904 0.427533 0
    outer loop
      vertex 12.9791 41.8345 0
      vertex 13.1617 41.4484 1.8
      vertex 13.1617 41.4484 0
    endloop
  endfacet
  facet normal 0.857741 0.514083 0
    outer loop
      vertex 13.3813 41.082 1.8
      vertex 13.1617 41.4484 0
      vertex 13.1617 41.4484 1.8
    endloop
  endfacet
  facet normal 0.857741 0.514083 0
    outer loop
      vertex 13.1617 41.4484 0
      vertex 13.3813 41.082 1.8
      vertex 13.3813 41.082 0
    endloop
  endfacet
  facet normal 0.803275 0.595608 0
    outer loop
      vertex 13.6357 40.7389 1.8
      vertex 13.3813 41.082 0
      vertex 13.3813 41.082 1.8
    endloop
  endfacet
  facet normal 0.803275 0.595608 0
    outer loop
      vertex 13.3813 41.082 0
      vertex 13.6357 40.7389 1.8
      vertex 13.6357 40.7389 0
    endloop
  endfacet
  facet normal 0.740914 0.6716 0
    outer loop
      vertex 13.9225 40.4225 1.8
      vertex 13.6357 40.7389 0
      vertex 13.6357 40.7389 1.8
    endloop
  endfacet
  facet normal 0.740914 0.6716 0
    outer loop
      vertex 13.6357 40.7389 0
      vertex 13.9225 40.4225 1.8
      vertex 13.9225 40.4225 0
    endloop
  endfacet
  facet normal 0.6716 0.740914 -0
    outer loop
      vertex 14.2389 40.1357 0
      vertex 13.9225 40.4225 1.8
      vertex 14.2389 40.1357 1.8
    endloop
  endfacet
  facet normal 0.6716 0.740914 0
    outer loop
      vertex 13.9225 40.4225 1.8
      vertex 14.2389 40.1357 0
      vertex 13.9225 40.4225 0
    endloop
  endfacet
  facet normal 0.595608 0.803275 -0
    outer loop
      vertex 14.582 39.8813 0
      vertex 14.2389 40.1357 1.8
      vertex 14.582 39.8813 1.8
    endloop
  endfacet
  facet normal 0.595608 0.803275 0
    outer loop
      vertex 14.2389 40.1357 1.8
      vertex 14.582 39.8813 0
      vertex 14.2389 40.1357 0
    endloop
  endfacet
  facet normal 0.514083 0.857741 -0
    outer loop
      vertex 14.9484 39.6617 0
      vertex 14.582 39.8813 1.8
      vertex 14.9484 39.6617 1.8
    endloop
  endfacet
  facet normal 0.514083 0.857741 0
    outer loop
      vertex 14.582 39.8813 1.8
      vertex 14.9484 39.6617 0
      vertex 14.582 39.8813 0
    endloop
  endfacet
  facet normal 0.427533 0.904 -0
    outer loop
      vertex 15.3345 39.4791 0
      vertex 14.9484 39.6617 1.8
      vertex 15.3345 39.4791 1.8
    endloop
  endfacet
  facet normal 0.427533 0.904 0
    outer loop
      vertex 14.9484 39.6617 1.8
      vertex 15.3345 39.4791 0
      vertex 14.9484 39.6617 0
    endloop
  endfacet
  facet normal 0.336944 0.941525 -0
    outer loop
      vertex 15.7366 39.3352 0
      vertex 15.3345 39.4791 1.8
      vertex 15.7366 39.3352 1.8
    endloop
  endfacet
  facet normal 0.336944 0.941525 0
    outer loop
      vertex 15.3345 39.4791 1.8
      vertex 15.7366 39.3352 0
      vertex 15.3345 39.4791 0
    endloop
  endfacet
  facet normal 0.243031 0.970018 -0
    outer loop
      vertex 16.1509 39.2314 0
      vertex 15.7366 39.3352 1.8
      vertex 16.1509 39.2314 1.8
    endloop
  endfacet
  facet normal 0.243031 0.970018 0
    outer loop
      vertex 15.7366 39.3352 1.8
      vertex 16.1509 39.2314 0
      vertex 15.7366 39.3352 0
    endloop
  endfacet
  facet normal 0.146795 0.989167 -0
    outer loop
      vertex 16.5734 39.1687 0
      vertex 16.1509 39.2314 1.8
      vertex 16.5734 39.1687 1.8
    endloop
  endfacet
  facet normal 0.146795 0.989167 0
    outer loop
      vertex 16.1509 39.2314 1.8
      vertex 16.5734 39.1687 0
      vertex 16.1509 39.2314 0
    endloop
  endfacet
  facet normal 0.0489967 0.998799 -0
    outer loop
      vertex 16.9546 39.15 0
      vertex 16.5734 39.1687 1.8
      vertex 16.9546 39.15 1.8
    endloop
  endfacet
  facet normal 0.0489967 0.998799 0
    outer loop
      vertex 16.5734 39.1687 1.8
      vertex 16.9546 39.15 0
      vertex 16.5734 39.1687 0
    endloop
  endfacet
  facet normal 0 1 -0
    outer loop
      vertex 21.0454 39.15 0
      vertex 16.9546 39.15 1.8
      vertex 21.0454 39.15 1.8
    endloop
  endfacet
  facet normal 0 1 0
    outer loop
      vertex 16.9546 39.15 1.8
      vertex 21.0454 39.15 0
      vertex 16.9546 39.15 0
    endloop
  endfacet
  facet normal -0.0489967 0.998799 0
    outer loop
      vertex 21.4266 39.1687 0
      vertex 21.0454 39.15 1.8
      vertex 21.4266 39.1687 1.8
    endloop
  endfacet
  facet normal -0.0489967 0.998799 0
    outer loop
      vertex 21.0454 39.15 1.8
      vertex 21.4266 39.1687 0
      vertex 21.0454 39.15 0
    endloop
  endfacet
  facet normal -0.146795 0.989167 0
    outer loop
      vertex 21.8491 39.2314 0
      vertex 21.4266 39.1687 1.8
      vertex 21.8491 39.2314 1.8
    endloop
  endfacet
  facet normal -0.146795 0.989167 0
    outer loop
      vertex 21.4266 39.1687 1.8
      vertex 21.8491 39.2314 0
      vertex 21.4266 39.1687 0
    endloop
  endfacet
  facet normal -0.243031 0.970018 0
    outer loop
      vertex 22.2634 39.3352 0
      vertex 21.8491 39.2314 1.8
      vertex 22.2634 39.3352 1.8
    endloop
  endfacet
  facet normal -0.243031 0.970018 0
    outer loop
      vertex 21.8491 39.2314 1.8
      vertex 22.2634 39.3352 0
      vertex 21.8491 39.2314 0
    endloop
  endfacet
  facet normal -0.336944 0.941525 0
    outer loop
      vertex 22.6655 39.4791 0
      vertex 22.2634 39.3352 1.8
      vertex 22.6655 39.4791 1.8
    endloop
  endfacet
  facet normal -0.336944 0.941525 0
    outer loop
      vertex 22.2634 39.3352 1.8
      vertex 22.6655 39.4791 0
      vertex 22.2634 39.3352 0
    endloop
  endfacet
  facet normal -0.427533 0.904 0
    outer loop
      vertex 23.0516 39.6617 0
      vertex 22.6655 39.4791 1.8
      vertex 23.0516 39.6617 1.8
    endloop
  endfacet
  facet normal -0.427533 0.904 0
    outer loop
      vertex 22.6655 39.4791 1.8
      vertex 23.0516 39.6617 0
      vertex 22.6655 39.4791 0
    endloop
  endfacet
  facet normal -0.514083 0.857741 0
    outer loop
      vertex 23.418 39.8813 0
      vertex 23.0516 39.6617 1.8
      vertex 23.418 39.8813 1.8
    endloop
  endfacet
  facet normal -0.514083 0.857741 0
    outer loop
      vertex 23.0516 39.6617 1.8
      vertex 23.418 39.8813 0
      vertex 23.0516 39.6617 0
    endloop
  endfacet
  facet normal -0.595608 0.803275 0
    outer loop
      vertex 23.7611 40.1357 0
      vertex 23.418 39.8813 1.8
      vertex 23.7611 40.1357 1.8
    endloop
  endfacet
  facet normal -0.595608 0.803275 0
    outer loop
      vertex 23.418 39.8813 1.8
      vertex 23.7611 40.1357 0
      vertex 23.418 39.8813 0
    endloop
  endfacet
  facet normal -0.6716 0.740914 0
    outer loop
      vertex 24.0775 40.4225 0
      vertex 23.7611 40.1357 1.8
      vertex 24.0775 40.4225 1.8
    endloop
  endfacet
  facet normal -0.6716 0.740914 0
    outer loop
      vertex 23.7611 40.1357 1.8
      vertex 24.0775 40.4225 0
      vertex 23.7611 40.1357 0
    endloop
  endfacet
  facet normal -0.740914 0.6716 0
    outer loop
      vertex 24.0775 40.4225 0
      vertex 24.3643 40.7389 1.8
      vertex 24.3643 40.7389 0
    endloop
  endfacet
  facet normal -0.740914 0.6716 0
    outer loop
      vertex 24.3643 40.7389 1.8
      vertex 24.0775 40.4225 0
      vertex 24.0775 40.4225 1.8
    endloop
  endfacet
  facet normal -0.803275 0.595608 0
    outer loop
      vertex 24.3643 40.7389 0
      vertex 24.6187 41.082 1.8
      vertex 24.6187 41.082 0
    endloop
  endfacet
  facet normal -0.803275 0.595608 0
    outer loop
      vertex 24.6187 41.082 1.8
      vertex 24.3643 40.7389 0
      vertex 24.3643 40.7389 1.8
    endloop
  endfacet
  facet normal -0.857741 0.514083 0
    outer loop
      vertex 24.6187 41.082 0
      vertex 24.8383 41.4484 1.8
      vertex 24.8383 41.4484 0
    endloop
  endfacet
  facet normal -0.857741 0.514083 0
    outer loop
      vertex 24.8383 41.4484 1.8
      vertex 24.6187 41.082 0
      vertex 24.6187 41.082 1.8
    endloop
  endfacet
  facet normal -0.904 0.427533 0
    outer loop
      vertex 24.8383 41.4484 0
      vertex 25.0209 41.8345 1.8
      vertex 25.0209 41.8345 0
    endloop
  endfacet
  facet normal -0.904 0.427533 0
    outer loop
      vertex 25.0209 41.8345 1.8
      vertex 24.8383 41.4484 0
      vertex 24.8383 41.4484 1.8
    endloop
  endfacet
  facet normal -0.941525 0.336944 0
    outer loop
      vertex 25.0209 41.8345 0
      vertex 25.1648 42.2366 1.8
      vertex 25.1648 42.2366 0
    endloop
  endfacet
  facet normal -0.941525 0.336944 0
    outer loop
      vertex 25.1648 42.2366 1.8
      vertex 25.0209 41.8345 0
      vertex 25.0209 41.8345 1.8
    endloop
  endfacet
  facet normal -0.970018 0.243031 0
    outer loop
      vertex 25.1648 42.2366 0
      vertex 25.2686 42.6509 1.8
      vertex 25.2686 42.6509 0
    endloop
  endfacet
  facet normal -0.970018 0.243031 0
    outer loop
      vertex 25.2686 42.6509 1.8
      vertex 25.1648 42.2366 0
      vertex 25.1648 42.2366 1.8
    endloop
  endfacet
  facet normal -0.989167 0.146795 0
    outer loop
      vertex 25.2686 42.6509 0
      vertex 25.3313 43.0734 1.8
      vertex 25.3313 43.0734 0
    endloop
  endfacet
  facet normal -0.989167 0.146795 0
    outer loop
      vertex 25.3313 43.0734 1.8
      vertex 25.2686 42.6509 0
      vertex 25.2686 42.6509 1.8
    endloop
  endfacet
  facet normal -0.998799 0.0489967 0
    outer loop
      vertex 25.3313 43.0734 0
      vertex 25.35 43.4546 1.8
      vertex 25.35 43.4546 0
    endloop
  endfacet
  facet normal -0.998799 0.0489967 0
    outer loop
      vertex 25.35 43.4546 1.8
      vertex 25.3313 43.0734 0
      vertex 25.3313 43.0734 1.8
    endloop
  endfacet
  facet normal -1 0 0
    outer loop
      vertex 25.35 43.4546 0
      vertex 25.35 45.15 1.8
      vertex 25.35 45.15 0
    endloop
  endfacet
  facet normal -1 -0 0
    outer loop
      vertex 25.35 45.15 1.8
      vertex 25.35 43.4546 0
      vertex 25.35 43.4546 1.8
    endloop
  endfacet
  facet normal 0 1 -0
    outer loop
      vertex 78.65 45.15 0
      vertex 25.35 45.15 1.8
      vertex 78.65 45.15 1.8
    endloop
  endfacet
  facet normal 0 1 0
    outer loop
      vertex 25.35 45.15 1.8
      vertex 78.65 45.15 0
      vertex 25.35 45.15 0
    endloop
  endfacet
  facet normal 1 -0 0
    outer loop
      vertex 78.65 44.4545 1.8
      vertex 78.65 45.15 0
      vertex 78.65 45.15 1.8
    endloop
  endfacet
  facet normal 1 0 0
    outer loop
      vertex 78.65 45.15 0
      vertex 78.65 44.4545 1.8
      vertex 78.65 44.4545 0
    endloop
  endfacet
  facet normal 0.998796 0.0490651 0
    outer loop
      vertex 78.6615 44.2204 1.8
      vertex 78.65 44.4545 0
      vertex 78.65 44.4545 1.8
    endloop
  endfacet
  facet normal 0.998796 0.0490651 0
    outer loop
      vertex 78.65 44.4545 0
      vertex 78.6615 44.2204 1.8
      vertex 78.6615 44.2204 0
    endloop
  endfacet
  facet normal 0.989155 0.146872 0
    outer loop
      vertex 78.7026 43.9436 1.8
      vertex 78.6615 44.2204 0
      vertex 78.6615 44.2204 1.8
    endloop
  endfacet
  facet normal 0.989155 0.146872 0
    outer loop
      vertex 78.6615 44.2204 0
      vertex 78.7026 43.9436 1.8
      vertex 78.7026 43.9436 0
    endloop
  endfacet
  facet normal 0.970058 0.242872 0
    outer loop
      vertex 78.7706 43.672 1.8
      vertex 78.7026 43.9436 0
      vertex 78.7026 43.9436 1.8
    endloop
  endfacet
  facet normal 0.970058 0.242872 0
    outer loop
      vertex 78.7026 43.9436 0
      vertex 78.7706 43.672 1.8
      vertex 78.7706 43.672 0
    endloop
  endfacet
  facet normal 0.941523 0.336947 0
    outer loop
      vertex 78.8649 43.4085 1.8
      vertex 78.7706 43.672 0
      vertex 78.7706 43.672 1.8
    endloop
  endfacet
  facet normal 0.941523 0.336947 0
    outer loop
      vertex 78.7706 43.672 0
      vertex 78.8649 43.4085 1.8
      vertex 78.8649 43.4085 0
    endloop
  endfacet
  facet normal 0.904072 0.42738 0
    outer loop
      vertex 78.9845 43.1555 1.8
      vertex 78.8649 43.4085 0
      vertex 78.8649 43.4085 1.8
    endloop
  endfacet
  facet normal 0.904072 0.42738 0
    outer loop
      vertex 78.8649 43.4085 0
      vertex 78.9845 43.1555 1.8
      vertex 78.9845 43.1555 0
    endloop
  endfacet
  facet normal 0.857745 0.514075 0
    outer loop
      vertex 79.1284 42.9154 1.8
      vertex 78.9845 43.1555 0
      vertex 78.9845 43.1555 1.8
    endloop
  endfacet
  facet normal 0.857745 0.514075 0
    outer loop
      vertex 78.9845 43.1555 0
      vertex 79.1284 42.9154 1.8
      vertex 79.1284 42.9154 0
    endloop
  endfacet
  facet normal 0.803076 0.595877 0
    outer loop
      vertex 79.2952 42.6906 1.8
      vertex 79.1284 42.9154 0
      vertex 79.1284 42.9154 1.8
    endloop
  endfacet
  facet normal 0.803076 0.595877 0
    outer loop
      vertex 79.1284 42.9154 0
      vertex 79.2952 42.6906 1.8
      vertex 79.2952 42.6906 0
    endloop
  endfacet
  facet normal 0.740909 0.671605 0
    outer loop
      vertex 79.4832 42.4832 1.8
      vertex 79.2952 42.6906 0
      vertex 79.2952 42.6906 1.8
    endloop
  endfacet
  facet normal 0.740909 0.671605 0
    outer loop
      vertex 79.2952 42.6906 0
      vertex 79.4832 42.4832 1.8
      vertex 79.4832 42.4832 0
    endloop
  endfacet
  facet normal 0.671605 0.740909 -0
    outer loop
      vertex 79.6906 42.2952 0
      vertex 79.4832 42.4832 1.8
      vertex 79.6906 42.2952 1.8
    endloop
  endfacet
  facet normal 0.671605 0.740909 0
    outer loop
      vertex 79.4832 42.4832 1.8
      vertex 79.6906 42.2952 0
      vertex 79.4832 42.4832 0
    endloop
  endfacet
  facet normal 0.595877 0.803076 -0
    outer loop
      vertex 79.9154 42.1284 0
      vertex 79.6906 42.2952 1.8
      vertex 79.9154 42.1284 1.8
    endloop
  endfacet
  facet normal 0.595877 0.803076 0
    outer loop
      vertex 79.6906 42.2952 1.8
      vertex 79.9154 42.1284 0
      vertex 79.6906 42.2952 0
    endloop
  endfacet
  facet normal 0.514075 0.857745 -0
    outer loop
      vertex 80.1555 41.9845 0
      vertex 79.9154 42.1284 1.8
      vertex 80.1555 41.9845 1.8
    endloop
  endfacet
  facet normal 0.514075 0.857745 0
    outer loop
      vertex 79.9154 42.1284 1.8
      vertex 80.1555 41.9845 0
      vertex 79.9154 42.1284 0
    endloop
  endfacet
  facet normal 0.42738 0.904072 -0
    outer loop
      vertex 80.4085 41.8649 0
      vertex 80.1555 41.9845 1.8
      vertex 80.4085 41.8649 1.8
    endloop
  endfacet
  facet normal 0.42738 0.904072 0
    outer loop
      vertex 80.1555 41.9845 1.8
      vertex 80.4085 41.8649 0
      vertex 80.1555 41.9845 0
    endloop
  endfacet
  facet normal 0.336947 0.941523 -0
    outer loop
      vertex 80.672 41.7706 0
      vertex 80.4085 41.8649 1.8
      vertex 80.672 41.7706 1.8
    endloop
  endfacet
  facet normal 0.336947 0.941523 0
    outer loop
      vertex 80.4085 41.8649 1.8
      vertex 80.672 41.7706 0
      vertex 80.4085 41.8649 0
    endloop
  endfacet
  facet normal 0.242872 0.970058 -0
    outer loop
      vertex 80.9436 41.7026 0
      vertex 80.672 41.7706 1.8
      vertex 80.9436 41.7026 1.8
    endloop
  endfacet
  facet normal 0.242872 0.970058 0
    outer loop
      vertex 80.672 41.7706 1.8
      vertex 80.9436 41.7026 0
      vertex 80.672 41.7706 0
    endloop
  endfacet
  facet normal 0.146872 0.989155 -0
    outer loop
      vertex 81.2204 41.6615 0
      vertex 80.9436 41.7026 1.8
      vertex 81.2204 41.6615 1.8
    endloop
  endfacet
  facet normal 0.146872 0.989155 0
    outer loop
      vertex 80.9436 41.7026 1.8
      vertex 81.2204 41.6615 0
      vertex 80.9436 41.7026 0
    endloop
  endfacet
  facet normal 0.0490651 0.998796 -0
    outer loop
      vertex 81.4545 41.65 0
      vertex 81.2204 41.6615 1.8
      vertex 81.4545 41.65 1.8
    endloop
  endfacet
  facet normal 0.0490651 0.998796 0
    outer loop
      vertex 81.2204 41.6615 1.8
      vertex 81.4545 41.65 0
      vertex 81.2204 41.6615 0
    endloop
  endfacet
  facet normal 0 1 -0
    outer loop
      vertex 84.5455 41.65 0
      vertex 81.4545 41.65 1.8
      vertex 84.5455 41.65 1.8
    endloop
  endfacet
  facet normal 0 1 0
    outer loop
      vertex 81.4545 41.65 1.8
      vertex 84.5455 41.65 0
      vertex 81.4545 41.65 0
    endloop
  endfacet
  facet normal -0.0490651 0.998796 0
    outer loop
      vertex 84.7796 41.6615 0
      vertex 84.5455 41.65 1.8
      vertex 84.7796 41.6615 1.8
    endloop
  endfacet
  facet normal -0.0490651 0.998796 0
    outer loop
      vertex 84.5455 41.65 1.8
      vertex 84.7796 41.6615 0
      vertex 84.5455 41.65 0
    endloop
  endfacet
  facet normal -0.146872 0.989155 0
    outer loop
      vertex 85.0564 41.7026 0
      vertex 84.7796 41.6615 1.8
      vertex 85.0564 41.7026 1.8
    endloop
  endfacet
  facet normal -0.146872 0.989155 0
    outer loop
      vertex 84.7796 41.6615 1.8
      vertex 85.0564 41.7026 0
      vertex 84.7796 41.6615 0
    endloop
  endfacet
  facet normal -0.242872 0.970058 0
    outer loop
      vertex 85.328 41.7706 0
      vertex 85.0564 41.7026 1.8
      vertex 85.328 41.7706 1.8
    endloop
  endfacet
  facet normal -0.242872 0.970058 0
    outer loop
      vertex 85.0564 41.7026 1.8
      vertex 85.328 41.7706 0
      vertex 85.0564 41.7026 0
    endloop
  endfacet
  facet normal -0.336947 0.941523 0
    outer loop
      vertex 85.5915 41.8649 0
      vertex 85.328 41.7706 1.8
      vertex 85.5915 41.8649 1.8
    endloop
  endfacet
  facet normal -0.336947 0.941523 0
    outer loop
      vertex 85.328 41.7706 1.8
      vertex 85.5915 41.8649 0
      vertex 85.328 41.7706 0
    endloop
  endfacet
  facet normal -0.42738 0.904072 0
    outer loop
      vertex 85.8445 41.9845 0
      vertex 85.5915 41.8649 1.8
      vertex 85.8445 41.9845 1.8
    endloop
  endfacet
  facet normal -0.42738 0.904072 0
    outer loop
      vertex 85.5915 41.8649 1.8
      vertex 85.8445 41.9845 0
      vertex 85.5915 41.8649 0
    endloop
  endfacet
  facet normal -0.514075 0.857745 0
    outer loop
      vertex 86.0846 42.1284 0
      vertex 85.8445 41.9845 1.8
      vertex 86.0846 42.1284 1.8
    endloop
  endfacet
  facet normal -0.514075 0.857745 0
    outer loop
      vertex 85.8445 41.9845 1.8
      vertex 86.0846 42.1284 0
      vertex 85.8445 41.9845 0
    endloop
  endfacet
  facet normal -0.595877 0.803076 0
    outer loop
      vertex 86.3094 42.2952 0
      vertex 86.0846 42.1284 1.8
      vertex 86.3094 42.2952 1.8
    endloop
  endfacet
  facet normal -0.595877 0.803076 0
    outer loop
      vertex 86.0846 42.1284 1.8
      vertex 86.3094 42.2952 0
      vertex 86.0846 42.1284 0
    endloop
  endfacet
  facet normal -0.671605 0.740909 0
    outer loop
      vertex 86.5168 42.4832 0
      vertex 86.3094 42.2952 1.8
      vertex 86.5168 42.4832 1.8
    endloop
  endfacet
  facet normal -0.671605 0.740909 0
    outer loop
      vertex 86.3094 42.2952 1.8
      vertex 86.5168 42.4832 0
      vertex 86.3094 42.2952 0
    endloop
  endfacet
  facet normal -0.740909 0.671605 0
    outer loop
      vertex 86.5168 42.4832 0
      vertex 86.7048 42.6906 1.8
      vertex 86.7048 42.6906 0
    endloop
  endfacet
  facet normal -0.740909 0.671605 0
    outer loop
      vertex 86.7048 42.6906 1.8
      vertex 86.5168 42.4832 0
      vertex 86.5168 42.4832 1.8
    endloop
  endfacet
  facet normal -0.803076 0.595877 0
    outer loop
      vertex 86.7048 42.6906 0
      vertex 86.8716 42.9154 1.8
      vertex 86.8716 42.9154 0
    endloop
  endfacet
  facet normal -0.803076 0.595877 0
    outer loop
      vertex 86.8716 42.9154 1.8
      vertex 86.7048 42.6906 0
      vertex 86.7048 42.6906 1.8
    endloop
  endfacet
  facet normal -0.857745 0.514075 0
    outer loop
      vertex 86.8716 42.9154 0
      vertex 87.0155 43.1555 1.8
      vertex 87.0155 43.1555 0
    endloop
  endfacet
  facet normal -0.857745 0.514075 0
    outer loop
      vertex 87.0155 43.1555 1.8
      vertex 86.8716 42.9154 0
      vertex 86.8716 42.9154 1.8
    endloop
  endfacet
  facet normal -0.904072 0.42738 0
    outer loop
      vertex 87.0155 43.1555 0
      vertex 87.1351 43.4085 1.8
      vertex 87.1351 43.4085 0
    endloop
  endfacet
  facet normal -0.904072 0.42738 0
    outer loop
      vertex 87.1351 43.4085 1.8
      vertex 87.0155 43.1555 0
      vertex 87.0155 43.1555 1.8
    endloop
  endfacet
  facet normal -0.941523 0.336947 0
    outer loop
      vertex 87.1351 43.4085 0
      vertex 87.2294 43.672 1.8
      vertex 87.2294 43.672 0
    endloop
  endfacet
  facet normal -0.941523 0.336947 0
    outer loop
      vertex 87.2294 43.672 1.8
      vertex 87.1351 43.4085 0
      vertex 87.1351 43.4085 1.8
    endloop
  endfacet
  facet normal -0.970058 0.242872 0
    outer loop
      vertex 87.2294 43.672 0
      vertex 87.2974 43.9436 1.8
      vertex 87.2974 43.9436 0
    endloop
  endfacet
  facet normal -0.970058 0.242872 0
    outer loop
      vertex 87.2974 43.9436 1.8
      vertex 87.2294 43.672 0
      vertex 87.2294 43.672 1.8
    endloop
  endfacet
  facet normal -0.989155 0.146872 0
    outer loop
      vertex 87.2974 43.9436 0
      vertex 87.3385 44.2204 1.8
      vertex 87.3385 44.2204 0
    endloop
  endfacet
  facet normal -0.989155 0.146872 0
    outer loop
      vertex 87.3385 44.2204 1.8
      vertex 87.2974 43.9436 0
      vertex 87.2974 43.9436 1.8
    endloop
  endfacet
  facet normal -0.998796 0.0490651 0
    outer loop
      vertex 87.3385 44.2204 0
      vertex 87.35 44.4545 1.8
      vertex 87.35 44.4545 0
    endloop
  endfacet
  facet normal -0.998796 0.0490651 0
    outer loop
      vertex 87.35 44.4545 1.8
      vertex 87.3385 44.2204 0
      vertex 87.3385 44.2204 1.8
    endloop
  endfacet
  facet normal -1 0 0
    outer loop
      vertex 87.35 44.4545 0
      vertex 87.35 45.15 1.8
      vertex 87.35 45.15 0
    endloop
  endfacet
  facet normal -1 -0 0
    outer loop
      vertex 87.35 45.15 1.8
      vertex 87.35 44.4545 0
      vertex 87.35 44.4545 1.8
    endloop
  endfacet
  facet normal 0 1 -0
    outer loop
      vertex 92.9548 45.15 0
      vertex 87.35 45.15 1.8
      vertex 92.9548 45.15 1.8
    endloop
  endfacet
  facet normal 0 1 0
    outer loop
      vertex 87.35 45.15 1.8
      vertex 92.9548 45.15 0
      vertex 87.35 45.15 0
    endloop
  endfacet
  facet normal 0.0494006 0.998779 -0
    outer loop
      vertex 93.1125 45.1422 0
      vertex 92.9548 45.15 1.8
      vertex 93.1125 45.1422 1.8
    endloop
  endfacet
  facet normal 0.0494006 0.998779 0
    outer loop
      vertex 92.9548 45.15 1.8
      vertex 93.1125 45.1422 0
      vertex 92.9548 45.15 0
    endloop
  endfacet
  facet normal 0.146516 0.989208 -0
    outer loop
      vertex 93.2239 45.1257 0
      vertex 93.1125 45.1422 1.8
      vertex 93.2239 45.1257 1.8
    endloop
  endfacet
  facet normal 0.146516 0.989208 0
    outer loop
      vertex 93.1125 45.1422 1.8
      vertex 93.2239 45.1257 0
      vertex 93.1125 45.1422 0
    endloop
  endfacet
  facet normal 0.242536 0.970143 -0
    outer loop
      vertex 93.3331 45.0984 0
      vertex 93.2239 45.1257 1.8
      vertex 93.3331 45.0984 1.8
    endloop
  endfacet
  facet normal 0.242536 0.970143 0
    outer loop
      vertex 93.2239 45.1257 1.8
      vertex 93.3331 45.0984 0
      vertex 93.2239 45.1257 0
    endloop
  endfacet
  facet normal 0.336898 0.941541 -0
    outer loop
      vertex 93.4393 45.0604 0
      vertex 93.3331 45.0984 1.8
      vertex 93.4393 45.0604 1.8
    endloop
  endfacet
  facet normal 0.336898 0.941541 0
    outer loop
      vertex 93.3331 45.0984 1.8
      vertex 93.4393 45.0604 0
      vertex 93.3331 45.0984 0
    endloop
  endfacet
  facet normal 0.427591 0.903973 -0
    outer loop
      vertex 93.5412 45.0122 0
      vertex 93.4393 45.0604 1.8
      vertex 93.5412 45.0122 1.8
    endloop
  endfacet
  facet normal 0.427591 0.903973 0
    outer loop
      vertex 93.4393 45.0604 1.8
      vertex 93.5412 45.0122 0
      vertex 93.4393 45.0604 0
    endloop
  endfacet
  facet normal 0.514234 0.85765 -0
    outer loop
      vertex 93.6376 44.9544 0
      vertex 93.5412 45.0122 1.8
      vertex 93.6376 44.9544 1.8
    endloop
  endfacet
  facet normal 0.514234 0.85765 0
    outer loop
      vertex 93.5412 45.0122 1.8
      vertex 93.6376 44.9544 0
      vertex 93.5412 45.0122 0
    endloop
  endfacet
  facet normal 0.595588 0.80329 -0
    outer loop
      vertex 93.7281 44.8873 0
      vertex 93.6376 44.9544 1.8
      vertex 93.7281 44.8873 1.8
    endloop
  endfacet
  facet normal 0.595588 0.80329 0
    outer loop
      vertex 93.6376 44.9544 1.8
      vertex 93.7281 44.8873 0
      vertex 93.6376 44.9544 0
    endloop
  endfacet
  facet normal 0.671656 0.740863 -0
    outer loop
      vertex 93.8116 44.8116 0
      vertex 93.7281 44.8873 1.8
      vertex 93.8116 44.8116 1.8
    endloop
  endfacet
  facet normal 0.671656 0.740863 0
    outer loop
      vertex 93.7281 44.8873 1.8
      vertex 93.8116 44.8116 0
      vertex 93.7281 44.8873 0
    endloop
  endfacet
  facet normal 0.740863 0.671656 0
    outer loop
      vertex 93.8873 44.7281 1.8
      vertex 93.8116 44.8116 0
      vertex 93.8116 44.8116 1.8
    endloop
  endfacet
  facet normal 0.740863 0.671656 0
    outer loop
      vertex 93.8116 44.8116 0
      vertex 93.8873 44.7281 1.8
      vertex 93.8873 44.7281 0
    endloop
  endfacet
  facet normal 0.80329 0.595588 0
    outer loop
      vertex 93.9544 44.6376 1.8
      vertex 93.8873 44.7281 0
      vertex 93.8873 44.7281 1.8
    endloop
  endfacet
  facet normal 0.80329 0.595588 0
    outer loop
      vertex 93.8873 44.7281 0
      vertex 93.9544 44.6376 1.8
      vertex 93.9544 44.6376 0
    endloop
  endfacet
  facet normal 0.85765 0.514234 0
    outer loop
      vertex 94.0122 44.5412 1.8
      vertex 93.9544 44.6376 0
      vertex 93.9544 44.6376 1.8
    endloop
  endfacet
  facet normal 0.85765 0.514234 0
    outer loop
      vertex 93.9544 44.6376 0
      vertex 94.0122 44.5412 1.8
      vertex 94.0122 44.5412 0
    endloop
  endfacet
  facet normal 0.903973 0.427591 0
    outer loop
      vertex 94.0604 44.4393 1.8
      vertex 94.0122 44.5412 0
      vertex 94.0122 44.5412 1.8
    endloop
  endfacet
  facet normal 0.903973 0.427591 0
    outer loop
      vertex 94.0122 44.5412 0
      vertex 94.0604 44.4393 1.8
      vertex 94.0604 44.4393 0
    endloop
  endfacet
  facet normal 0.941541 0.336898 0
    outer loop
      vertex 94.0984 44.3331 1.8
      vertex 94.0604 44.4393 0
      vertex 94.0604 44.4393 1.8
    endloop
  endfacet
  facet normal 0.941541 0.336898 0
    outer loop
      vertex 94.0604 44.4393 0
      vertex 94.0984 44.3331 1.8
      vertex 94.0984 44.3331 0
    endloop
  endfacet
  facet normal 0.970143 0.242536 0
    outer loop
      vertex 94.1257 44.2239 1.8
      vertex 94.0984 44.3331 0
      vertex 94.0984 44.3331 1.8
    endloop
  endfacet
  facet normal 0.970143 0.242536 0
    outer loop
      vertex 94.0984 44.3331 0
      vertex 94.1257 44.2239 1.8
      vertex 94.1257 44.2239 0
    endloop
  endfacet
  facet normal 0.989208 0.146516 0
    outer loop
      vertex 94.1422 44.1125 1.8
      vertex 94.1257 44.2239 0
      vertex 94.1257 44.2239 1.8
    endloop
  endfacet
  facet normal 0.989208 0.146516 0
    outer loop
      vertex 94.1257 44.2239 0
      vertex 94.1422 44.1125 1.8
      vertex 94.1422 44.1125 0
    endloop
  endfacet
  facet normal 0.998779 0.0494006 0
    outer loop
      vertex 94.15 43.9548 1.8
      vertex 94.1422 44.1125 0
      vertex 94.1422 44.1125 1.8
    endloop
  endfacet
  facet normal 0.998779 0.0494006 0
    outer loop
      vertex 94.1422 44.1125 0
      vertex 94.15 43.9548 1.8
      vertex 94.15 43.9548 0
    endloop
  endfacet
  facet normal 1 -0 0
    outer loop
      vertex 94.15 -43.9548 1.8
      vertex 94.15 43.9548 0
      vertex 94.15 43.9548 1.8
    endloop
  endfacet
  facet normal 1 0 0
    outer loop
      vertex 94.15 43.9548 0
      vertex 94.15 -43.9548 1.8
      vertex 94.15 -43.9548 0
    endloop
  endfacet
  facet normal 0.998779 -0.0494006 0
    outer loop
      vertex 94.1422 -44.1125 1.8
      vertex 94.15 -43.9548 0
      vertex 94.15 -43.9548 1.8
    endloop
  endfacet
  facet normal 0.998779 -0.0494006 0
    outer loop
      vertex 94.15 -43.9548 0
      vertex 94.1422 -44.1125 1.8
      vertex 94.1422 -44.1125 0
    endloop
  endfacet
  facet normal 0.989208 -0.146516 0
    outer loop
      vertex 94.1257 -44.2239 1.8
      vertex 94.1422 -44.1125 0
      vertex 94.1422 -44.1125 1.8
    endloop
  endfacet
  facet normal 0.989208 -0.146516 0
    outer loop
      vertex 94.1422 -44.1125 0
      vertex 94.1257 -44.2239 1.8
      vertex 94.1257 -44.2239 0
    endloop
  endfacet
  facet normal 0.970143 -0.242536 0
    outer loop
      vertex 94.0984 -44.3331 1.8
      vertex 94.1257 -44.2239 0
      vertex 94.1257 -44.2239 1.8
    endloop
  endfacet
  facet normal 0.970143 -0.242536 0
    outer loop
      vertex 94.1257 -44.2239 0
      vertex 94.0984 -44.3331 1.8
      vertex 94.0984 -44.3331 0
    endloop
  endfacet
  facet normal 0.941541 -0.336898 0
    outer loop
      vertex 94.0604 -44.4393 1.8
      vertex 94.0984 -44.3331 0
      vertex 94.0984 -44.3331 1.8
    endloop
  endfacet
  facet normal 0.941541 -0.336898 0
    outer loop
      vertex 94.0984 -44.3331 0
      vertex 94.0604 -44.4393 1.8
      vertex 94.0604 -44.4393 0
    endloop
  endfacet
  facet normal 0.903973 -0.427591 0
    outer loop
      vertex 94.0122 -44.5412 1.8
      vertex 94.0604 -44.4393 0
      vertex 94.0604 -44.4393 1.8
    endloop
  endfacet
  facet normal 0.903973 -0.427591 0
    outer loop
      vertex 94.0604 -44.4393 0
      vertex 94.0122 -44.5412 1.8
      vertex 94.0122 -44.5412 0
    endloop
  endfacet
  facet normal 0.85765 -0.514234 0
    outer loop
      vertex 93.9544 -44.6376 1.8
      vertex 94.0122 -44.5412 0
      vertex 94.0122 -44.5412 1.8
    endloop
  endfacet
  facet normal 0.85765 -0.514234 0
    outer loop
      vertex 94.0122 -44.5412 0
      vertex 93.9544 -44.6376 1.8
      vertex 93.9544 -44.6376 0
    endloop
  endfacet
  facet normal 0.80329 -0.595588 0
    outer loop
      vertex 93.8873 -44.7281 1.8
      vertex 93.9544 -44.6376 0
      vertex 93.9544 -44.6376 1.8
    endloop
  endfacet
  facet normal 0.80329 -0.595588 0
    outer loop
      vertex 93.9544 -44.6376 0
      vertex 93.8873 -44.7281 1.8
      vertex 93.8873 -44.7281 0
    endloop
  endfacet
  facet normal 0.740863 -0.671656 0
    outer loop
      vertex 93.8116 -44.8116 1.8
      vertex 93.8873 -44.7281 0
      vertex 93.8873 -44.7281 1.8
    endloop
  endfacet
  facet normal 0.740863 -0.671656 0
    outer loop
      vertex 93.8873 -44.7281 0
      vertex 93.8116 -44.8116 1.8
      vertex 93.8116 -44.8116 0
    endloop
  endfacet
  facet normal 0.671656 -0.740863 0
    outer loop
      vertex 93.7281 -44.8873 0
      vertex 93.8116 -44.8116 1.8
      vertex 93.7281 -44.8873 1.8
    endloop
  endfacet
  facet normal 0.671656 -0.740863 0
    outer loop
      vertex 93.8116 -44.8116 1.8
      vertex 93.7281 -44.8873 0
      vertex 93.8116 -44.8116 0
    endloop
  endfacet
  facet normal 0.595588 -0.80329 0
    outer loop
      vertex 93.6376 -44.9544 0
      vertex 93.7281 -44.8873 1.8
      vertex 93.6376 -44.9544 1.8
    endloop
  endfacet
  facet normal 0.595588 -0.80329 0
    outer loop
      vertex 93.7281 -44.8873 1.8
      vertex 93.6376 -44.9544 0
      vertex 93.7281 -44.8873 0
    endloop
  endfacet
  facet normal 0.514234 -0.85765 0
    outer loop
      vertex 93.5412 -45.0122 0
      vertex 93.6376 -44.9544 1.8
      vertex 93.5412 -45.0122 1.8
    endloop
  endfacet
  facet normal 0.514234 -0.85765 0
    outer loop
      vertex 93.6376 -44.9544 1.8
      vertex 93.5412 -45.0122 0
      vertex 93.6376 -44.9544 0
    endloop
  endfacet
  facet normal 0.427591 -0.903973 0
    outer loop
      vertex 93.4393 -45.0604 0
      vertex 93.5412 -45.0122 1.8
      vertex 93.4393 -45.0604 1.8
    endloop
  endfacet
  facet normal 0.427591 -0.903973 0
    outer loop
      vertex 93.5412 -45.0122 1.8
      vertex 93.4393 -45.0604 0
      vertex 93.5412 -45.0122 0
    endloop
  endfacet
  facet normal 0.336898 -0.941541 0
    outer loop
      vertex 93.3331 -45.0984 0
      vertex 93.4393 -45.0604 1.8
      vertex 93.3331 -45.0984 1.8
    endloop
  endfacet
  facet normal 0.336898 -0.941541 0
    outer loop
      vertex 93.4393 -45.0604 1.8
      vertex 93.3331 -45.0984 0
      vertex 93.4393 -45.0604 0
    endloop
  endfacet
  facet normal 0.242536 -0.970143 0
    outer loop
      vertex 93.2239 -45.1257 0
      vertex 93.3331 -45.0984 1.8
      vertex 93.2239 -45.1257 1.8
    endloop
  endfacet
  facet normal 0.242536 -0.970143 0
    outer loop
      vertex 93.3331 -45.0984 1.8
      vertex 93.2239 -45.1257 0
      vertex 93.3331 -45.0984 0
    endloop
  endfacet
  facet normal 0.146516 -0.989208 0
    outer loop
      vertex 93.1125 -45.1422 0
      vertex 93.2239 -45.1257 1.8
      vertex 93.1125 -45.1422 1.8
    endloop
  endfacet
  facet normal 0.146516 -0.989208 0
    outer loop
      vertex 93.2239 -45.1257 1.8
      vertex 93.1125 -45.1422 0
      vertex 93.2239 -45.1257 0
    endloop
  endfacet
  facet normal 0.0494006 -0.998779 0
    outer loop
      vertex 92.9548 -45.15 0
      vertex 93.1125 -45.1422 1.8
      vertex 92.9548 -45.15 1.8
    endloop
  endfacet
  facet normal 0.0494006 -0.998779 0
    outer loop
      vertex 93.1125 -45.1422 1.8
      vertex 92.9548 -45.15 0
      vertex 93.1125 -45.1422 0
    endloop
  endfacet
  facet normal 0 -1 0
    outer loop
      vertex 20.7663 -45.15 0
      vertex 92.9548 -45.15 1.8
      vertex 20.7663 -45.15 1.8
    endloop
  endfacet
  facet normal 0 -1 -0
    outer loop
      vertex 92.9548 -45.15 1.8
      vertex 20.7663 -45.15 0
      vertex 92.9548 -45.15 0
    endloop
  endfacet
  facet normal -0.707107 -0.707107 0
    outer loop
      vertex 20.7663 -45.15 0
      vertex 7.85001 -32.2337 1.8
      vertex 7.85001 -32.2337 0
    endloop
  endfacet
  facet normal -0.707107 -0.707107 0
    outer loop
      vertex 7.85001 -32.2337 1.8
      vertex 20.7663 -45.15 0
      vertex 20.7663 -45.15 1.8
    endloop
  endfacet
  facet normal -1 0 0
    outer loop
      vertex 7.85001 -32.2337 0
      vertex 7.85001 43.9548 1.8
      vertex 7.85001 43.9548 0
    endloop
  endfacet
  facet normal -1 -0 0
    outer loop
      vertex 7.85001 43.9548 1.8
      vertex 7.85001 -32.2337 0
      vertex 7.85001 -32.2337 1.8
    endloop
  endfacet
  facet normal -0.998795 0.0490847 0
    outer loop
      vertex 7.85001 43.9548 0
      vertex 7.85776 44.1125 1.8
      vertex 7.85776 44.1125 0
    endloop
  endfacet
  facet normal -0.998795 0.0490847 0
    outer loop
      vertex 7.85776 44.1125 1.8
      vertex 7.85001 43.9548 0
      vertex 7.85001 43.9548 1.8
    endloop
  endfacet
  facet normal -0.989182 0.14669 0
    outer loop
      vertex 7.85776 44.1125 0
      vertex 7.87428 44.2239 1.8
      vertex 7.87428 44.2239 0
    endloop
  endfacet
  facet normal -0.989182 0.14669 0
    outer loop
      vertex 7.87428 44.2239 1.8
      vertex 7.85776 44.1125 0
      vertex 7.85776 44.1125 1.8
    endloop
  endfacet
  facet normal -0.970017 0.243037 0
    outer loop
      vertex 7.87428 44.2239 0
      vertex 7.90164 44.3331 1.8
      vertex 7.90164 44.3331 0
    endloop
  endfacet
  facet normal -0.970017 0.243037 0
    outer loop
      vertex 7.90164 44.3331 1.8
      vertex 7.87428 44.2239 0
      vertex 7.87428 44.2239 1.8
    endloop
  endfacet
  facet normal -0.941597 0.336741 0
    outer loop
      vertex 7.90164 44.3331 0
      vertex 7.93962 44.4393 1.8
      vertex 7.93962 44.4393 0
    endloop
  endfacet
  facet normal -0.941597 0.336741 0
    outer loop
      vertex 7.93962 44.4393 1.8
      vertex 7.90164 44.3331 0
      vertex 7.90164 44.3331 1.8
    endloop
  endfacet
  facet normal -0.904007 0.427518 0
    outer loop
      vertex 7.93962 44.4393 0
      vertex 7.98781 44.5412 1.8
      vertex 7.98781 44.5412 0
    endloop
  endfacet
  facet normal -0.904007 0.427518 0
    outer loop
      vertex 7.98781 44.5412 1.8
      vertex 7.93962 44.4393 0
      vertex 7.93962 44.4393 1.8
    endloop
  endfacet
  facet normal -0.857532 0.51443 0
    outer loop
      vertex 7.98781 44.5412 0
      vertex 8.04564 44.6376 1.8
      vertex 8.04564 44.6376 0
    endloop
  endfacet
  facet normal -0.857532 0.51443 0
    outer loop
      vertex 8.04564 44.6376 1.8
      vertex 7.98781 44.5412 0
      vertex 7.98781 44.5412 1.8
    endloop
  endfacet
  facet normal -0.803375 0.595474 0
    outer loop
      vertex 8.04564 44.6376 0
      vertex 8.11272 44.7281 1.8
      vertex 8.11272 44.7281 0
    endloop
  endfacet
  facet normal -0.803375 0.595474 0
    outer loop
      vertex 8.11272 44.7281 1.8
      vertex 8.04564 44.6376 0
      vertex 8.04564 44.6376 1.8
    endloop
  endfacet
  facet normal -0.740951 0.671559 0
    outer loop
      vertex 8.11272 44.7281 0
      vertex 8.1884 44.8116 1.8
      vertex 8.1884 44.8116 0
    endloop
  endfacet
  facet normal -0.740951 0.671559 0
    outer loop
      vertex 8.1884 44.8116 1.8
      vertex 8.11272 44.7281 0
      vertex 8.11272 44.7281 1.8
    endloop
  endfacet
  facet normal -0.671612 0.740903 0
    outer loop
      vertex 8.27191 44.8873 0
      vertex 8.1884 44.8116 1.8
      vertex 8.27191 44.8873 1.8
    endloop
  endfacet
  facet normal -0.671612 0.740903 0
    outer loop
      vertex 8.1884 44.8116 1.8
      vertex 8.27191 44.8873 0
      vertex 8.1884 44.8116 0
    endloop
  endfacet
  facet normal -0.595843 0.803101 0
    outer loop
      vertex 8.36235 44.9544 0
      vertex 8.27191 44.8873 1.8
      vertex 8.36235 44.9544 1.8
    endloop
  endfacet
  facet normal -0.595843 0.803101 0
    outer loop
      vertex 8.27191 44.8873 1.8
      vertex 8.36235 44.9544 0
      vertex 8.27191 44.8873 0
    endloop
  endfacet
  facet normal -0.513842 0.857885 0
    outer loop
      vertex 8.45885 45.0122 0
      vertex 8.36235 44.9544 1.8
      vertex 8.45885 45.0122 1.8
    endloop
  endfacet
  facet normal -0.513842 0.857885 0
    outer loop
      vertex 8.36235 44.9544 1.8
      vertex 8.45885 45.0122 0
      vertex 8.36235 44.9544 0
    endloop
  endfacet
  facet normal -0.427659 0.90394 0
    outer loop
      vertex 8.56073 45.0604 0
      vertex 8.45885 45.0122 1.8
      vertex 8.56073 45.0604 1.8
    endloop
  endfacet
  facet normal -0.427659 0.90394 0
    outer loop
      vertex 8.45885 45.0122 1.8
      vertex 8.56073 45.0604 0
      vertex 8.45885 45.0122 0
    endloop
  endfacet
  facet normal -0.33701 0.941501 0
    outer loop
      vertex 8.66689 45.0984 0
      vertex 8.56073 45.0604 1.8
      vertex 8.66689 45.0984 1.8
    endloop
  endfacet
  facet normal -0.33701 0.941501 0
    outer loop
      vertex 8.56073 45.0604 1.8
      vertex 8.66689 45.0984 0
      vertex 8.56073 45.0604 0
    endloop
  endfacet
  facet normal -0.242536 0.970143 0
    outer loop
      vertex 8.77609 45.1257 0
      vertex 8.66689 45.0984 1.8
      vertex 8.77609 45.1257 1.8
    endloop
  endfacet
  facet normal -0.242536 0.970143 0
    outer loop
      vertex 8.66689 45.0984 1.8
      vertex 8.77609 45.1257 0
      vertex 8.66689 45.0984 0
    endloop
  endfacet
  facet normal -0.146465 0.989216 0
    outer loop
      vertex 8.88753 45.1422 0
      vertex 8.77609 45.1257 1.8
      vertex 8.88753 45.1422 1.8
    endloop
  endfacet
  facet normal -0.146465 0.989216 0
    outer loop
      vertex 8.77609 45.1257 1.8
      vertex 8.88753 45.1422 0
      vertex 8.77609 45.1257 0
    endloop
  endfacet
  facet normal -0.0494194 0.998778 0
    outer loop
      vertex 9.04517 45.15 0
      vertex 8.88753 45.1422 1.8
      vertex 9.04517 45.15 1.8
    endloop
  endfacet
  facet normal -0.0494194 0.998778 0
    outer loop
      vertex 8.88753 45.1422 1.8
      vertex 9.04517 45.15 0
      vertex 8.88753 45.1422 0
    endloop
  endfacet
  facet normal 0 1 -0
    outer loop
      vertex 12.65 45.15 0
      vertex 9.04517 45.15 1.8
      vertex 12.65 45.15 1.8
    endloop
  endfacet
  facet normal 0 1 0
    outer loop
      vertex 9.04517 45.15 1.8
      vertex 12.65 45.15 0
      vertex 9.04517 45.15 0
    endloop
  endfacet
  facet normal 1 -0 0
    outer loop
      vertex 12.65 43.4546 1.8
      vertex 12.65 45.15 0
      vertex 12.65 45.15 1.8
    endloop
  endfacet
  facet normal 1 0 0
    outer loop
      vertex 12.65 45.15 0
      vertex 12.65 43.4546 1.8
      vertex 12.65 43.4546 0
    endloop
  endfacet
  facet normal 1 -0 0
    outer loop
      vertex 9.25 -31.6538 1.8
      vertex 9.25 43.75 0
      vertex 9.25 43.75 1.8
    endloop
  endfacet
  facet normal 1 0 0
    outer loop
      vertex 9.25 43.75 0
      vertex 9.25 -31.6538 1.8
      vertex 9.25 -31.6538 0
    endloop
  endfacet
  facet normal 0.707107 0.707107 0
    outer loop
      vertex 21.3462 -43.75 1.8
      vertex 9.25 -31.6538 0
      vertex 9.25 -31.6538 1.8
    endloop
  endfacet
  facet normal 0.707107 0.707107 0
    outer loop
      vertex 9.25 -31.6538 0
      vertex 21.3462 -43.75 1.8
      vertex 21.3462 -43.75 0
    endloop
  endfacet
  facet normal 0 1 -0
    outer loop
      vertex 92.75 -43.75 0
      vertex 21.3462 -43.75 1.8
      vertex 92.75 -43.75 1.8
    endloop
  endfacet
  facet normal 0 1 0
    outer loop
      vertex 21.3462 -43.75 1.8
      vertex 92.75 -43.75 0
      vertex 21.3462 -43.75 0
    endloop
  endfacet
  facet normal -1 0 0
    outer loop
      vertex 92.75 -43.75 0
      vertex 92.75 43.75 1.8
      vertex 92.75 43.75 0
    endloop
  endfacet
  facet normal -1 -0 0
    outer loop
      vertex 92.75 43.75 1.8
      vertex 92.75 -43.75 0
      vertex 92.75 -43.75 1.8
    endloop
  endfacet
  facet normal 0 -1 0
    outer loop
      vertex 88.684 43.75 0
      vertex 92.75 43.75 1.8
      vertex 88.684 43.75 1.8
    endloop
  endfacet
  facet normal 0 -1 -0
    outer loop
      vertex 92.75 43.75 1.8
      vertex 88.684 43.75 0
      vertex 92.75 43.75 0
    endloop
  endfacet
  facet normal 0.989243 -0.146279 0
    outer loop
      vertex 88.6722 43.6702 1.8
      vertex 88.684 43.75 0
      vertex 88.684 43.75 1.8
    endloop
  endfacet
  facet normal 0.989243 -0.146279 0
    outer loop
      vertex 88.684 43.75 0
      vertex 88.6722 43.6702 1.8
      vertex 88.6722 43.6702 0
    endloop
  endfacet
  facet normal 0.970016 -0.243043 0
    outer loop
      vertex 88.5707 43.2651 1.8
      vertex 88.6722 43.6702 0
      vertex 88.6722 43.6702 1.8
    endloop
  endfacet
  facet normal 0.970016 -0.243043 0
    outer loop
      vertex 88.6722 43.6702 0
      vertex 88.5707 43.2651 1.8
      vertex 88.5707 43.2651 0
    endloop
  endfacet
  facet normal 0.941557 -0.336852 0
    outer loop
      vertex 88.4301 42.8721 1.8
      vertex 88.5707 43.2651 0
      vertex 88.5707 43.2651 1.8
    endloop
  endfacet
  facet normal 0.941557 -0.336852 0
    outer loop
      vertex 88.5707 43.2651 0
      vertex 88.4301 42.8721 1.8
      vertex 88.4301 42.8721 0
    endloop
  endfacet
  facet normal 0.903943 -0.427654 0
    outer loop
      vertex 88.2516 42.4948 1.8
      vertex 88.4301 42.8721 0
      vertex 88.4301 42.8721 1.8
    endloop
  endfacet
  facet normal 0.903943 -0.427654 0
    outer loop
      vertex 88.4301 42.8721 0
      vertex 88.2516 42.4948 1.8
      vertex 88.2516 42.4948 0
    endloop
  endfacet
  facet normal 0.857768 -0.514038 0
    outer loop
      vertex 88.037 42.1367 1.8
      vertex 88.2516 42.4948 0
      vertex 88.2516 42.4948 1.8
    endloop
  endfacet
  facet normal 0.857768 -0.514038 0
    outer loop
      vertex 88.2516 42.4948 0
      vertex 88.037 42.1367 1.8
      vertex 88.037 42.1367 0
    endloop
  endfacet
  facet normal 0.803264 -0.595623 0
    outer loop
      vertex 87.7883 41.8013 1.8
      vertex 88.037 42.1367 0
      vertex 88.037 42.1367 1.8
    endloop
  endfacet
  facet normal 0.803264 -0.595623 0
    outer loop
      vertex 88.037 42.1367 0
      vertex 87.7883 41.8013 1.8
      vertex 87.7883 41.8013 0
    endloop
  endfacet
  facet normal 0.740991 -0.671515 0
    outer loop
      vertex 87.508 41.492 1.8
      vertex 87.7883 41.8013 0
      vertex 87.7883 41.8013 1.8
    endloop
  endfacet
  facet normal 0.740991 -0.671515 0
    outer loop
      vertex 87.7883 41.8013 0
      vertex 87.508 41.492 1.8
      vertex 87.508 41.492 0
    endloop
  endfacet
  facet normal 0.671515 -0.740991 0
    outer loop
      vertex 87.1987 41.2117 0
      vertex 87.508 41.492 1.8
      vertex 87.1987 41.2117 1.8
    endloop
  endfacet
  facet normal 0.671515 -0.740991 0
    outer loop
      vertex 87.508 41.492 1.8
      vertex 87.1987 41.2117 0
      vertex 87.508 41.492 0
    endloop
  endfacet
  facet normal 0.595623 -0.803264 0
    outer loop
      vertex 86.8633 40.963 0
      vertex 87.1987 41.2117 1.8
      vertex 86.8633 40.963 1.8
    endloop
  endfacet
  facet normal 0.595623 -0.803264 0
    outer loop
      vertex 87.1987 41.2117 1.8
      vertex 86.8633 40.963 0
      vertex 87.1987 41.2117 0
    endloop
  endfacet
  facet normal 0.514038 -0.857768 0
    outer loop
      vertex 86.5052 40.7484 0
      vertex 86.8633 40.963 1.8
      vertex 86.5052 40.7484 1.8
    endloop
  endfacet
  facet normal 0.514038 -0.857768 0
    outer loop
      vertex 86.8633 40.963 1.8
      vertex 86.5052 40.7484 0
      vertex 86.8633 40.963 0
    endloop
  endfacet
  facet normal 0.427654 -0.903943 0
    outer loop
      vertex 86.1279 40.5699 0
      vertex 86.5052 40.7484 1.8
      vertex 86.1279 40.5699 1.8
    endloop
  endfacet
  facet normal 0.427654 -0.903943 0
    outer loop
      vertex 86.5052 40.7484 1.8
      vertex 86.1279 40.5699 0
      vertex 86.5052 40.7484 0
    endloop
  endfacet
  facet normal 0.336852 -0.941557 0
    outer loop
      vertex 85.7349 40.4293 0
      vertex 86.1279 40.5699 1.8
      vertex 85.7349 40.4293 1.8
    endloop
  endfacet
  facet normal 0.336852 -0.941557 0
    outer loop
      vertex 86.1279 40.5699 1.8
      vertex 85.7349 40.4293 0
      vertex 86.1279 40.5699 0
    endloop
  endfacet
  facet normal 0.243043 -0.970016 0
    outer loop
      vertex 85.3298 40.3278 0
      vertex 85.7349 40.4293 1.8
      vertex 85.3298 40.3278 1.8
    endloop
  endfacet
  facet normal 0.243043 -0.970016 0
    outer loop
      vertex 85.7349 40.4293 1.8
      vertex 85.3298 40.3278 0
      vertex 85.7349 40.4293 0
    endloop
  endfacet
  facet normal 0.146618 -0.989193 0
    outer loop
      vertex 84.9169 40.2666 0
      vertex 85.3298 40.3278 1.8
      vertex 84.9169 40.2666 1.8
    endloop
  endfacet
  facet normal 0.146618 -0.989193 0
    outer loop
      vertex 85.3298 40.3278 1.8
      vertex 84.9169 40.2666 0
      vertex 85.3298 40.3278 0
    endloop
  endfacet
  facet normal 0.0491985 -0.998789 0
    outer loop
      vertex 84.5799 40.25 0
      vertex 84.9169 40.2666 1.8
      vertex 84.5799 40.25 1.8
    endloop
  endfacet
  facet normal 0.0491985 -0.998789 0
    outer loop
      vertex 84.9169 40.2666 1.8
      vertex 84.5799 40.25 0
      vertex 84.9169 40.2666 0
    endloop
  endfacet
  facet normal 0 -1 0
    outer loop
      vertex 81.4201 40.25 0
      vertex 84.5799 40.25 1.8
      vertex 81.4201 40.25 1.8
    endloop
  endfacet
  facet normal 0 -1 -0
    outer loop
      vertex 84.5799 40.25 1.8
      vertex 81.4201 40.25 0
      vertex 84.5799 40.25 0
    endloop
  endfacet
  facet normal -0.0491985 -0.998789 0
    outer loop
      vertex 81.0831 40.2666 0
      vertex 81.4201 40.25 1.8
      vertex 81.0831 40.2666 1.8
    endloop
  endfacet
  facet normal -0.0491985 -0.998789 -0
    outer loop
      vertex 81.4201 40.25 1.8
      vertex 81.0831 40.2666 0
      vertex 81.4201 40.25 0
    endloop
  endfacet
  facet normal -0.146618 -0.989193 0
    outer loop
      vertex 80.6702 40.3278 0
      vertex 81.0831 40.2666 1.8
      vertex 80.6702 40.3278 1.8
    endloop
  endfacet
  facet normal -0.146618 -0.989193 -0
    outer loop
      vertex 81.0831 40.2666 1.8
      vertex 80.6702 40.3278 0
      vertex 81.0831 40.2666 0
    endloop
  endfacet
  facet normal -0.243043 -0.970016 0
    outer loop
      vertex 80.2651 40.4293 0
      vertex 80.6702 40.3278 1.8
      vertex 80.2651 40.4293 1.8
    endloop
  endfacet
  facet normal -0.243043 -0.970016 -0
    outer loop
      vertex 80.6702 40.3278 1.8
      vertex 80.2651 40.4293 0
      vertex 80.6702 40.3278 0
    endloop
  endfacet
  facet normal -0.336852 -0.941557 0
    outer loop
      vertex 79.8721 40.5699 0
      vertex 80.2651 40.4293 1.8
      vertex 79.8721 40.5699 1.8
    endloop
  endfacet
  facet normal -0.336852 -0.941557 -0
    outer loop
      vertex 80.2651 40.4293 1.8
      vertex 79.8721 40.5699 0
      vertex 80.2651 40.4293 0
    endloop
  endfacet
  facet normal -0.427654 -0.903943 0
    outer loop
      vertex 79.4948 40.7484 0
      vertex 79.8721 40.5699 1.8
      vertex 79.4948 40.7484 1.8
    endloop
  endfacet
  facet normal -0.427654 -0.903943 -0
    outer loop
      vertex 79.8721 40.5699 1.8
      vertex 79.4948 40.7484 0
      vertex 79.8721 40.5699 0
    endloop
  endfacet
  facet normal -0.514038 -0.857768 0
    outer loop
      vertex 79.1367 40.963 0
      vertex 79.4948 40.7484 1.8
      vertex 79.1367 40.963 1.8
    endloop
  endfacet
  facet normal -0.514038 -0.857768 -0
    outer loop
      vertex 79.4948 40.7484 1.8
      vertex 79.1367 40.963 0
      vertex 79.4948 40.7484 0
    endloop
  endfacet
  facet normal -0.595623 -0.803264 0
    outer loop
      vertex 78.8013 41.2117 0
      vertex 79.1367 40.963 1.8
      vertex 78.8013 41.2117 1.8
    endloop
  endfacet
  facet normal -0.595623 -0.803264 -0
    outer loop
      vertex 79.1367 40.963 1.8
      vertex 78.8013 41.2117 0
      vertex 79.1367 40.963 0
    endloop
  endfacet
  facet normal -0.671515 -0.740991 0
    outer loop
      vertex 78.492 41.492 0
      vertex 78.8013 41.2117 1.8
      vertex 78.492 41.492 1.8
    endloop
  endfacet
  facet normal -0.671515 -0.740991 -0
    outer loop
      vertex 78.8013 41.2117 1.8
      vertex 78.492 41.492 0
      vertex 78.8013 41.2117 0
    endloop
  endfacet
  facet normal -0.740991 -0.671515 0
    outer loop
      vertex 78.492 41.492 0
      vertex 78.2117 41.8013 1.8
      vertex 78.2117 41.8013 0
    endloop
  endfacet
  facet normal -0.740991 -0.671515 0
    outer loop
      vertex 78.2117 41.8013 1.8
      vertex 78.492 41.492 0
      vertex 78.492 41.492 1.8
    endloop
  endfacet
  facet normal -0.803264 -0.595623 0
    outer loop
      vertex 78.2117 41.8013 0
      vertex 77.963 42.1367 1.8
      vertex 77.963 42.1367 0
    endloop
  endfacet
  facet normal -0.803264 -0.595623 0
    outer loop
      vertex 77.963 42.1367 1.8
      vertex 78.2117 41.8013 0
      vertex 78.2117 41.8013 1.8
    endloop
  endfacet
  facet normal -0.857768 -0.514038 0
    outer loop
      vertex 77.963 42.1367 0
      vertex 77.7484 42.4948 1.8
      vertex 77.7484 42.4948 0
    endloop
  endfacet
  facet normal -0.857768 -0.514038 0
    outer loop
      vertex 77.7484 42.4948 1.8
      vertex 77.963 42.1367 0
      vertex 77.963 42.1367 1.8
    endloop
  endfacet
  facet normal -0.903943 -0.427654 0
    outer loop
      vertex 77.7484 42.4948 0
      vertex 77.5699 42.8721 1.8
      vertex 77.5699 42.8721 0
    endloop
  endfacet
  facet normal -0.903943 -0.427654 0
    outer loop
      vertex 77.5699 42.8721 1.8
      vertex 77.7484 42.4948 0
      vertex 77.7484 42.4948 1.8
    endloop
  endfacet
  facet normal -0.941557 -0.336852 0
    outer loop
      vertex 77.5699 42.8721 0
      vertex 77.4293 43.2651 1.8
      vertex 77.4293 43.2651 0
    endloop
  endfacet
  facet normal -0.941557 -0.336852 0
    outer loop
      vertex 77.4293 43.2651 1.8
      vertex 77.5699 42.8721 0
      vertex 77.5699 42.8721 1.8
    endloop
  endfacet
  facet normal -0.970016 -0.243043 0
    outer loop
      vertex 77.4293 43.2651 0
      vertex 77.3278 43.6702 1.8
      vertex 77.3278 43.6702 0
    endloop
  endfacet
  facet normal -0.970016 -0.243043 0
    outer loop
      vertex 77.3278 43.6702 1.8
      vertex 77.4293 43.2651 0
      vertex 77.4293 43.2651 1.8
    endloop
  endfacet
  facet normal -0.989243 -0.146279 0
    outer loop
      vertex 77.3278 43.6702 0
      vertex 77.316 43.75 1.8
      vertex 77.316 43.75 0
    endloop
  endfacet
  facet normal -0.989243 -0.146279 0
    outer loop
      vertex 77.316 43.75 1.8
      vertex 77.3278 43.6702 0
      vertex 77.3278 43.6702 1.8
    endloop
  endfacet
  facet normal 0 -1 0
    outer loop
      vertex 26.75 43.75 0
      vertex 77.316 43.75 1.8
      vertex 26.75 43.75 1.8
    endloop
  endfacet
  facet normal 0 -1 -0
    outer loop
      vertex 77.316 43.75 1.8
      vertex 26.75 43.75 0
      vertex 77.316 43.75 0
    endloop
  endfacet
  facet normal 1 -0 0
    outer loop
      vertex 26.75 43.4202 1.8
      vertex 26.75 43.75 0
      vertex 26.75 43.75 1.8
    endloop
  endfacet
  facet normal 1 0 0
    outer loop
      vertex 26.75 43.75 0
      vertex 26.75 43.4202 1.8
      vertex 26.75 43.4202 0
    endloop
  endfacet
  facet normal 0.998794 -0.049094 0
    outer loop
      vertex 26.7262 42.936 1.8
      vertex 26.75 43.4202 0
      vertex 26.75 43.4202 1.8
    endloop
  endfacet
  facet normal 0.998794 -0.049094 0
    outer loop
      vertex 26.75 43.4202 0
      vertex 26.7262 42.936 1.8
      vertex 26.7262 42.936 0
    endloop
  endfacet
  facet normal 0.989192 -0.146626 0
    outer loop
      vertex 26.6434 42.3774 1.8
      vertex 26.7262 42.936 0
      vertex 26.7262 42.936 1.8
    endloop
  endfacet
  facet normal 0.989192 -0.146626 0
    outer loop
      vertex 26.7262 42.936 0
      vertex 26.6434 42.3774 1.8
      vertex 26.6434 42.3774 0
    endloop
  endfacet
  facet normal 0.969986 -0.243161 0
    outer loop
      vertex 26.5061 41.8297 1.8
      vertex 26.6434 42.3774 0
      vertex 26.6434 42.3774 1.8
    endloop
  endfacet
  facet normal 0.969986 -0.243161 0
    outer loop
      vertex 26.6434 42.3774 0
      vertex 26.5061 41.8297 1.8
      vertex 26.5061 41.8297 0
    endloop
  endfacet
  facet normal 0.941549 -0.336875 0
    outer loop
      vertex 26.3159 41.2981 1.8
      vertex 26.5061 41.8297 0
      vertex 26.5061 41.8297 1.8
    endloop
  endfacet
  facet normal 0.941549 -0.336875 0
    outer loop
      vertex 26.5061 41.8297 0
      vertex 26.3159 41.2981 1.8
      vertex 26.3159 41.2981 0
    endloop
  endfacet
  facet normal 0.90399 -0.427553 0
    outer loop
      vertex 26.0745 40.7877 1.8
      vertex 26.3159 41.2981 0
      vertex 26.3159 41.2981 1.8
    endloop
  endfacet
  facet normal 0.90399 -0.427553 0
    outer loop
      vertex 26.3159 41.2981 0
      vertex 26.0745 40.7877 1.8
      vertex 26.0745 40.7877 0
    endloop
  endfacet
  facet normal 0.857758 -0.514053 0
    outer loop
      vertex 25.7842 40.3033 1.8
      vertex 26.0745 40.7877 0
      vertex 26.0745 40.7877 1.8
    endloop
  endfacet
  facet normal 0.857758 -0.514053 0
    outer loop
      vertex 26.0745 40.7877 0
      vertex 25.7842 40.3033 1.8
      vertex 25.7842 40.3033 0
    endloop
  endfacet
  facet normal 0.803218 -0.595685 0
    outer loop
      vertex 25.4478 39.8497 1.8
      vertex 25.7842 40.3033 0
      vertex 25.7842 40.3033 1.8
    endloop
  endfacet
  facet normal 0.803218 -0.595685 0
    outer loop
      vertex 25.7842 40.3033 0
      vertex 25.4478 39.8497 1.8
      vertex 25.4478 39.8497 0
    endloop
  endfacet
  facet normal 0.740885 -0.671632 0
    outer loop
      vertex 25.0686 39.4314 1.8
      vertex 25.4478 39.8497 0
      vertex 25.4478 39.8497 1.8
    endloop
  endfacet
  facet normal 0.740885 -0.671632 0
    outer loop
      vertex 25.4478 39.8497 0
      vertex 25.0686 39.4314 1.8
      vertex 25.0686 39.4314 0
    endloop
  endfacet
  facet normal 0.671632 -0.740885 0
    outer loop
      vertex 24.6503 39.0522 0
      vertex 25.0686 39.4314 1.8
      vertex 24.6503 39.0522 1.8
    endloop
  endfacet
  facet normal 0.671632 -0.740885 0
    outer loop
      vertex 25.0686 39.4314 1.8
      vertex 24.6503 39.0522 0
      vertex 25.0686 39.4314 0
    endloop
  endfacet
  facet normal 0.595685 -0.803218 0
    outer loop
      vertex 24.1967 38.7158 0
      vertex 24.6503 39.0522 1.8
      vertex 24.1967 38.7158 1.8
    endloop
  endfacet
  facet normal 0.595685 -0.803218 0
    outer loop
      vertex 24.6503 39.0522 1.8
      vertex 24.1967 38.7158 0
      vertex 24.6503 39.0522 0
    endloop
  endfacet
  facet normal 0.514053 -0.857758 0
    outer loop
      vertex 23.7123 38.4255 0
      vertex 24.1967 38.7158 1.8
      vertex 23.7123 38.4255 1.8
    endloop
  endfacet
  facet normal 0.514053 -0.857758 0
    outer loop
      vertex 24.1967 38.7158 1.8
      vertex 23.7123 38.4255 0
      vertex 24.1967 38.7158 0
    endloop
  endfacet
  facet normal 0.427553 -0.90399 0
    outer loop
      vertex 23.2019 38.1841 0
      vertex 23.7123 38.4255 1.8
      vertex 23.2019 38.1841 1.8
    endloop
  endfacet
  facet normal 0.427553 -0.90399 0
    outer loop
      vertex 23.7123 38.4255 1.8
      vertex 23.2019 38.1841 0
      vertex 23.7123 38.4255 0
    endloop
  endfacet
  facet normal 0.336875 -0.941549 0
    outer loop
      vertex 22.6703 37.9939 0
      vertex 23.2019 38.1841 1.8
      vertex 22.6703 37.9939 1.8
    endloop
  endfacet
  facet normal 0.336875 -0.941549 0
    outer loop
      vertex 23.2019 38.1841 1.8
      vertex 22.6703 37.9939 0
      vertex 23.2019 38.1841 0
    endloop
  endfacet
  facet normal 0.243161 -0.969986 0
    outer loop
      vertex 22.1226 37.8566 0
      vertex 22.6703 37.9939 1.8
      vertex 22.1226 37.8566 1.8
    endloop
  endfacet
  facet normal 0.243161 -0.969986 0
    outer loop
      vertex 22.6703 37.9939 1.8
      vertex 22.1226 37.8566 0
      vertex 22.6703 37.9939 0
    endloop
  endfacet
  facet normal 0.146626 -0.989192 0
    outer loop
      vertex 21.564 37.7738 0
      vertex 22.1226 37.8566 1.8
      vertex 21.564 37.7738 1.8
    endloop
  endfacet
  facet normal 0.146626 -0.989192 0
    outer loop
      vertex 22.1226 37.8566 1.8
      vertex 21.564 37.7738 0
      vertex 22.1226 37.8566 0
    endloop
  endfacet
  facet normal 0.049094 -0.998794 0
    outer loop
      vertex 21.0798 37.75 0
      vertex 21.564 37.7738 1.8
      vertex 21.0798 37.75 1.8
    endloop
  endfacet
  facet normal 0.049094 -0.998794 0
    outer loop
      vertex 21.564 37.7738 1.8
      vertex 21.0798 37.75 0
      vertex 21.564 37.7738 0
    endloop
  endfacet
  facet normal 0 -1 0
    outer loop
      vertex 16.9202 37.75 0
      vertex 21.0798 37.75 1.8
      vertex 16.9202 37.75 1.8
    endloop
  endfacet
  facet normal 0 -1 -0
    outer loop
      vertex 21.0798 37.75 1.8
      vertex 16.9202 37.75 0
      vertex 21.0798 37.75 0
    endloop
  endfacet
  facet normal -0.049094 -0.998794 0
    outer loop
      vertex 16.436 37.7738 0
      vertex 16.9202 37.75 1.8
      vertex 16.436 37.7738 1.8
    endloop
  endfacet
  facet normal -0.049094 -0.998794 -0
    outer loop
      vertex 16.9202 37.75 1.8
      vertex 16.436 37.7738 0
      vertex 16.9202 37.75 0
    endloop
  endfacet
  facet normal -0.146626 -0.989192 0
    outer loop
      vertex 15.8774 37.8566 0
      vertex 16.436 37.7738 1.8
      vertex 15.8774 37.8566 1.8
    endloop
  endfacet
  facet normal -0.146626 -0.989192 -0
    outer loop
      vertex 16.436 37.7738 1.8
      vertex 15.8774 37.8566 0
      vertex 16.436 37.7738 0
    endloop
  endfacet
  facet normal -0.243161 -0.969986 0
    outer loop
      vertex 15.3297 37.9939 0
      vertex 15.8774 37.8566 1.8
      vertex 15.3297 37.9939 1.8
    endloop
  endfacet
  facet normal -0.243161 -0.969986 -0
    outer loop
      vertex 15.8774 37.8566 1.8
      vertex 15.3297 37.9939 0
      vertex 15.8774 37.8566 0
    endloop
  endfacet
  facet normal -0.336875 -0.941549 0
    outer loop
      vertex 14.7981 38.1841 0
      vertex 15.3297 37.9939 1.8
      vertex 14.7981 38.1841 1.8
    endloop
  endfacet
  facet normal -0.336875 -0.941549 -0
    outer loop
      vertex 15.3297 37.9939 1.8
      vertex 14.7981 38.1841 0
      vertex 15.3297 37.9939 0
    endloop
  endfacet
  facet normal -0.427553 -0.90399 0
    outer loop
      vertex 14.2877 38.4255 0
      vertex 14.7981 38.1841 1.8
      vertex 14.2877 38.4255 1.8
    endloop
  endfacet
  facet normal -0.427553 -0.90399 -0
    outer loop
      vertex 14.7981 38.1841 1.8
      vertex 14.2877 38.4255 0
      vertex 14.7981 38.1841 0
    endloop
  endfacet
  facet normal -0.514053 -0.857758 0
    outer loop
      vertex 13.8033 38.7158 0
      vertex 14.2877 38.4255 1.8
      vertex 13.8033 38.7158 1.8
    endloop
  endfacet
  facet normal -0.514053 -0.857758 -0
    outer loop
      vertex 14.2877 38.4255 1.8
      vertex 13.8033 38.7158 0
      vertex 14.2877 38.4255 0
    endloop
  endfacet
  facet normal -0.595685 -0.803218 0
    outer loop
      vertex 13.3497 39.0522 0
      vertex 13.8033 38.7158 1.8
      vertex 13.3497 39.0522 1.8
    endloop
  endfacet
  facet normal -0.595685 -0.803218 -0
    outer loop
      vertex 13.8033 38.7158 1.8
      vertex 13.3497 39.0522 0
      vertex 13.8033 38.7158 0
    endloop
  endfacet
  facet normal -0.671632 -0.740885 0
    outer loop
      vertex 12.9314 39.4314 0
      vertex 13.3497 39.0522 1.8
      vertex 12.9314 39.4314 1.8
    endloop
  endfacet
  facet normal -0.671632 -0.740885 -0
    outer loop
      vertex 13.3497 39.0522 1.8
      vertex 12.9314 39.4314 0
      vertex 13.3497 39.0522 0
    endloop
  endfacet
  facet normal -0.740885 -0.671632 0
    outer loop
      vertex 12.9314 39.4314 0
      vertex 12.5522 39.8497 1.8
      vertex 12.5522 39.8497 0
    endloop
  endfacet
  facet normal -0.740885 -0.671632 0
    outer loop
      vertex 12.5522 39.8497 1.8
      vertex 12.9314 39.4314 0
      vertex 12.9314 39.4314 1.8
    endloop
  endfacet
  facet normal -0.803218 -0.595685 0
    outer loop
      vertex 12.5522 39.8497 0
      vertex 12.2158 40.3033 1.8
      vertex 12.2158 40.3033 0
    endloop
  endfacet
  facet normal -0.803218 -0.595685 0
    outer loop
      vertex 12.2158 40.3033 1.8
      vertex 12.5522 39.8497 0
      vertex 12.5522 39.8497 1.8
    endloop
  endfacet
  facet normal -0.857758 -0.514053 0
    outer loop
      vertex 12.2158 40.3033 0
      vertex 11.9255 40.7877 1.8
      vertex 11.9255 40.7877 0
    endloop
  endfacet
  facet normal -0.857758 -0.514053 0
    outer loop
      vertex 11.9255 40.7877 1.8
      vertex 12.2158 40.3033 0
      vertex 12.2158 40.3033 1.8
    endloop
  endfacet
  facet normal -0.90399 -0.427553 0
    outer loop
      vertex 11.9255 40.7877 0
      vertex 11.6841 41.2981 1.8
      vertex 11.6841 41.2981 0
    endloop
  endfacet
  facet normal -0.90399 -0.427553 0
    outer loop
      vertex 11.6841 41.2981 1.8
      vertex 11.9255 40.7877 0
      vertex 11.9255 40.7877 1.8
    endloop
  endfacet
  facet normal -0.941549 -0.336875 0
    outer loop
      vertex 11.6841 41.2981 0
      vertex 11.4939 41.8297 1.8
      vertex 11.4939 41.8297 0
    endloop
  endfacet
  facet normal -0.941549 -0.336875 0
    outer loop
      vertex 11.4939 41.8297 1.8
      vertex 11.6841 41.2981 0
      vertex 11.6841 41.2981 1.8
    endloop
  endfacet
  facet normal -0.969986 -0.243161 0
    outer loop
      vertex 11.4939 41.8297 0
      vertex 11.3566 42.3774 1.8
      vertex 11.3566 42.3774 0
    endloop
  endfacet
  facet normal -0.969986 -0.243161 0
    outer loop
      vertex 11.3566 42.3774 1.8
      vertex 11.4939 41.8297 0
      vertex 11.4939 41.8297 1.8
    endloop
  endfacet
  facet normal -0.989192 -0.146626 0
    outer loop
      vertex 11.3566 42.3774 0
      vertex 11.2738 42.936 1.8
      vertex 11.2738 42.936 0
    endloop
  endfacet
  facet normal -0.989192 -0.146626 0
    outer loop
      vertex 11.2738 42.936 1.8
      vertex 11.3566 42.3774 0
      vertex 11.3566 42.3774 1.8
    endloop
  endfacet
  facet normal -0.998794 -0.049094 0
    outer loop
      vertex 11.2738 42.936 0
      vertex 11.25 43.4202 1.8
      vertex 11.25 43.4202 0
    endloop
  endfacet
  facet normal -0.998794 -0.049094 0
    outer loop
      vertex 11.25 43.4202 1.8
      vertex 11.2738 42.936 0
      vertex 11.2738 42.936 1.8
    endloop
  endfacet
  facet normal -1 0 0
    outer loop
      vertex 11.25 43.4202 0
      vertex 11.25 43.75 1.8
      vertex 11.25 43.75 0
    endloop
  endfacet
  facet normal -1 -0 0
    outer loop
      vertex 11.25 43.75 1.8
      vertex 11.25 43.4202 0
      vertex 11.25 43.4202 1.8
    endloop
  endfacet
  facet normal 0 -1 0
    outer loop
      vertex 9.25 43.75 0
      vertex 11.25 43.75 1.8
      vertex 9.25 43.75 1.8
    endloop
  endfacet
  facet normal 0 -1 -0
    outer loop
      vertex 11.25 43.75 1.8
      vertex 9.25 43.75 0
      vertex 11.25 43.75 0
    endloop
  endfacet
endsolid OpenSCAD_Model
